id,level,word,article,plural,translation,example,partOfSpeech,topic,tags,lessonId
A1_v001,A1,Hallo,,,hello,Hallo: hello,other,Greetings,a1,A1_lesson_1
A1_v002,A1,Tschuss,,,bye,Tschuss: bye,other,Greetings,a1,A1_lesson_19
A1_v003,A1,Guten Morgen,,,good morning,Guten Morgen: good morning,other,Greetings,a1,A1_lesson_1
A1_v004,A1,Guten Abend,,,good evening,Guten Abend: good evening,other,Greetings,a1,A1_lesson_19
A1_v005,A1,Gute Nacht,,,good night,Gute Nacht: good night,other,Greetings,a1,A1_lesson_1
A1_v006,A1,Auf Wiedersehen,,,goodbye,Auf Wiedersehen: goodbye,other,Greetings,a1,A1_lesson_19
A1_v007,A1,Bitte,,,please,Bitte: please,other,Greetings,a1,A1_lesson_1
A1_v008,A1,Danke,,,thanks,Danke: thanks,other,Greetings,a1,A1_lesson_19
A1_v009,A1,Entschuldigung,,,excuse me,Entschuldigung: excuse me,other,Greetings,a1,A1_lesson_1
A1_v010,A1,Ja,,,yes,Ja: yes,other,Greetings,a1,A1_lesson_19
A1_v011,A1,Nein,,,no,Nein: no,other,Greetings,a1,A1_lesson_1
A1_v012,A1,Vater,der,die Väter,father,der Vater: father,noun,Family,a1,A1_lesson_3
A1_v013,A1,Mutter,die,die Mutter,mother,die Mutter: mother,noun,Family,a1,A1_lesson_13
A1_v014,A1,Bruder,der,die Brüder,brother,der Bruder: brother,noun,Family,a1,A1_lesson_3
A1_v015,A1,Schwester,die,die Schwester,sister,die Schwester: sister,noun,Family,a1,A1_lesson_13
A1_v016,A1,Sohn,der,die Söhne,son,der Sohn: son,noun,Family,a1,A1_lesson_3
A1_v017,A1,Tochter,die,die Tochter,daughter,die Tochter: daughter,noun,Family,a1,A1_lesson_13
A1_v018,A1,Grossvater,der,die Grossväter,grandfather,der Grossvater: grandfather,noun,Family,a1,A1_lesson_3
A1_v019,A1,Grossmutter,die,die Grossmutter,grandmother,die Grossmutter: grandmother,noun,Family,a1,A1_lesson_13
A1_v020,A1,Onkel,der,die Onkel,uncle,der Onkel: uncle,noun,Family,a1,A1_lesson_3
A1_v021,A1,Tante,die,die Tante,aunt,die Tante: aunt,noun,Family,a1,A1_lesson_13
A1_v022,A1,null,,,zero,null: zero,other,Numbers,a1,A1_lesson_2
A1_v023,A1,eins,,,one,eins: one,other,Numbers,a1,A1_lesson_24
A1_v024,A1,zwei,,,two,zwei: two,other,Numbers,a1,A1_lesson_2
A1_v025,A1,drei,,,three,drei: three,other,Numbers,a1,A1_lesson_24
A1_v026,A1,vier,,,four,vier: four,other,Numbers,a1,A1_lesson_2
A1_v027,A1,funf,,,five,funf: five,other,Numbers,a1,A1_lesson_24
A1_v028,A1,sechs,,,six,sechs: six,other,Numbers,a1,A1_lesson_2
A1_v029,A1,sieben,,,seven,sieben: seven,other,Numbers,a1,A1_lesson_24
A1_v030,A1,acht,,,eight,acht: eight,other,Numbers,a1,A1_lesson_2
A1_v031,A1,neun,,,nine,neun: nine,other,Numbers,a1,A1_lesson_24
A1_v032,A1,rot,,,red,rot: red,other,Colors,a1,A1_lesson_12
A1_v033,A1,blau,,,blue,blau: blue,other,Colors,a1,A1_lesson_12
A1_v034,A1,grun,,,green,grun: green,other,Colors,a1,A1_lesson_12
A1_v035,A1,gelb,,,yellow,gelb: yellow,other,Colors,a1,A1_lesson_12
A1_v036,A1,schwarz,,,black,schwarz: black,other,Colors,a1,A1_lesson_12
A1_v037,A1,weiss,,,white,weiss: white,other,Colors,a1,A1_lesson_12
A1_v038,A1,grau,,,gray,grau: gray,other,Colors,a1,A1_lesson_12
A1_v039,A1,braun,,,brown,braun: brown,other,Colors,a1,A1_lesson_12
A1_v040,A1,orange,,,orange,orange: orange,other,Colors,a1,A1_lesson_12
A1_v041,A1,lila,,,purple,lila: purple,other,Colors,a1,A1_lesson_12
A1_v042,A1,Brot,das,die Brote,bread,das Brot: bread,noun,Food,a1,A1_lesson_4
A1_v043,A1,Milch,die,die Milch,milk,die Milch: milk,noun,Food,a1,A1_lesson_9
A1_v044,A1,Kase,der,die Käse,cheese,der Kase: cheese,noun,Food,a1,A1_lesson_10
A1_v045,A1,Butter,die,die Butter,butter,die Butter: butter,noun,Food,a1,A1_lesson_20
A1_v046,A1,Ei,das,die Eier,egg,das Ei: egg,noun,Food,a1,A1_lesson_4
A1_v047,A1,Apfel,der,die Äpfel,apple,der Apfel: apple,noun,Food,a1,A1_lesson_9
A1_v048,A1,Banane,die,die Banane,banana,die Banane: banana,noun,Food,a1,A1_lesson_10
A1_v049,A1,Tomate,die,die Tomate,tomato,die Tomate: tomato,noun,Food,a1,A1_lesson_20
A1_v050,A1,Reis,der,Reise,rice,der Reis: rice,noun,Food,a1,A1_lesson_4
A1_v051,A1,Nudeln,die,die Nudeln,pasta,die Nudeln: pasta,noun,Food,a1,A1_lesson_9
A1_v052,A1,Kopf,der,die Köpfe,head,der Kopf: head,noun,Body,a1,A1_lesson_16
A1_v053,A1,Auge,das,die Augen,eye,das Auge: eye,noun,Body,a1,A1_lesson_16
A1_v054,A1,Nase,die,die Nase,nose,die Nase: nose,noun,Body,a1,A1_lesson_16
A1_v055,A1,Mund,der,die Münder,mouth,der Mund: mouth,noun,Body,a1,A1_lesson_16
A1_v056,A1,Ohr,das,die Ohren,ear,das Ohr: ear,noun,Body,a1,A1_lesson_16
A1_v057,A1,Arm,der,die Arme,arm,der Arm: arm,noun,Body,a1,A1_lesson_16
A1_v058,A1,Hand,die,die Hand,hand,die Hand: hand,noun,Body,a1,A1_lesson_16
A1_v059,A1,Bein,das,die Beine,leg,das Bein: leg,noun,Body,a1,A1_lesson_16
A1_v060,A1,Fuss,der,die Füsse,foot,der Fuss: foot,noun,Body,a1,A1_lesson_16
A1_v061,A1,Rucken,der,die Rücken,back,der Rucken: back,noun,Body,a1,A1_lesson_16
A1_v062,A1,heute,,,today,heute: today,other,Time,a1,A1_lesson_6
A1_v063,A1,morgen,der,,tomorrow,morgen: tomorrow,other,Time,a1,A1_lesson_7
A1_v064,A1,gestern,,,yesterday,gestern: yesterday,other,Time,a1,A1_lesson_6
A1_v065,A1,jetzt,,,now,jetzt: now,other,Time,a1,A1_lesson_7
A1_v066,A1,fruh,,,early,fruh: early,other,Time,a1,A1_lesson_6
A1_v067,A1,spat,,,late,spat: late,other,Time,a1,A1_lesson_7
A1_v069,A1,Mittag,der,die Mittage,noon,der Mittag: noon,noun,Time,a1,A1_lesson_7
A1_v070,A1,Abend,der,die Abende,evening,der Abend: evening,noun,Time,a1,A1_lesson_6
A1_v071,A1,Nacht,die,die Nacht,night,die Nacht: night,noun,Time,a1,A1_lesson_7
A1_v072,A1,sein,,,to be,sein: to be,other,Verbs A1,a1,A1_lesson_15
A1_v073,A1,haben,,,to have,haben: to have,other,Verbs A1,a1,A1_lesson_1
A1_v074,A1,werden,,,to become,werden: to become,other,Verbs A1,a1,A1_lesson_8
A1_v075,A1,konnen,,,can,konnen: can,other,Verbs A1,a1,A1_lesson_23
A1_v076,A1,mussen,,,must,mussen: must,other,Verbs A1,a1,A1_lesson_15
A1_v077,A1,wollen,,,to want,wollen: to want,other,Verbs A1,a1,A1_lesson_1
A1_v078,A1,gehen,,,to go,gehen: to go,other,Verbs A1,a1,A1_lesson_8
A1_v079,A1,kommen,,,to come,kommen: to come,other,Verbs A1,a1,A1_lesson_23
A1_v080,A1,sprechen,,,to speak,sprechen: to speak,other,Verbs A1,a1,A1_lesson_15
A1_v081,A1,lesen,,,to read,lesen: to read,other,Verbs A1,a1,A1_lesson_1
A1_vocab_501,A1,Arzt,der,die Ärzte,doctor,Der Arzt hat heute Nachmittag Sprechstunde.,noun,Medical,a1;medical,A1_lesson_16
A1_vocab_502,A1,Krankenhaus,das,die Krankenhäuser,hospital,Das Krankenhaus ist ganz in der Nahe.,noun,Medical,a1;medical,A1_lesson_16
A1_vocab_503,A1,Apotheke,die,die Apotheken,pharmacy,Die Apotheke hat bis 18 Uhr geoffnet.,noun,Medical,a1;medical,A1_lesson_16
A1_vocab_504,A1,Termin,der,die Termine,appointment,Ich habe morgen einen Termin beim Arzt.,noun,Medical,a1;medical,A1_lesson_16
A1_vocab_505,A1,Schmerzen,die,Schmerzen,pain,die Schmerzen ist ein wichtiger Begriff.,noun,Medical,a1;medical,A1_lesson_16
A1_vocab_506,A1,Arbeit,die,die Arbeiten,work,die Arbeit ist ein wichtiger Begriff.,noun,Daily Life,a1,A1_lesson_15
A1_vocab_507,A1,Frühstück,das,,breakfast,das Frühstück ist ein wichtiger Begriff.,noun,Food,a1,A1_lesson_4
A1_vocab_508,A1,Bahnhof,der,die Bahnhöfe,train station,der Bahnhof ist ein wichtiger Begriff.,noun,Travel,a1,A1_lesson_21
A1_vocab_509,A1,Bushaltestelle,die,die Bushaltestellen,bus stop,die Bushaltestelle ist ein wichtiger Begriff.,noun,Travel,a1,A1_lesson_5
A1_vocab_510,A1,Wetter,das,Wetter,weather,das Wetter ist ein wichtiger Begriff.,noun,Nature,a1,A1_lesson_11
A1_vocab_511,A1,Familie,die,die Familien,family,die Familie ist ein wichtiger Begriff.,noun,People,a1,A1_lesson_3
A1_vocab_512,A1,Freund,der,die Freunde,friend,der Freund ist ein wichtiger Begriff.,noun,People,a1,A1_lesson_13
A1_vocab_513,A1,Schule,die,die Schulen,school,die Schule ist ein wichtiger Begriff.,noun,Education,a1,A1_lesson_25
A1_vocab_514,A1,Buch,das,die Bücher,book,das Buch ist ein wichtiger Begriff.,noun,Education,a1,A1_lesson_25
A1_vocab_515,A1,Zeit,die,die Zeiten,time,die Zeit ist ein wichtiger Begriff.,noun,General,a1,A1_lesson_1
A1_vocab_516,A1,Tag,der,die Tage,day,der Tag ist ein wichtiger Begriff.,noun,General,a1,A1_lesson_19
A1_vocab_517,A1,Woche,die,die Wochen,week,die Woche ist ein wichtiger Begriff.,noun,General,a1,A1_lesson_22
A1_vocab_518,A1,Farbe,die,die Farben,color,die Farbe ist ein wichtiger Begriff.,noun,Descriptions,a1,A1_lesson_12
A1_vocab_519,A1,Stadt,die,die Städte,city,die Stadt ist ein wichtiger Begriff.,noun,Places,a1,A1_lesson_18
A1_vocab_520,A1,Wasser,das,Wasser,water,das Wasser ist ein wichtiger Begriff.,noun,Food,a1,A1_lesson_9
A1_v082,A1,Tschuess,,,bye,Tschuess bis morgen,other,Greetings,a1,A1_lesson_1
A1_v083,A1,Willkommen,,,welcome,Willkommen in Deutschland,other,Greetings,a1,A1_lesson_1
A1_v084,A1,Name,der,die Namen,name,Mein Name ist Anna,noun,Personal Info,a1,A1_lesson_1
A1_v085,A1,Vorname,der,die Vornamen,first name,Was ist Ihr Vorname,noun,Personal Info,a1,A1_lesson_1
A1_v086,A1,Nachname,der,die Nachnamen,last name,Mein Nachname ist Mueller,noun,Personal Info,a1,A1_lesson_1
A1_v087,A1,Alter,das,Alter,age,Mein Alter ist 25,noun,Personal Info,a1,A1_lesson_1
A1_v088,A1,Adresse,die,die Adressen,address,Meine Adresse ist Hauptstrasse 10,noun,Personal Info,a1,A1_lesson_22
A1_v089,A1,Telefonnummer,die,die Telefonnummern,phone number,Meine Telefonnummer ist 0176 1234,noun,Personal Info,a1,A1_lesson_22
A1_v090,A1,Geburtsdatum,das,die Geburtsdaten,date of birth,Mein Geburtsdatum ist der 1 Mai,noun,Personal Info,a1,A1_lesson_1
A1_v091,A1,Geburtstag,der,die Geburtstage,birthday,Wann ist dein Geburtstag,noun,Personal Info,a1,A1_lesson_1
A1_v092,A1,Deutschland,das,,Germany,Deutschland ist in Europa,noun,Countries,a1,A1_lesson_19
A1_v093,A1,Frankreich,das,,France,Frankreich liegt in Europa,noun,Countries,a1,A1_lesson_19
A1_v094,A1,Italien,das,,Italy,Italien hat gutes Essen,noun,Countries,a1,A1_lesson_19
A1_v095,A1,Spanien,das,,Spain,Spanien hat schoene Straende,noun,Countries,a1,A1_lesson_19
A1_v096,A1,Tuerkei,die,,Turkey,Die Tuerkei liegt in Asien,noun,Countries,a1,A1_lesson_19
A1_v097,A1,England,das,,England,England hat viel Regen,noun,Countries,a1,A1_lesson_19
A1_v098,A1,Oesterreich,das,,Austria,Oesterreich liegt suedlich von Deutschland,noun,Countries,a1,A1_lesson_19
A1_v099,A1,Schweiz,die,,Switzerland,Die Schweiz hat Berge,noun,Countries,a1,A1_lesson_19
A1_v100,A1,Deutsch,das,,German,Deutsch ist eine schoene Sprache,noun,Languages,a1,A1_lesson_19
A1_v101,A1,Englisch,das,,English,Englisch ist wichtig,noun,Languages,a1,A1_lesson_19
A1_v102,A1,Franzoesisch,das,,French,Franzoesisch klingt schoen,noun,Languages,a1,A1_lesson_19
A1_v103,A1,Spanisch,das,,Spanish,Spanisch ist in vielen Laendern,noun,Languages,a1,A1_lesson_19
A1_v104,A1,Sprache,die,die Sprachen,language,Welche Sprache sprichst du,noun,Languages,a1,A1_lesson_19
A1_v105,A1,fuenf,,,five,Fuenf Minuten bitte,number,Numbers,a1,A1_lesson_2
A1_v106,A1,zehn,,,ten,Zehn Minuten Pause,number,Numbers,a1,A1_lesson_2
A1_v107,A1,elf,,,eleven,Elf Kinder spielen,number,Numbers,a1,A1_lesson_2
A1_v108,A1,zwoelf,,,twelve,Zwoelf Monate sind ein Jahr,number,Numbers,a1,A1_lesson_2
A1_v109,A1,zwanzig,,,twenty,Zwanzig Euro bitte,number,Numbers,a1,A1_lesson_2
A1_v110,A1,dreissig,,,thirty,Dreissig Minuten warten,number,Numbers,a1,A1_lesson_2
A1_v111,A1,hundert,,,hundred,Hundert Euro ist viel,number,Numbers,a1,A1_lesson_2
A1_v112,A1,Montag,der,die Montage,Monday,Montag ist der erste Tag,noun,Days,a1,A1_lesson_7
A1_v113,A1,Dienstag,der,die Dienstage,Tuesday,Dienstag habe ich Termin,noun,Days,a1,A1_lesson_7
A1_v114,A1,Mittwoch,der,die Mittwoche,Wednesday,Mittwoch ist Mitte der Woche,noun,Days,a1,A1_lesson_7
A1_v115,A1,Donnerstag,der,die Donnerstage,Thursday,Donnerstag habe ich frei,noun,Days,a1,A1_lesson_7
A1_v116,A1,Freitag,der,die Freitage,Friday,Freitag gehe ich einkaufen,noun,Days,a1,A1_lesson_7
A1_v117,A1,Samstag,der,die Samstage,Saturday,Samstag ist Wochenende,noun,Days,a1,A1_lesson_7
A1_v118,A1,Sonntag,der,die Sonntage,Sunday,Sonntag ist Ruhetag,noun,Days,a1,A1_lesson_7
A1_v119,A1,Wochenende,das,die Wochenenden,weekend,Am Wochenende bin ich frei,noun,Days,a1,A1_lesson_7
A1_v120,A1,Monat,der,die Monate,month,Ein Monat hat 30 Tage,noun,Months,a1,A1_lesson_7
A1_v121,A1,Januar,der,,January,Januar ist kalt,noun,Months,a1,A1_lesson_7
A1_v122,A1,Februar,der,,February,Februar hat 28 Tage,noun,Months,a1,A1_lesson_7
A1_v123,A1,Maerz,der,,March,Im Maerz wird es warm,noun,Months,a1,A1_lesson_7
A1_v124,A1,April,der,,April,April ist wechselhaft,noun,Months,a1,A1_lesson_7
A1_v125,A1,Mai,der,,May,Der Mai ist schoen,noun,Months,a1,A1_lesson_7
A1_v126,A1,Juni,der,,June,Der Juni ist warm,noun,Months,a1,A1_lesson_7
A1_v127,A1,Juli,der,,July,Der Juli ist heiss,noun,Months,a1,A1_lesson_7
A1_v128,A1,August,der,,August,Im August habe ich Urlaub,noun,Months,a1,A1_lesson_7
A1_v129,A1,September,der,,September,September ist mild,noun,Months,a1,A1_lesson_7
A1_v130,A1,Oktober,der,,October,Im Oktober ist Herbst,noun,Months,a1,A1_lesson_7
A1_v131,A1,November,der,,November,November ist regnerisch,noun,Months,a1,A1_lesson_7
A1_v132,A1,Dezember,der,,December,Im Dezember ist Weihnachten,noun,Months,a1,A1_lesson_7
A1_v133,A1,Uhr,die,die Uhren,clock,Die Uhr zeigt zehn Uhr,noun,Time,a1,A1_lesson_6
A1_v134,A1,Stunde,die,die Stunden,hour,Eine Stunde hat 60 Minuten,noun,Time,a1,A1_lesson_6
A1_v135,A1,Minute,die,die Minuten,minute,Eine Minute hat 60 Sekunden,noun,Time,a1,A1_lesson_6
A1_v136,A1,spaet,,,late,Der Zug kommt spaet,adverb,Time,a1,A1_lesson_6
A1_v137,A1,frueh,,,early,Wir treffen uns frueh,adverb,Time,a1,A1_lesson_6
A1_v138,A1,Jahr,das,die Jahre,year,Ein Jahr hat 12 Monate,noun,Time,a1,A1_lesson_7
A1_v139,A1,Eltern,die,,parents,Meine Eltern sind zu Hause,noun,Family,a1,A1_lesson_3
A1_v140,A1,Opa,der,die Opas,grandpa,Mein Opa erzaehlt gern,noun,Family,a1,A1_lesson_3
A1_v141,A1,Oma,die,die Omas,grandma,Meine Oma backt Kuchen,noun,Family,a1,A1_lesson_3
A1_v142,A1,Geschwister,die,,siblings,Ich habe zwei Geschwister,noun,Family,a1,A1_lesson_3
A1_v143,A1,Kind,das,die Kinder,child,Das Kind spielt im Garten,noun,Family,a1,A1_lesson_3
A1_v144,A1,Mann,der,die Maenner,man,Der Mann ist mein Vater,noun,Family,a1,A1_lesson_3
A1_v145,A1,Frau,die,die Frauen,woman,Die Frau ist meine Mutter,noun,Family,a1,A1_lesson_3
A1_v146,A1,Aerztin,die,die Aerztinnen,doctor f,Die Aerztin untersucht mich,noun,Jobs,a1,A1_lesson_16
A1_v147,A1,Lehrer,der,die Lehrer,teacher,Der Lehrer erklaert die Regel,noun,Jobs,a1,A1_lesson_19
A1_v148,A1,Lehrerin,die,die Lehrerinnen,teacher f,Die Lehrerin ist nett,noun,Jobs,a1,A1_lesson_19
A1_v149,A1,Student,der,die Studenten,student m,Der Student lernt Medizin,noun,Jobs,a1,A1_lesson_19
A1_v150,A1,Studentin,die,die Studentinnen,student f,Die Studentin lernt viel,noun,Jobs,a1,A1_lesson_19
A1_v151,A1,Beruf,der,die Berufe,profession,Mein Beruf ist Arzt,noun,Jobs,a1,A1_lesson_19
A1_v152,A1,Krankenschwester,die,die Krankenschwestern,nurse,Die Krankenschwester hilft mir,noun,Jobs,a1,A1_lesson_16
A1_v153,A1,Polizist,der,die Polizisten,police officer,Der Polizist regelt den Verkehr,noun,Jobs,a1,A1_lesson_19
A1_v154,A1,Verkaufer,der,die Verkaufer,sales assistant,Der Verkaufer hilft mir,noun,Jobs,a1,A1_lesson_19
A1_v155,A1,Apotheker,der,die Apotheker,pharmacist,Der Apotheker gibt mir Tabletten,noun,Jobs,a1,A1_lesson_18
A1_v156,A1,Haus,das,die Haeuser,house,Das Haus ist gross,noun,Home,a1,A1_lesson_14
A1_v157,A1,Wohnung,die,die Wohnungen,apartment,Meine Wohnung ist im Zentrum,noun,Home,a1,A1_lesson_14
A1_v158,A1,Zimmer,das,die Zimmer,room,Das Zimmer ist hell,noun,Home,a1,A1_lesson_14
A1_v159,A1,Wohnzimmer,das,die Wohnzimmer,living room,Das Wohnzimmer hat ein Sofa,noun,Home,a1,A1_lesson_14
A1_v160,A1,Schlafzimmer,das,die Schlafzimmer,bedroom,Mein Schlafzimmer ist klein,noun,Home,a1,A1_lesson_14
A1_v161,A1,Kueche,die,die Kuechen,kitchen,In der Kueche koche ich,noun,Home,a1,A1_lesson_14
A1_v162,A1,Bad,das,die Baeder,bathroom,Das Bad hat eine Dusche,noun,Home,a1,A1_lesson_14
A1_v163,A1,Balkon,der,die Balkone,balcony,Der Balkon hat Blumen,noun,Home,a1,A1_lesson_14
A1_v164,A1,Garten,der,die Gaerten,garden,Im Garten spielen die Kinder,noun,Home,a1,A1_lesson_14
A1_v165,A1,Tuer,die,die Tueren,door,Die Tuer ist offen,noun,Home,a1,A1_lesson_14
A1_v166,A1,Fenster,das,die Fenster,window,Das Fenster ist zu,noun,Home,a1,A1_lesson_14
A1_v167,A1,Tisch,der,die Tische,table,Der Tisch ist aus Holz,noun,Furniture,a1,A1_lesson_14
A1_v168,A1,Stuhl,der,die Stuehle,chair,Der Stuhl ist bequem,noun,Furniture,a1,A1_lesson_14
A1_v169,A1,Bett,das,die Betten,bed,Mein Bett ist gross,noun,Furniture,a1,A1_lesson_14
A1_v170,A1,Schrank,der,die Schraenke,wardrobe,Im Schrank sind Kleider,noun,Furniture,a1,A1_lesson_14
A1_v171,A1,Sofa,das,die Sofas,sofa,Das Sofa ist bequem,noun,Furniture,a1,A1_lesson_14
A1_v172,A1,Regal,das,die Regale,shelf,Im Regal stehen Buecher,noun,Furniture,a1,A1_lesson_14
A1_v173,A1,Lampe,die,die Lampen,lamp,Die Lampe leuchtet,noun,Furniture,a1,A1_lesson_14
A1_v174,A1,aufstehen,,,to get up,Ich stehe um sieben auf,verb,Daily Routine,a1,A1_lesson_15
A1_v175,A1,duschen,,,to shower,Ich dusche morgens,verb,Daily Routine,a1,A1_lesson_15
A1_v176,A1,fruehstuecken,,,to have breakfast,Wir fruehstuecken um acht,verb,Daily Routine,a1,A1_lesson_15
A1_v177,A1,arbeiten,,,to work,Ich arbeite im Krankenhaus,verb,Daily Routine,a1,A1_lesson_15
A1_v178,A1,Pause,die,die Pausen,break,Die Pause dauert 30 Minuten,noun,Daily Routine,a1,A1_lesson_15
A1_v179,A1,machen,,,to do,Was machst du heute,verb,Daily Routine,a1,A1_lesson_15
A1_v180,A1,sagen,,,to say,Er sagt hallo,verb,Daily Routine,a1,A1_lesson_15
A1_v181,A1,waschen,,,to wash,Ich wasche meine Haende,verb,Daily Routine,a1,A1_lesson_15
A1_v182,A1,anziehen,,,to get dressed,Ich ziehe mich an,verb,Daily Routine,a1,A1_lesson_15
A1_v183,A1,schlafen,,,to sleep,Ich schlafe acht Stunden,verb,Daily Routine,a1,A1_lesson_15
A1_v184,A1,Fleisch,das,,meat,Das Fleisch ist gut,noun,Food,a1,A1_lesson_4
A1_v185,A1,Fisch,der,die Fische,fish,Der Fisch ist frisch,noun,Food,a1,A1_lesson_4
A1_v186,A1,Obst,das,,fruit,Obst ist gesund,noun,Food,a1,A1_lesson_4
A1_v187,A1,Gemuese,das,,vegetables,Gemuese esse ich jeden Tag,noun,Food,a1,A1_lesson_4
A1_v188,A1,Suppe,die,die Suppen,soup,Die Suppe ist heiss,noun,Food,a1,A1_lesson_4
A1_v189,A1,Salat,der,die Salate,salad,Der Salat ist frisch,noun,Food,a1,A1_lesson_4
A1_v190,A1,Wurst,die,die Wuerste,sausage,Die Wurst schmeckt gut,noun,Food,a1,A1_lesson_4
A1_v191,A1,Kartoffel,die,die Kartoffeln,potato,Die Kartoffel ist gekocht,noun,Food,a1,A1_lesson_4
A1_v192,A1,Zucker,der,,sugar,Der Zucker ist suess,noun,Food,a1,A1_lesson_4
A1_v193,A1,Salz,das,,salt,Das Salz ist auf dem Tisch,noun,Food,a1,A1_lesson_4
A1_v194,A1,Schokolade,die,die Schokoladen,chocolate,Die Schokolade ist lecker,noun,Food,a1,A1_lesson_4
A1_v195,A1,Kuchen,der,die Kuchen,cake,Der Kuchen schmeckt gut,noun,Food,a1,A1_lesson_10
A1_v196,A1,Keks,der,die Kekse,cookie,Der Keks ist knusprig,noun,Food,a1,A1_lesson_4
A1_v197,A1,Marmelade,die,die Marmeladen,jam,Die Marmelade ist suess,noun,Food,a1,A1_lesson_4
A1_v198,A1,Kaffee,der,,coffee,Der Kaffee ist heiss,noun,Drink,a1,A1_lesson_4
A1_v199,A1,Tee,der,die Tees,tea,Tee trinke ich am Abend,noun,Drink,a1,A1_lesson_4
A1_v200,A1,Bier,das,die Biere,beer,Das Bier ist kalt,noun,Drink,a1,A1_lesson_4
A1_v201,A1,Wein,der,die Weine,wine,Der Wein ist rot,noun,Drink,a1,A1_lesson_4
A1_v202,A1,Saft,der,die Saefte,juice,Der Saft ist lecker,noun,Drink,a1,A1_lesson_4
A1_v203,A1,Milchkaffee,der,die Milchkaffees,latte,Der Milchkaffee ist warm,noun,Drink,a1,A1_lesson_4
A1_v204,A1,Limonade,die,die Limonaden,lemonade,Die Limonade ist kalt,noun,Drink,a1,A1_lesson_4
A1_v205,A1,Supermarkt,der,die Supermaerkte,supermarket,Der Supermarkt hat offen,noun,Shopping,a1,A1_lesson_9
A1_v206,A1,Markt,der,die Maerkte,market,Der Markt ist am Samstag,noun,Shopping,a1,A1_lesson_9
A1_v207,A1,Geschaeft,das,die Geschaefte,shop,Das Geschaeft ist zu,noun,Shopping,a1,A1_lesson_9
A1_v208,A1,Einkauf,der,die Einkaeufe,shopping,Der Einkauf dauert lange,noun,Shopping,a1,A1_lesson_9
A1_v209,A1,Tasche,die,die Taschen,bag,Die Tasche ist schwer,noun,Shopping,a1,A1_lesson_9
A1_v210,A1,Kasse,die,die Kassen,checkout,An der Kasse warte ich,noun,Shopping,a1,A1_lesson_9
A1_v211,A1,einkaufen,,,to shop,Ich kaufe ein,verb,Shopping,a1,A1_lesson_9
A1_v212,A1,kosten,,,to cost,Was kostet das,verb,Shopping,a1,A1_lesson_9
A1_v213,A1,bezahlen,,,to pay,Ich bezahle mit Karte,verb,Shopping,a1,A1_lesson_9
A1_v214,A1,brauchen,,,to need,Ich brauche Milch,verb,Shopping,a1,A1_lesson_9
A1_v215,A1,kaufen,,,to buy,Ich kaufe Brot,verb,Shopping,a1,A1_lesson_9
A1_v216,A1,Geld,das,,money,Ich habe kein Geld,noun,Money,a1,A1_lesson_9
A1_v217,A1,Preis,der,die Preise,price,Der Preis ist niedrig,noun,Money,a1,A1_lesson_9
A1_v218,A1,Euro,der,die Euro,euro,Das kostet fuenf Euro,noun,Money,a1,A1_lesson_24
A1_v219,A1,Cent,der,die Cent,cent,Es kostet 50 Cent,noun,Money,a1,A1_lesson_24
A1_v220,A1,Rechnung,die,die Rechnungen,bill,Die Rechnung bitte,noun,Money,a1,A1_lesson_10
A1_v221,A1,Quittung,die,die Quittungen,receipt,Die Quittung bitte,noun,Money,a1,A1_lesson_9
A1_v222,A1,billig,,,cheap,Das Hemd ist billig,adj,Shopping,a1,A1_lesson_9
A1_v223,A1,teuer,,,expensive,Das Auto ist teuer,adj,Shopping,a1,A1_lesson_9
A1_v224,A1,Hose,die,die Hosen,pants,Die Hose ist neu,noun,Clothing,a1,A1_lesson_12
A1_v225,A1,Hemd,das,die Hemden,shirt,Das Hemd ist weiss,noun,Clothing,a1,A1_lesson_12
A1_v226,A1,Jacke,die,die Jacken,jacket,Die Jacke ist warm,noun,Clothing,a1,A1_lesson_12
A1_v227,A1,Schuh,der,die Schuhe,shoe,Der Schuh passt gut,noun,Clothing,a1,A1_lesson_12
A1_v228,A1,Kleid,das,die Kleider,dress,Das Kleid ist schoen,noun,Clothing,a1,A1_lesson_12
A1_v229,A1,Rock,der,die Roecke,skirt,Der Rock ist kurz,noun,Clothing,a1,A1_lesson_12
A1_v230,A1,Pullover,der,die Pullover,sweater,Der Pullover ist weich,noun,Clothing,a1,A1_lesson_12
A1_v231,A1,Mantel,der,die Maentel,coat,Der Mantel ist warm,noun,Clothing,a1,A1_lesson_12
A1_v232,A1,Hut,der,die Huete,hat,Der Hut ist gruen,noun,Clothing,a1,A1_lesson_12
A1_v233,A1,Muetze,die,die Muetzen,cap,Die Muetze ist rot,noun,Clothing,a1,A1_lesson_12
A1_v234,A1,Anzug,der,die Anzuege,suit,Der Anzug ist schwarz,noun,Clothing,a1,A1_lesson_12
A1_v235,A1,T-Shirt,das,die T-Shirts,t-shirt,Das T-Shirt ist blau,noun,Clothing,a1,A1_lesson_12
A1_v236,A1,Strumpf,der,die Struempfe,sock,Der Strumpf ist warm,noun,Clothing,a1,A1_lesson_12
A1_v237,A1,Handschuh,der,die Handschuhe,glove,Die Handschuhe sind warm,noun,Clothing,a1,A1_lesson_12
A1_v238,A1,bunt,,,colorful,Das Kleid ist bunt,adj,Colors,a1,A1_lesson_12
A1_v239,A1,hell,,,bright,Die Farbe ist hell,adj,Colors,a1,A1_lesson_12
A1_v240,A1,dunkel,,,dark,Das Blau ist dunkel,adj,Colors,a1,A1_lesson_12
A1_v241,A1,Bus,der,die Busse,bus,Der Bus kommt um zehn,noun,Transport,a1,A1_lesson_5
A1_v242,A1,Zug,der,die Zuege,train,Der Zug hat Verspaetung,noun,Transport,a1,A1_lesson_5
A1_v243,A1,U-Bahn,die,die U-Bahnen,subway,Die U-Bahn faehrt schnell,noun,Transport,a1,A1_lesson_5
A1_v244,A1,Auto,das,die Autos,car,Das Auto ist rot,noun,Transport,a1,A1_lesson_21
A1_v245,A1,Fahrrad,das,die Fahrraeder,bicycle,Das Fahrrad ist neu,noun,Transport,a1,A1_lesson_21
A1_v246,A1,Taxi,das,die Taxis,taxi,Das Taxi wartet,noun,Transport,a1,A1_lesson_21
A1_v247,A1,Flughafen,der,die Flughaefen,airport,Der Flughafen ist weit,noun,Transport,a1,A1_lesson_21
A1_v248,A1,Haltestelle,die,die Haltestellen,stop,Die Haltestelle ist hier,noun,Transport,a1,A1_lesson_5
A1_v249,A1,Fahrkarte,die,die Fahrkarten,ticket,Die Fahrkarte kostet 3 Euro,noun,Transport,a1,A1_lesson_21
A1_v250,A1,Fahrer,der,die Fahrer,driver,Der Fahrer faehrt langsam,noun,Transport,a1,A1_lesson_21
A1_v251,A1,fahren,,,to drive,Ich fahre mit dem Bus,verb,Transport,a1,A1_lesson_21
A1_v252,A1,fahren mit,,,to go by,Wir fahren mit dem Zug,verb,Transport,a1,A1_lesson_21
A1_v253,A1,Museum,das,die Museen,museum,Das Museum hat Kunst,noun,City Places,a1,A1_lesson_18
A1_v254,A1,Park,der,die Parks,park,Der Park ist schoen,noun,City Places,a1,A1_lesson_18
A1_v255,A1,Kino,das,die Kinos,cinema,Das Kino ist um die Ecke,noun,City Places,a1,A1_lesson_18
A1_v256,A1,Theater,das,die Theater,theater,Das Theater zeigt ein Stueck,noun,City Places,a1,A1_lesson_18
A1_v257,A1,Praxis,die,die Praxen,practice,Die Praxis hat heute auf,noun,City Places,a1,A1_lesson_18
A1_v258,A1,Bibliothek,die,die Bibliotheken,library,In der Bibliothek lese ich,noun,City Places,a1,A1_lesson_18
A1_v259,A1,Kirche,die,die Kirchen,church,Die Kirche ist alt,noun,City Places,a1,A1_lesson_18
A1_v260,A1,Post,die,die Posten,post office,Die Post ist um die Ecke,noun,City Places,a1,A1_lesson_18
A1_v261,A1,Bank,die,die Banken,bank,Die Bank ist in der Stadt,noun,City Places,a1,A1_lesson_5
A1_v262,A1,Restaurant,das,die Restaurants,restaurant,Das Restaurant ist gut,noun,City Places,a1,A1_lesson_10
A1_v263,A1,Cafe,das,die Cafes,cafe,Das Cafe ist gemuetlich,noun,City Places,a1,A1_lesson_20
A1_v264,A1,Weg,der,die Wege,way,Der Weg ist lang,noun,Directions,a1,A1_lesson_5
A1_v265,A1,Strasse,die,die Strassen,street,Die Strasse ist breit,noun,Directions,a1,A1_lesson_5
A1_v266,A1,links,,,left,Gehen Sie links,adverb,Directions,a1,A1_lesson_5
A1_v267,A1,rechts,,,right,Gehen Sie rechts,adverb,Directions,a1,A1_lesson_5
A1_v268,A1,geradeaus,,,straight ahead,Gehen Sie geradeaus,adverb,Directions,a1,A1_lesson_5
A1_v269,A1,Ampel,die,die Ampeln,traffic light,Die Ampel ist rot,noun,Directions,a1,A1_lesson_5
A1_v270,A1,Kreuzung,die,die Kreuzungen,intersection,Die Kreuzung ist gross,noun,Directions,a1,A1_lesson_5
A1_v271,A1,Ecke,die,die Ecken,corner,Die Klinik ist um die Ecke,noun,Directions,a1,A1_lesson_5
A1_v272,A1,nahe,,,near,Das Kino ist nah,adverb,Directions,a1,A1_lesson_5
A1_v273,A1,weit,,,far,Der Flughafen ist weit,adverb,Directions,a1,A1_lesson_5
A1_v274,A1,dort,,,there,Die Klinik ist dort,adverb,Directions,a1,A1_lesson_5
A1_v275,A1,hier,,,here,Hier ist das Krankenhaus,adverb,Directions,a1,A1_lesson_5
A1_v276,A1,Sonne,die,Sonnen,sun,Die Sonne scheint,noun,Weather,a1,A1_lesson_11
A1_v277,A1,Regen,der,,rain,Der Regen hoert auf,noun,Weather,a1,A1_lesson_11
A1_v278,A1,Schnee,der,,snow,Der Schnee ist weiss,noun,Weather,a1,A1_lesson_11
A1_v279,A1,Wind,der,die Winde,wind,Der Wind ist stark,noun,Weather,a1,A1_lesson_11
A1_v280,A1,warm,,,warm,Der Sommer ist warm,adj,Weather,a1,A1_lesson_11
A1_v281,A1,kalt,,,cold,Der Winter ist kalt,adj,Weather,a1,A1_lesson_11
A1_v282,A1,heiss,,,hot,Der Juli ist heiss,adj,Weather,a1,A1_lesson_11
A1_v283,A1,sonnig,,,sunny,Heute ist es sonnig,adj,Weather,a1,A1_lesson_11
A1_v284,A1,bewoelkt,,,cloudy,Der Himmel ist bewoelkt,adj,Weather,a1,A1_lesson_11
A1_v285,A1,Fruehling,der,die Fruehlinge,spring,Der Fruehling ist warm,noun,Weather,a1,A1_lesson_11
A1_v286,A1,Herbst,der,die Herbste,autumn,Der Herbst ist farbig,noun,Weather,a1,A1_lesson_11
A1_v287,A1,Winter,der,die Winter,winter,Der Winter ist kalt,noun,Weather,a1,A1_lesson_11
A1_v288,A1,Sommer,der,die Sommer,summer,Der Sommer ist heiss,noun,Weather,a1,A1_lesson_11
A1_v289,A1,Hobby,das,die Hobbys,hobby,Mein Hobby ist Lesen,noun,Hobbies,a1,A1_lesson_8
A1_v290,A1,Sport,der,,sport,Sport ist gesund,noun,Hobbies,a1,A1_lesson_8
A1_v291,A1,Musik,die,,music,Ich hoere Musik,noun,Hobbies,a1,A1_lesson_8
A1_v292,A1,Film,der,die Filme,movie,Der Film ist gut,noun,Hobbies,a1,A1_lesson_8
A1_v293,A1,Lied,das,die Lieder,song,Das Lied ist schoen,noun,Hobbies,a1,A1_lesson_8
A1_v294,A1,schwimmen,,,to swim,Wir schwimmen im See,verb,Hobbies,a1,A1_lesson_8
A1_v295,A1,singen,,,to sing,Sie singt ein Lied,verb,Hobbies,a1,A1_lesson_8
A1_v296,A1,tanzen,,,to dance,Wir tanzen gern,verb,Hobbies,a1,A1_lesson_8
A1_v297,A1,malen,,,to paint,Das Kind malt ein Bild,verb,Hobbies,a1,A1_lesson_8
A1_v298,A1,spielen,,,to play,Die Kinder spielen draussen,verb,Hobbies,a1,A1_lesson_8
A1_v299,A1,reisen,,,to travel,Wir reisen nach Italien,verb,Hobbies,a1,A1_lesson_8
A1_v300,A1,kochen,,,to cook,Ich koche gern,verb,Hobbies,a1,A1_lesson_8
A1_v301,A1,fernsehen,,,to watch TV,Wir sehen fern,verb,Hobbies,a1,A1_lesson_8
A1_v302,A1,fotografieren,,,to photograph,Ich fotografiere viel,verb,Hobbies,a1,A1_lesson_8
A1_v303,A1,turnen,,,to do gymnastics,Das Kind turnt gern,verb,Hobbies,a1,A1_lesson_8
A1_v304,A1,Klasse,die,die Klassen,class,Die Klasse hat 20 Schueler,noun,School,a1,A1_lesson_25
A1_v305,A1,Schueler,der,die Schueler,student,Der Schueler lernt fleissig,noun,School,a1,A1_lesson_25
A1_v306,A1,Schuelerin,die,die Schuelerinnen,student f,Die Schuelerin schreibt einen Test,noun,School,a1,A1_lesson_25
A1_v307,A1,Hausaufgabe,die,die Hausaufgaben,homework,Die Hausaufgabe ist schwer,noun,School,a1,A1_lesson_25
A1_v308,A1,Pruefung,die,die Pruefungen,exam,Die Pruefung ist im Mai,noun,School,a1,A1_lesson_25
A1_v309,A1,Note,die,die Noten,grade,Meine Note ist gut,noun,School,a1,A1_lesson_25
A1_v310,A1,Heft,das,die Hefte,notebook,Das Heft ist voll,noun,School,a1,A1_lesson_25
A1_v311,A1,Stift,der,die Stifte,pen,Der Stift schreibt blau,noun,School,a1,A1_lesson_25
A1_v312,A1,Bleistift,der,die Bleistifte,pencil,Der Bleistift ist spitz,noun,School,a1,A1_lesson_25
A1_v313,A1,Tafel,die,die Tafeln,blackboard,Die Tafel ist schwarz,noun,School,a1,A1_lesson_25
A1_v314,A1,Schreibtisch,der,die Schreibtische,desk,Der Schreibtisch ist aufgeraeumt,noun,School,a1,A1_lesson_25
A1_v315,A1,lernen,,,to learn,Ich lerne Deutsch,verb,School,a1,A1_lesson_25
A1_v316,A1,schreiben,,,to write,Der Schueler schreibt einen Satz,verb,School,a1,A1_lesson_25
A1_v317,A1,rechnen,,,to calculate,Wir rechnen mit Zahlen,verb,School,a1,A1_lesson_25
A1_v318,A1,koennen,,,can,Ich kann Deutsch sprechen,modal verb,Modal Verbs,a1,A1_lesson_2
A1_v319,A1,muessen,,,must,Ich muss lernen,modal verb,Modal Verbs,a1,A1_lesson_15
A1_v320,A1,duerfen,,,may,Sie duerfen hier parken,modal verb,Modal Verbs,a1,A1_lesson_18
A1_v321,A1,sollen,,,should,Ich soll die Hausaufgaben machen,modal verb,Modal Verbs,a1,A1_lesson_25
A1_v322,A1,moechten,,,would like,Ich moechte einen Kaffee,modal verb,Modal Verbs,a1,A1_lesson_10
A1_v323,A1,moegen,,,to like,Ich mag Schokolade,modal verb,Modal Verbs,a1,A1_lesson_8
A1_v324,A1,sitzen,,,to sit,Der Schueler sitzt am Schreibtisch,verb,Basic Verbs,a1,A1_lesson_25
A1_v325,A1,liegen,,,to lie,Das Buch liegt auf dem Tisch,verb,Basic Verbs,a1,A1_lesson_14
A1_v326,A1,stehen,,,to stand,Der Stuhl steht in der Ecke,verb,Basic Verbs,a1,A1_lesson_14
A1_v327,A1,nehmen,,,to take,Ich nehme ein Taxi,verb,Basic Verbs,a1,A1_lesson_10
A1_v328,A1,geben,,,to give,Er gibt mir das Buch,verb,Basic Verbs,a1,A1_lesson_9
A1_v329,A1,finden,,,to find,Ich finde den Weg nicht,verb,Basic Verbs,a1,A1_lesson_5
A1_v330,A1,sehen,,,to see,Ich sehe das Museum,verb,Basic Verbs,a1,A1_lesson_18
A1_v331,A1,hoeren,,,to hear,Ich hoere die Musik,verb,Basic Verbs,a1,A1_lesson_8
A1_v332,A1,trinken,,,to drink,Ich trinke Wasser,verb,Basic Verbs,a1,A1_lesson_10
A1_v333,A1,essen,,,to eat,Wir essen im Restaurant,verb,Basic Verbs,a1,A1_lesson_10
A1_v334,A1,wissen,,,to know,Ich weiss die Antwort,verb,Basic Verbs,a1,A1_lesson_2
A1_v335,A1,denken,,,to think,Ich denke an meine Familie,verb,Basic Verbs,a1,A1_lesson_19
A1_v336,A1,verstehen,,,to understand,Ich verstehe die Frage,verb,Basic Verbs,a1,A1_lesson_1
A1_v337,A1,antworten,,,to answer,Der Schueler antwortet richtig,verb,Basic Verbs,a1,A1_lesson_25
A1_v338,A1,laufen,,,to run,Das Kind laeuft schnell,verb,Basic Verbs,a1,A1_lesson_21
A1_v339,A1,bringen,,,to bring,Der Kellner bringt das Essen,verb,Basic Verbs,a1,A1_lesson_10
A1_v340,A1,tragen,,,to wear,Ich trage ein rotes Hemd,verb,Basic Verbs,a1,A1_lesson_12
A1_v341,A1,bleiben,,,to stay,Wir bleiben zu Hause,verb,Basic Verbs,a1,A1_lesson_10
A1_v342,A1,gut,,,good,Das Buch ist gut,adj,Common Adjectives,a1,A1_lesson_1
A1_v343,A1,gross,,,big,Die Stadt ist gross,adj,Common Adjectives,a1,A1_lesson_14
A1_v344,A1,klein,,,small,Das Haus ist klein,adj,Common Adjectives,a1,A1_lesson_14
A1_v345,A1,schnell,,,fast,Der Zug ist schnell,adj,Common Adjectives,a1,A1_lesson_21
A1_v346,A1,langsam,,,slow,Der Bus ist langsam,adj,Common Adjectives,a1,A1_lesson_21
A1_v347,A1,neu,,,new,Das Auto ist neu,adj,Common Adjectives,a1,A1_lesson_14
A1_v348,A1,alt,,,old,Die Kirche ist alt,adj,Common Adjectives,a1,A1_lesson_14
A1_v349,A1,schoen,,,beautiful,Der Park ist schoen,adj,Common Adjectives,a1,A1_lesson_18
A1_v350,A1,richtig,,,correct,Die Antwort ist richtig,adj,Common Adjectives,a1,A1_lesson_25
A1_v351,A1,falsch,,,wrong,Die Antwort ist falsch,adj,Common Adjectives,a1,A1_lesson_25
A1_v352,A1,viel,,,much,Ich lerne viel,adverb,Common Adverbs,a1,A1_lesson_2
A1_v353,A1,auch,,,also,Ich komme auch,adverb,Common Adverbs,a1,A1_lesson_1
A1_v354,A1,immer,,,always,Ich komme immer um acht,adverb,Common Adverbs,a1,A1_lesson_15
A1_v355,A1,oft,,,often,Wir kochen oft,adverb,Common Adverbs,a1,A1_lesson_8
A1_v356,A1,nie,,,never,Ich bin nie zu spaet,adverb,Common Adverbs,a1,A1_lesson_15
A1_v357,A1,dann,,,then,Dann gehe ich nach Hause,adverb,Common Adverbs,a1,A1_lesson_6
A1_v358,A1,vielleicht,,,maybe,Vielleicht kommt er,adverb,Common Adverbs,a1,A1_lesson_23
A1_v359,A1,sehr,,,very,Das ist sehr gut,adverb,Common Adverbs,a1,A1_lesson_1
A1_v360,A1,manchmal,,,sometimes,Ich fahre manchmal mit dem Bus,adverb,Common Adverbs,a1,A1_lesson_15
A1_v361,A1,so,,,so,Das ist so gut,adverb,Common Adverbs,a1,A1_lesson_19
A1_v362,A1,wer,,,who,Wer ist das?,question word,Question Words,a1,A1_lesson_1
A1_v363,A1,was,,,what,Was ist das?,question word,Question Words,a1,A1_lesson_1
A1_v364,A1,wo,,,where,Wo wohnst du?,question word,Question Words,a1,A1_lesson_3
A1_v365,A1,woher,,,where from,Woher kommst du?,question word,Question Words,a1,A1_lesson_1
A1_v366,A1,wohin,,,where to,Wohin gehst du?,question word,Question Words,a1,A1_lesson_5
A1_v367,A1,wann,,,when,Wann kommst du?,question word,Question Words,a1,A1_lesson_7
A1_v368,A1,warum,,,why,Warum lernst du Deutsch?,question word,Question Words,a1,A1_lesson_19
A1_v369,A1,wie,,,how,Wie geht es dir?,question word,Question Words,a1,A1_lesson_1
A1_v370,A1,welcher,,,which,Welcher Tag ist heute?,question word,Question Words,a1,A1_lesson_3
A1_v371,A1,wie viel,,,how much,Wie viel kostet das?,question word,Question Words,a1,A1_lesson_9
A1_v372,A1,wie viele,,,how many,Wie viele Kinder hast du?,question word,Question Words,a1,A1_lesson_4
A1_v373,A1,in,,,in,Ich wohne in der Stadt,preposition,Prepositions,a1,A1_lesson_3
A1_v374,A1,auf,,,on,Das Buch ist auf dem Tisch,preposition,Prepositions,a1,A1_lesson_14
A1_v375,A1,an,,,at,Der Kurs beginnt am Montag,preposition,Prepositions,a1,A1_lesson_6
A1_v376,A1,mit,,,with,Ich komme mit meiner Familie,preposition,Prepositions,a1,A1_lesson_3
A1_v377,A1,aus,,,from,Ich komme aus der Tuerkei,preposition,Prepositions,a1,A1_lesson_1
A1_v378,A1,nach,,,to,Ich fahre nach Berlin,preposition,Prepositions,a1,A1_lesson_5
A1_v379,A1,zu,,,to,Ich gehe zur Arbeit,preposition,Prepositions,a1,A1_lesson_5
A1_v380,A1,bei,,,at,Ich bin beim Arzt,preposition,Prepositions,a1,A1_lesson_18
A1_v381,A1,fuer,,,for,Das Geschenk ist fuer dich,preposition,Prepositions,a1,A1_lesson_9
A1_v382,A1,um,,,around,Der Kurs beginnt um neun Uhr,preposition,Prepositions,a1,A1_lesson_6
A1_v383,A1,der Kopf,der,die Koepfe,head,Der Kopf tut weh,noun,Body Parts,a1,A1_lesson_16
A1_v384,A1,das Gesicht,das,die Gesichter,face,Er hat ein freundliches Gesicht,noun,Body Parts,a1,A1_lesson_16
A1_v385,A1,das Auge,das,die Augen,eye,Sie hat blaue Augen,noun,Body Parts,a1,A1_lesson_16
A1_v386,A1,die Nase,die,die Nasen,nose,Die Nase laeuft,noun,Body Parts,a1,A1_lesson_16
A1_v387,A1,der Mund,der,die Muender,mouth,Der Mund ist trocken,noun,Body Parts,a1,A1_lesson_16
A1_v388,A1,das Ohr,das,die Ohren,ear,Die Ohren tun weh,noun,Body Parts,a1,A1_lesson_16
A1_v389,A1,der Arm,der,die Arme,arm,Der Arm ist gebrochen,noun,Body Parts,a1,A1_lesson_16
A1_v390,A1,das Bein,das,die Beine,leg,Mein Bein tut weh,noun,Body Parts,a1,A1_lesson_16
A1_v391,A1,die Hand,die,die Haende,hand,Die Haende sind kalt,noun,Body Parts,a1,A1_lesson_16
A1_v392,A1,der Fuss,der,die Fuesse,foot,Mein Fuss ist geschwollen,noun,Body Parts,a1,A1_lesson_16
A1_v393,A1,der Finger,der,die Finger,finger,Ich habe mir den Finger geschnitten,noun,Body Parts,a1,A1_lesson_16
A1_v394,A1,der Ruecken,der,die Ruecken,back,Der Ruecken schmerzt,noun,Body Parts,a1,A1_lesson_16
A1_v395,A1,der Bauch,der,die Baeuche,stomach,Der Bauch tut weh,noun,Body Parts,a1,A1_lesson_16
A1_v396,A1,das Herz,das,die Herzen,heart,Das Herz schlaegt schnell,noun,Body Parts,a1,A1_lesson_16
A1_v397,A1,der Arzt,der,die Aerzte,doctor,Der Arzt untersucht mich,noun,Health,a1,A1_lesson_16
A1_v398,A1,die Aerztin,die,die Aerztinnen,doctor (female),Die Aerztin ist freundlich,noun,Health,a1,A1_lesson_16
A1_v399,A1,die Krankenschwester,die,die Krankenschwestern,nurse,Die Krankenschwester hilft mir,noun,Health,a1,A1_lesson_16
A1_v400,A1,der Patient,der,die Patienten,patient,Der Patient wartet im Wartezimmer,noun,Health,a1,A1_lesson_16
A1_v401,A1,das Krankenhaus,das,die Krankenhaeuser,hospital,Das Krankenhaus ist gross,noun,Health,a1,A1_lesson_18
A1_v402,A1,die Praxis,die,die Praxen,practice,Die Praxis hat um acht Uhr geoeffnet,noun,Health,a1,A1_lesson_18
A1_v403,A1,das Rezept,das,die Rezepte,prescription,Der Arzt gibt mir ein Rezept,noun,Health,a1,A1_lesson_18
A1_v404,A1,die Tablette,die,die Tabletten,pill,Ich nehme eine Tablette,noun,Health,a1,A1_lesson_18
A1_v405,A1,die Medizin,die,die Medizinen,medicine,Die Medizin hilft gegen Schmerzen,noun,Health,a1,A1_lesson_18
A1_v406,A1,der Schmerz,der,die Schmerzen,pain,Ich habe starke Schmerzen,noun,Health,a1,A1_lesson_16
A1_v407,A1,das Fieber,das,,fever,Das Kind hat Fieber,noun,Health,a1,A1_lesson_16
A1_v408,A1,der Husten,der,,cough,Ich habe Husten und Schnupfen,noun,Health,a1,A1_lesson_16
A1_v409,A1,der Schnupfen,der,,runny nose,Bei Schnupfen soll man viel trinken,noun,Health,a1,A1_lesson_16
A1_v410,A1,die Apotheke,die,die Apotheken,pharmacy,Die Apotheke ist um die Ecke,noun,Pharmacy,a1,A1_lesson_18
A1_v411,A1,der Notarzt,der,die Notaerzte,emergency doctor,Rufen Sie den Notarzt,noun,Emergency,a1,A1_lesson_18
A1_v412,A1,der Krankenwagen,der,die Krankenwagen,ambulance,Der Krankenwagen kommt sofort,noun,Emergency,a1,A1_lesson_18
A1_v413,A1,die Notaufnahme,die,die Notaufnahmen,emergency room,Die Notaufnahme ist im Erdgeschoss,noun,Emergency,a1,A1_lesson_18
A1_v414,A1,der Unfall,der,die Unfaelle,accident,Es gab einen Unfall,noun,Emergency,a1,A1_lesson_18
A1_v415,A1,die Verletzung,die,die Verletzungen,injury,Die Verletzung ist nicht schlimm,noun,Emergency,a1,A1_lesson_18
A1_v416,A1,untersuchen,,,to examine,Der Arzt untersucht den Patienten,verb,Health,a1,A1_lesson_16
A1_v417,A1,verschreiben,,,to prescribe,Der Arzt verschreibt mir ein Medikament,verb,Health,a1,A1_lesson_18
A1_v418,A1,heilen,,,to heal,Die Wunde heilt langsam,verb,Health,a1,A1_lesson_16
A1_v419,A1,operieren,,,to operate,Der Chirurg operiert den Patienten,verb,Health,a1,A1_lesson_18
A1_v420,A1,die Sprechstunde,die,die Sprechstunden,office hours,Die Sprechstunde ist von neun bis zwoelf,noun,Health,a1,A1_lesson_18
A1_v421,A1,der Termin,der,die Termine,appointment,Ich habe einen Termin beim Arzt,noun,Health,a1,A1_lesson_18
A1_v422,A1,die Versicherung,die,die Versicherungen,insurance,Die Versicherung bezahlt die Behandlung,noun,Health,a1,A1_lesson_18
A1_v423,A1,die Krankenkarte,die,die Krankenkarten,health insurance card,Ich habe meine Krankenkarte vergessen,noun,Health,a1,A1_lesson_18
A1_v424,A1,das Wartezimmer,das,die Wartezimmer,waiting room,Das Wartezimmer ist voll,noun,Health,a1,A1_lesson_18
A1_v425,A1,das Blut,das,,blood,Der Arzt nimmt Blut ab,noun,Health,a1,A1_lesson_16
A1_v426,A1,die Wunde,die,die Wunden,wound,Die Wunde muss gereinigt werden,noun,Health,a1,A1_lesson_16
A1_v427,A1,die Spritze,die,die Spritzen,injection,Die Spritze tut kurz weh,noun,Health,a1,A1_lesson_18
A1_v428,A1,der Notfall,der,die Notfaelle,emergency,Im Notfall rufen Sie den Arzt,noun,Emergency,a1,A1_lesson_18
A1_v429,A1,der Notruf,der,die Notrufe,emergency call,Die Nummer fuer den Notruf ist 112,noun,Emergency,a1,A1_lesson_18
A1_v430,A1,der Rettungsdienst,der,Rettungsdienste,ambulance service,Der Rettungsdienst kommt in fuenf Minuten,noun,Emergency,a1,A1_lesson_18
A1_v431,A1,die Behandlung,die,die Behandlungen,treatment,Die Behandlung hat geholfen,noun,Health,a1,A1_lesson_16
A1_v432,A1,die Operation,die,die Operationen,surgery,Die Operation ist morgen,noun,Health,a1,A1_lesson_18
A1_v433,A1,die Untersuchung,die,die Untersuchungen,examination,Die Untersuchung dauert eine Stunde,noun,Health,a1,A1_lesson_16
A1_v434,A1,der Befund,der,die Befunde,finding,Der Befund ist gut,noun,Health,a1,A1_lesson_16
A1_v435,A1,die Erkältung,die,die Erkaeltungen,cold (illness),Ich habe eine Erkaeltung,noun,Symptoms,a1,A1_lesson_16
A1_v436,A1,der Durchfall,der,,diarrhea,Ich habe Durchfall,noun,Symptoms,a1,A1_lesson_16
A1_v437,A1,die Uebelkeit,die,,nausea,Die Uebelkeit ist weg,noun,Symptoms,a1,A1_lesson_16
A1_v438,A1,die Kopfschmerzen,die,,headache (pl),Ich habe starke Kopfschmerzen,noun,Symptoms,a1,A1_lesson_16
A1_v439,A1,die Halsschmerzen,die,,sore throat (pl),Die Halsschmerzen sind schlimm,noun,Symptoms,a1,A1_lesson_16
A1_v440,A1,die Rueckenschmerzen,die,,back pain (pl),Ich habe Rueckenschmerzen,noun,Symptoms,a1,A1_lesson_16
A1_v441,A1,die Allergie,die,die Allergien,allergy,Ich habe eine Allergie gegen Pollen,noun,Symptoms,a1,A1_lesson_18
A1_v442,A1,der Ausschlag,der,die Ausschlaege,rash,Der Ausschlag juckt,noun,Symptoms,a1,A1_lesson_16
A1_v443,A1,muede,,,tired,Ich bin sehr muede,adj,Health Adjectives,a1,A1_lesson_16
A1_v444,A1,wach,,,awake,Das Kind ist noch wach,adj,Health Adjectives,a1,A1_lesson_16
A1_v445,A1,schwach,,,weak,Ich fuehle mich schwach,adj,Health Adjectives,a1,A1_lesson_16
A1_v446,A1,stark,,,strong,Der Patient ist wieder stark,adj,Health Adjectives,a1,A1_lesson_16
A1_v447,A1,schlimm,,,bad / severe,Der Schmerz ist schlimm,adj,Health Adjectives,a1,A1_lesson_16
A1_v448,A1,offen,,,open,Die Wunde ist noch offen,adj,Health Adjectives,a1,A1_lesson_14
A1_v449,A1,geschwollen,,,swollen,Der Fuss ist geschwollen,adj,Health Adjectives,a1,A1_lesson_16
A1_v450,A1,ruhig,,,calm,Bleiben Sie ruhig,adj,Health Adjectives,a1,A1_lesson_18
A1_v451,A1,das Medikament,das,die Medikamente,medication,Das Medikament ist rezeptfrei,noun,Pharmacy,a1,A1_lesson_18
A1_v452,A1,die Salbe,die,die Salben,ointment,Die Salbe hilft gegen den Ausschlag,noun,Pharmacy,a1,A1_lesson_18
A1_v453,A1,der Tropfen,der,die Tropfen,drop,Nehmen Sie drei Tropfen,noun,Pharmacy,a1,A1_lesson_18
A1_v454,A1,die Tablette gegen,die,die Tabletten gegen,tablet for,Eine Tablette gegen Kopfschmerzen,noun,Pharmacy,a1,A1_lesson_18
A1_v455,A1,der Wirkstoff,der,die Wirkstoffe,active ingredient,Der Wirkstoff hilft gegen Schmerzen,noun,Pharmacy,a1,A1_lesson_18
A1_v456,A1,rezeptfrei,,,over the counter,Das Mittel ist rezeptfrei,adj,Pharmacy,a1,A1_lesson_18
A1_v457,A1,verschreibungspflichtig,,,prescription only,Dieses Medikament ist verschreibungspflichtig,adj,Pharmacy,a1,A1_lesson_18
A1_v458,A1,die Seife,die,die Seifen,soap,Ich wasche meine Haende mit Seife,noun,Hygiene,a1,A1_lesson_14
A1_v459,A1,das Handtuch,das,die Handtuecher,towel,Das Handtuch ist sauber,noun,Hygiene,a1,A1_lesson_14
A1_v460,A1,die Zahnbuerste,die,die Zahnbuersten,toothbrush,Ich putze mir die Zaehne mit der Zahnbuerste,noun,Hygiene,a1,A1_lesson_15
A1_v461,A1,die Zahnpasta,die,die Zahnpasten,toothpaste,Die Zahnpasta ist leer,noun,Hygiene,a1,A1_lesson_15
A1_v462,A1,die Dusche,die,die Duschen,shower,Ich gehe unter die Dusche,noun,Hygiene,a1,A1_lesson_15
A1_v463,A1,die Toilette,die,die Toiletten,toilet,Wo ist die Toilette?,noun,Hygiene,a1,A1_lesson_14
A1_v464,A1,sauber,,,clean,Das Zimmer ist sauber,adj,Hygiene,a1,A1_lesson_14
A1_v465,A1,schmutzig,,,dirty,Die Kleidung ist schmutzig,adj,Hygiene,a1,A1_lesson_14
A1_v466,A1,die Maske,die,die Masken,mask,Tragen Sie eine Maske,noun,Hygiene,a1,A1_lesson_18
A1_v467,A1,anrufen,,,to call,Ich rufe den Arzt an,verb,Appointment Communication,a1,A1_lesson_18
A1_v468,A1,absagen,,,to cancel,Ich muss den Termin absagen,verb,Appointment Communication,a1,A1_lesson_18
A1_v469,A1,verschieben,,,to postpone,Der Termin wird verschoben,verb,Appointment Communication,a1,A1_lesson_18
A1_v470,A1,veraendern,,,to change,Ich moechte den Termin veraendern,verb,Appointment Communication,a1,A1_lesson_18
A1_v471,A1,fragen nach,,,to ask for,Ich frage nach einem Termin,verb,Appointment Communication,a1,A1_lesson_18
A1_v472,A1,das Formular,das,die Formulare,form,Ich fuell das Formular aus,noun,Documents,a1,A1_lesson_18
A1_v473,A1,die Unterschrift,die,die Unterschriften,signature,Bitte hier die Unterschrift,noun,Documents,a1,A1_lesson_18
A1_v474,A1,der Ausweis,der,die Ausweise,ID card,Haben Sie Ihren Ausweis dabei?,noun,Documents,a1,A1_lesson_18
A1_v475,A1,sich fuehlen,,,to feel,Ich fuehle mich nicht gut,verb,Health,a1,A1_lesson_16
A1_v476,A1,rufen,,,to call out,Rufen Sie bitte einen Arzt,verb,Health,a1,A1_lesson_18
A1_v477,A1,warten,,,to wait,Ich warte im Wartezimmer,verb,Appointment Communication,a1,A1_lesson_18
A1_v478,A1,holen,,,to get,Ich hole das Rezept in der Apotheke,verb,Health,a1,A1_lesson_18
A2_v001,A2,Reise,die,die Reise,trip,die Reise: trip,noun,Travel,a2,A2_lesson_4
A2_v002,A2,Urlaub,der,die Urlaube,vacation,der Urlaub: vacation,noun,Travel,a2,A2_lesson_4
A2_v003,A2,Hotel,das,die Hotels,hotel,das Hotel: hotel,noun,Travel,a2,A2_lesson_4
A2_v004,A2,Koffer,der,die Koffer,suitcase,der Koffer: suitcase,noun,Travel,a2,A2_lesson_4
A2_v005,A2,Pass,der,die Pässe,passport,der Pass: passport,noun,Travel,a2,A2_lesson_4
A2_v006,A2,Flug,der,die Flüge,flight,der Flug: flight,noun,Travel,a2,A2_lesson_4
A2_v007,A2,Ankunft,die,die Ankunft,arrival,die Ankunft: arrival,noun,Travel,a2,A2_lesson_4
A2_v008,A2,Abfahrt,die,die Abfahrt,departure,die Abfahrt: departure,noun,Travel,a2,A2_lesson_4
A2_v009,A2,Bahnhof,der,die Bahnhöfe,station,der Bahnhof: station,noun,Travel,a2,A2_lesson_4
A2_v010,A2,Flughafen,der,die Flughäfen,airport,der Flughafen: airport,noun,Travel,a2,A2_lesson_4
A2_v011,A2,Untersuchung,die,die Untersuchung,examination,die Untersuchung: examination,noun,Health,a2,A2_lesson_11
A2_v012,A2,Diagnose,die,die Diagnose,diagnosis,die Diagnose: diagnosis,noun,Health,a2,A2_lesson_11
A2_v013,A2,Behandlung,die,die Behandlung,treatment,die Behandlung: treatment,noun,Health,a2,A2_lesson_11
A2_v014,A2,Operation,die,die Operation,surgery,die Operation: surgery,noun,Health,a2,A2_lesson_11
A2_v015,A2,Tablette,die,die Tablette,pill,die Tablette: pill,noun,Health,a2,A2_lesson_11
A2_v016,A2,Verband,der,die Verbände,bandage,der Verband: bandage,noun,Health,a2,A2_lesson_11
A2_v017,A2,Blutdruck,der,,blood pressure,der Blutdruck: blood pressure,noun,Health,a2,A2_lesson_11
A2_v018,A2,Fieber,das,,fever,das Fieber: fever,noun,Health,a2,A2_lesson_11
A2_v019,A2,Husten,der,,cough,der Husten: cough,noun,Health,a2,A2_lesson_11
A2_v020,A2,Grippe,die,die Grippe,flu,die Grippe: flu,noun,Health,a2,A2_lesson_11
A2_v021,A2,Markt,der,die Märkte,market,der Markt: market,noun,Shopping,a2,A2_lesson_6
A2_v022,A2,Geschäft,das,die Geschäfte,shop,das Geschäft: shop,noun,Shopping,a2,A2_lesson_6
A2_v023,A2,Kasse,die,die Kasse,register,die Kasse: register,noun,Shopping,a2,A2_lesson_6
A2_v024,A2,Rabatt,der,die Rabatte,discount,der Rabatt: discount,noun,Shopping,a2,A2_lesson_6
A2_v025,A2,Größe,die,die Grosse,size,die Größe: size,noun,Shopping,a2,A2_lesson_6
A2_v026,A2,bezahlen,,,pay,Ich bezahle mit Karte.,other,Shopping,a2,A2_lesson_6
A2_v027,A2,bar,,,cash,Kann ich bar zahlen?,other,Shopping,a2,A2_lesson_6
A2_v028,A2,Kreditkarte,die,die Kreditkarte,credit card,die Kreditkarte: credit card,noun,Shopping,a2,A2_lesson_6
A2_v029,A2,glücklich,,,happy,Ich bin glücklich.,other,Feelings,a2,A2_lesson_1
A2_v030,A2,traurig,,,sad,Er ist traurig.,other,Feelings,a2,A2_lesson_1
A2_v031,A2,müde,,,tired,Ich bin müde.,other,Feelings,a2,A2_lesson_1
A2_v032,A2,aufgeregt,,,excited,Sie ist aufgeregt.,other,Feelings,a2,A2_lesson_1
A2_v033,A2,ängstlich,,,anxious,Das Kind ist ängstlich.,other,Feelings,a2,A2_lesson_1
A2_v034,A2,ruhig,,,calm,Bleib ruhig!,other,Feelings,a2,A2_lesson_1
A2_v035,A2,wütend,,,angry,Er ist wütend.,other,Feelings,a2,A2_lesson_1
A2_v036,A2,entspannt,,,relaxed,Ich bin entspannt.,other,Feelings,a2,A2_lesson_1
A2_v037,A2,gestresst,,,stressed,Sie ist gestresst.,other,Feelings,a2,A2_lesson_1
A2_vocab_501,A2,Unfall,der,die Unfälle,accident,Es gab einen schweren Unfall auf der Autobahn.,noun,Medical,a2;medical,A2_lesson_1
A2_vocab_503,A2,Patient,der,die Patienten,patient,Der Patient klagt über starke Kopfschmerzen.,noun,Medical,a2;medical,A2_lesson_1
A2_vocab_504,A2,Krankenversicherung,die,die Krankenversicherungen,health insurance,die Krankenversicherung ist ein wichtiger Begriff.,noun,Medical,a2;medical,A2_lesson_1
A2_vocab_505,A2,Rezept,das,die Rezepte,prescription,das Rezept ist ein wichtiger Begriff.,noun,Medical,a2;medical,A2_lesson_1
A2_vocab_507,A2,Wohnung,die,die Wohnungen,apartment,die Wohnung ist ein wichtiger Begriff.,noun,Living,a2,A2_lesson_1
A2_vocab_508,A2,Nachbar,der,die Nachbarn,neighbor,der Nachbar ist ein wichtiger Begriff.,noun,People,a2,A2_lesson_1
A2_vocab_510,A2,Kleidung,die,die Kleidungen,clothing,die Kleidung ist ein wichtiger Begriff.,noun,Shopping,a2,A2_lesson_6
A2_vocab_511,A2,Beruf,der,die Berufe,profession,der Beruf ist ein wichtiger Begriff.,noun,Work,a2,A2_lesson_1
A2_vocab_512,A2,Gehalt,das,die Gehälter,salary,das Gehalt ist ein wichtiger Begriff.,noun,Work,a2,A2_lesson_1
A2_vocab_513,A2,Musik,die,die Musiken,music,die Musik ist ein wichtiger Begriff.,noun,Culture,a2,A2_lesson_1
A2_vocab_514,A2,Film,der,die Filme,movie,der Film ist ein wichtiger Begriff.,noun,Culture,a2,A2_lesson_1
A2_vocab_515,A2,Verkehr,der,der Verkehr,traffic,der Verkehr ist ein wichtiger Begriff.,noun,Travel,a2,A2_lesson_4
A2_vocab_516,A2,Post,die,,mail,die Post ist ein wichtiger Begriff.,noun,Daily Life,a2,A2_lesson_2
A2_vocab_517,A2,Bank,die,die Banken,bank,die Bank ist ein wichtiger Begriff.,noun,Finance,a2,A2_lesson_1
A2_vocab_518,A2,Computer,der,die Computer,computer,der Computer ist ein wichtiger Begriff.,noun,Technology,a2,A2_lesson_1
A2_vocab_519,A2,Handy,das,die Handys,mobile phone,das Handy ist ein wichtiger Begriff.,noun,Technology,a2,A2_lesson_1
A2_vocab_520,A2,Umwelt,die,die Umwelten,environment,die Umwelt ist ein wichtiger Begriff.,noun,Nature,a2,A2_lesson_1
A2_v201,A2,Familie,die,die Familien,family,Meine Familie ist gross.,noun,Daily Life,a2,A2_lesson_1
A2_v202,A2,Onkel,der,die Onkel,uncle,Mein Onkel wohnt in Berlin.,noun,Daily Life,a2,A2_lesson_1
A2_v203,A2,Tante,die,die Tanten,aunt,Meine Tante kocht gut.,noun,Daily Life,a2,A2_lesson_1
A2_v204,A2,Cousin,der,die Cousins,cousin (m),Mein Cousin studiert Medizin.,noun,Daily Life,a2,A2_lesson_1
A2_v205,A2,Cousine,die,die Cousinen,cousin (f),Meine Cousine ist Aerztin.,noun,Daily Life,a2,A2_lesson_1
A2_v206,A2,verheiratet,,,married,Meine Eltern sind verheiratet.,other,Daily Life,a2,A2_lesson_1
A2_v207,A2,ledig,,,single,Ich bin ledig.,other,Daily Life,a2,A2_lesson_1
A2_v208,A2,Wohnort,der,die Wohnorte,place of residence,Mein Wohnort ist Muenchen.,noun,Daily Life,a2,A2_lesson_1
A2_v209,A2,Adresse,die,die Adressen,address,Meine Adresse ist Berliner Strasse 10.,noun,Daily Life,a2,A2_lesson_1
A2_v210,A2,Geburtstag,der,die Geburtstage,birthday,Wann hast du Geburtstag?,noun,Daily Life,a2,A2_lesson_1
A2_v211,A2,Wecker,der,die Wecker,alarm clock,Der Wecker klingelt um 6 Uhr.,noun,Daily Life,a2,A2_lesson_2
A2_v212,A2,duschen,,,to shower,Ich dusche jeden Morgen.,other,Daily Life,a2,A2_lesson_2
A2_v213,A2,sich anziehen,,,to get dressed,Ich ziehe mich an.,other,Daily Life,a2,A2_lesson_2
A2_v214,A2,Zaehne putzen,,,to brush teeth,Ich putze mir die Zaehne.,other,Daily Life,a2,A2_lesson_2
A2_v216,A2,Abendessen,das,die Abendessen,dinner,Das Abendessen ist um 19 Uhr.,noun,Daily Life,a2,A2_lesson_2
A2_v217,A2,einschlafen,,,to fall asleep,Ich schlafe um 22 Uhr ein.,other,Daily Life,a2,A2_lesson_2
A2_v218,A2,Hausarbeit,die,die Hausarbeiten,housework,Am Samstag mache ich Hausarbeit.,noun,Daily Life,a2,A2_lesson_2
A2_v219,A2,deshalb,,,therefore,"Ich bin krank, deshalb bleibe ich zu Hause.",other,Grammar,a2,A2_lesson_3
A2_v220,A2,trotzdem,,,nevertheless,"Es regnet, trotzdem gehe ich spazieren.",other,Grammar,a2,A2_lesson_3
A2_v221,A2,weil,,,because,"Ich lerne Deutsch, weil ich in Berlin wohne.",other,Grammar,a2,A2_lesson_3
A2_v222,A2,obwohl,,,although,"Obwohl es kalt ist, gehe ich raus.",other,Grammar,a2,A2_lesson_3
A2_v223,A2,sondern,,,but rather,"Ich komme nicht heute, sondern morgen.",other,Grammar,a2,A2_lesson_3
A2_v224,A2,vorgestern,,,day before yesterday,Vorgestern war ich im Kino.,other,Time,a2,A2_lesson_3
A2_v225,A2,uebermorgen,,,day after tomorrow,Uebermorgen habe ich einen Termin.,other,Time,a2,A2_lesson_3
A2_v226,A2,taglich,,,daily,Ich lese taeglich die Zeitung.,other,Time,a2,A2_lesson_2
A2_v227,A2,woechentlich,,,weekly,Wir haben woechentlich ein Meeting.,other,Time,a2,A2_lesson_2
A2_v228,A2,monatlich,,,monthly,Die Miete zahle ich monatlich.,other,Time,a2,A2_lesson_2
A2_v229,A2,gekauft,,,bought,Ich habe Brot gekauft.,other,Past Activities,a2,A2_lesson_3
A2_v230,A2,getrunken,,,drank,Wir haben Kaffee getrunken.,other,Past Activities,a2,A2_lesson_3
A2_v231,A2,gegessen,,,ate,Ich habe Pizza gegessen.,other,Past Activities,a2,A2_lesson_3
A2_v232,A2,gelesen,,,read,Hast du das Buch gelesen?,other,Past Activities,a2,A2_lesson_3
A2_v233,A2,geschrieben,,,wrote,Ich habe einen Brief geschrieben.,other,Past Activities,a2,A2_lesson_3
A2_v234,A2,angerufen,,,called,Hast du deine Mutter angerufen?,other,Past Activities,a2,A2_lesson_3
A2_v235,A2,Bahnsteig,der,die Bahnsteige,platform,Der Zug faehrt ab Bahnsteig 5.,noun,Travel,a2,A2_lesson_4
A2_v236,A2,Fahrkarte,die,die Fahrkarten,ticket,Kaufen Sie eine Fahrkarte.,noun,Travel,a2,A2_lesson_4
A2_v237,A2,einfach,,,one-way,"Eine einfache Fahrkarte, bitte.",other,Travel,a2,A2_lesson_4
A2_v238,A2,hin und rueck,,,round trip,Moechten Sie hin und rueck?,other,Travel,a2,A2_lesson_4
A2_v239,A2,Ausweis,der,die Ausweise,ID card,Haben Sie Ihren Ausweis dabei?,noun,Travel,a2,A2_lesson_4
A2_v240,A2,Reiseplan,der,die Reiseplaene,itinerary,Mein Reiseplan ist fertig.,noun,Travel,a2,A2_lesson_4
A2_v241,A2,einchecken,,,to check in,Wir checken online ein.,other,Travel,a2,A2_lesson_4
A2_v242,A2,Aufenthalt,der,die Aufenthalte,stay,Der Aufenthalt dauert eine Woche.,noun,Travel,a2,A2_lesson_4
A2_v243,A2,frei,,,"free, available",Haben Sie ein freies Zimmer?,other,Travel,a2,A2_lesson_5
A2_v244,A2,Buchung,die,die Buchungen,booking,Die Buchung ist bestaetigt.,noun,Travel,a2,A2_lesson_5
A2_v245,A2,stornieren,,,to cancel,Ich muss die Reservierung stornieren.,other,Travel,a2,A2_lesson_5
A2_v246,A2,Uebernachtung,die,die Uebernachtungen,overnight stay,Eine Uebernachtung kostet 80 Euro.,noun,Travel,a2,A2_lesson_5
A2_v247,A2,Rechnung,die,die Rechnungen,bill,"Die Rechnung, bitte.",noun,Travel,a2,A2_lesson_5
A2_v248,A2,inklusive,,,inclusive,Das Fruehstueck ist inklusive.,other,Travel,a2,A2_lesson_5
A2_v249,A2,Pension,die,die Pensionen,guesthouse,Wir wohnen in einer Pension.,noun,Travel,a2,A2_lesson_5
A2_v250,A2,Angebot,das,die Angebote,"offer, special deal",Heute gibt es ein Angebot.,noun,Shopping,a2,A2_lesson_6
A2_v251,A2,Quittung,die,die Quittungen,receipt,Kann ich eine Quittung haben?,noun,Shopping,a2,A2_lesson_6
A2_v252,A2,umoetauschen,,,to exchange,Kann ich das hemd umtauschen?,other,Shopping,a2,A2_lesson_6
A2_v253,A2,passen,,,to fit,Die Hose passt mir gut.,other,Shopping,a2,A2_lesson_6
A2_v254,A2,Umkleidekabine,die,die Umkleidekabinen,fitting room,Die Umkleidekabine ist hinten.,noun,Shopping,a2,A2_lesson_6
A2_v521,A2,Zug,der,die Züge,train,Der Zug kommt um 14 Uhr an.,noun,Travel,a2,A2_lesson_4
A2_v522,A2,Bus,der,die Busse,bus,Der Bus fährt alle 10 Minuten.,noun,Travel,a2,A2_lesson_4
A2_v523,A2,U-Bahn,die,die U-Bahnen,subway,Die U-Bahn ist schneller.,noun,Travel,a2,A2_lesson_4
A2_v524,A2,Fahrplan,der,die Fahrpläne,timetable,Hier ist Fahrplan.,noun,Travel,a2,A2_lesson_4
A2_v525,A2,Verspätung,die,die Verspätungen,delay,Der Zug hat 20 Minuten Verspätung.,noun,Travel,a2,A2_lesson_4
A2_v526,A2,umsteigen,,,to transfer,Sie müssen in Köln umsteigen.,other,Travel,a2,A2_lesson_4
A2_v527,A2,aussteigen,,,to get off,Wir steigen an der nächsten Haltestelle aus.,other,Travel,a2,A2_lesson_4
A2_v528,A2,einsteigen,,,to get on,Bitte steigen Sie schnell ein.,other,Travel,a2,A2_lesson_4
A2_v529,A2,Haltestelle,die,die Haltestellen,stop (bus/tram),Die Haltestelle ist um die Ecke.,noun,Travel,a2,A2_lesson_4
A2_v530,A2,Taxi,das,die Taxis,taxi,Wir nehmen ein Taxi zum Flughafen.,noun,Travel,a2,A2_lesson_4
A2_v531,A2,Einzelzimmer,das,die Einzelzimmer,single room,Ich möchte ein Einzelzimmer.,noun,Travel,a2,A2_lesson_5
A2_v532,A2,Doppelzimmer,das,die Doppelzimmer,double room,Ein Doppelzimmer kostet 120 Euro.,noun,Travel,a2,A2_lesson_5
A2_v533,A2,Rezeption,die,die Rezeptionen,reception,Die Rezeption ist rund um die Uhr besetzt.,noun,Travel,a2,A2_lesson_5
A2_v534,A2,Schlüssel,der,die Schlüssel,key,Hier ist Ihr Schlüssel.,noun,Travel,a2,A2_lesson_5
A2_v535,A2,Frühstück,das,das Frühstücke,breakfast,Das Frühstück ist von 7 bis 10 Uhr.,noun,Travel,a2,A2_lesson_5
A2_v536,A2,abreisen,,,to depart/check out,Wir reisen morgen früh ab.,other,Travel,a2,A2_lesson_5
A2_v538,A2,Preis,der,die Preise,price,Der Preis ist zu hoch.,noun,Shopping,a2,A2_lesson_6
A2_v539,A2,Sonderangebot,das,die Sonderangebote,special offer,Das ist ein Sonderangebot.,noun,Shopping,a2,A2_lesson_6
A2_v540,A2,Öffnungszeiten,die,Öffnungszeiten,opening hours,Die Öffnungszeiten sind Mo-Fr 9-18 Uhr.,noun,Shopping,a2,A2_lesson_6
A2_v541,A2,Geld,das,die Gelder,money,Hast du genug Geld dabei?,noun,Shopping,a2,A2_lesson_6
A2_v542,A2,EC-Karte,die,die EC-Karten,debit card,Ich zahle mit EC-Karte.,noun,Shopping,a2,A2_lesson_6
A2_v543,A2,Speisekarte,die,die Speisekarten,menu,Kann ich Speisekarte sehen?,noun,Food,a2,A2_lesson_7
A2_v544,A2,Vorspeise,die,die Vorspeisen,appetizer/starter,Als Vorspeise nehme ich die Suppe.,noun,Food,a2,A2_lesson_7
A2_v545,A2,Hauptspeise,die,die Hauptspeisen,main course,Die Hauptspeise ist Schnitzel mit Pommes.,noun,Food,a2,A2_lesson_7
A2_v546,A2,Nachtisch,der,die Nachtische,dessert,Möchten Sie einen Nachtisch?,noun,Food,a2,A2_lesson_7
A2_v547,A2,Getränk,das,die Getränke,beverage,Was möchten Sie trinken?,noun,Food,a2,A2_lesson_7
A2_v548,A2,bestellen,,,to order,Haben Sie schon bestellt?,other,Food,a2,A2_lesson_7
A2_v549,A2,empfehlen,,,to recommend,Was können Sie empfehlen?,other,Food,a2,A2_lesson_7
A2_v550,A2,Bedienung,die,die Bedienungen,service / server,Die Bedienung ist sehr freundlich.,noun,Food,a2,A2_lesson_7
A2_v551,A2,schmecken,,,to taste,Die Suppe schmeckt ausgezeichnet.,other,Food,a2,A2_lesson_7
A2_v552,A2,Firma,die,die Firmen,company,Er arbeitet bei einer großen Firma.,noun,Work,a2,A2_lesson_8
A2_v553,A2,Kollege,der,die Kollegen,colleague (m),Mein Kollege hilft mir.,noun,Work,a2,A2_lesson_8
A2_v554,A2,Kollegin,die,die Kolleginnen,colleague (f),Meine Kollegin ist sehr nett.,noun,Work,a2,A2_lesson_8
A2_v555,A2,Chef,der,die Chefs,boss (m),Der Chef ist heute nicht da.,noun,Work,a2,A2_lesson_8
A2_v556,A2,Chefin,die,die Chefinnen,boss (f),Die Chefin hat eine Besprechung.,noun,Work,a2,A2_lesson_8
A2_v557,A2,Meeting,das,die Meetings,meeting,Das Meeting beginnt um 10 Uhr.,noun,Work,a2,A2_lesson_8
A2_v558,A2,Besprechung,die,die Besprechungen,discussion/meeting,Wir haben eine Besprechung.,noun,Work,a2,A2_lesson_8
A2_v559,A2,Bewerbung,die,die Bewerbungen,application,Ich habe meine Bewerbung geschickt.,noun,Work,a2,A2_lesson_8
A2_v560,A2,Vorstellungsgespräch,das,die Vorstellungsgespräche,job interview,Morgen habe ich ein Vorstellungsgespräch.,noun,Work,a2,A2_lesson_8
A2_v561,A2,Kurs,der,die Kurse,course,Der Kurs kostet 200 Euro.,noun,Education,a2,A2_lesson_9
A2_v562,A2,Unterricht,der,die Unterrichte,class/lesson,Der Unterricht beginnt um 9 Uhr.,noun,Education,a2,A2_lesson_9
A2_v563,A2,Prüfung,die,die Prüfungen,exam/test,Die Prüfung ist nächste Woche.,noun,Education,a2,A2_lesson_9
A2_v564,A2,Semester,das,die Semester,semester,Das Semester endet im Juli.,noun,Education,a2,A2_lesson_9
A2_v565,A2,Studium,das,die Studiengänge,studies (university),Mein Studium dauert drei Jahre.,noun,Education,a2,A2_lesson_9
A2_v566,A2,Note,die,die Noten,grade,Ich habe eine gute Note bekommen.,noun,Education,a2,A2_lesson_9
A2_v567,A2,Student,der,die Studenten,student (m),Der Student lernt Deutsch.,noun,Education,a2,A2_lesson_9
A2_v568,A2,Studentin,die,die Studentinnen,student (f),Die Studentin studiert Medizin.,noun,Education,a2,A2_lesson_9
A2_v569,A2,lernen,,,to learn,Ich lerne jeden Tag Deutsch.,other,Education,a2,A2_lesson_9
A2_v570,A2,bestehen,,,to pass (exam),"Ich hoffe, ich bestehe die Prüfung.",other,Education,a2,A2_lesson_9
A2_v571,A2,Termin,der,die Termine,appointment,Ich habe einen Termin beim Arzt.,noun,Health,a2,A2_lesson_11
A2_v572,A2,Sprechstunde,die,die Sprechstunden,office hours (doctor),Die Sprechstunde ist von 9 bis 12 Uhr.,noun,Health,a2,A2_lesson_11
A2_v573,A2,Überweisung,die,die Überweisungen,referral,Der Arzt gibt mir eine Überweisung.,noun,Health,a2,A2_lesson_11
A2_v574,A2,Krankmeldung,die,die Krankmeldungen,sick note,Ich brauche eine Krankmeldung für die Arbeit.,noun,Health,a2,A2_lesson_11
A2_v575,A2,krank,,,sick,Ich bin krank und bleibe zu Hause.,other,Health,a2,A2_lesson_11
A2_v576,A2,gesund,,,healthy,Ich möchte gesund bleiben.,other,Health,a2,A2_lesson_11
A2_v577,A2,Schmerz,der,die Schmerzen,pain,Ich habe starke Schmerzen im Rücken.,noun,Health,a2,A2_lesson_11
A2_v578,A2,Fieber messen,,,to take temperature,Der Arzt misst das Fieber.,other,Health,a2,A2_lesson_11
A2_v579,A2,Erkältung,die,die Erkältungen,cold (illness),Ich habe eine Erkältung.,noun,Health,a2,A2_lesson_11
A2_v580,A2,behandeln,,,to treat,Der Arzt behandelt den Patienten.,other,Health,a2,A2_lesson_11
A2_v581,A2,Apotheke,die,die Apotheken,pharmacy,Die Apotheke hat bis 18 Uhr geöffnet.,noun,Health,a2,A2_lesson_12
A2_v582,A2,Medikament,das,die Medikamente,medication,Nehmen Sie Medikament dreimal täglich.,noun,Health,a2,A2_lesson_12
A2_v583,A2,verschreiben,,,to prescribe,Der Arzt hat mir Antibiotika verschrieben.,other,Health,a2,A2_lesson_12
A2_v584,A2,Nebenwirkung,die,die Nebenwirkungen,side effect,Das Medikament hat Nebenwirkungen.,noun,Health,a2,A2_lesson_12
A2_v585,A2,Allergie,die,die Allergien,allergy,Ich habe eine Allergie gegen Pollen.,noun,Health,a2,A2_lesson_12
A2_v586,A2,Dosis,die,die Dosierungen,dosage,Die Dosis beträgt eine Tablette pro Tag.,noun,Health,a2,A2_lesson_12
A2_v587,A2,rezeptfrei,,,over-the-counter,Dieses Medikament ist rezeptfrei.,other,Health,a2,A2_lesson_12
A2_v588,A2,Salbe,die,die Salben,ointment,Die Salbe hilft gegen Hautausschlag.,noun,Health,a2,A2_lesson_12
A2_v589,A2,Ehemann,der,die Ehemänner,husband,Mein Ehemann arbeitet im Krankenhaus.,noun,Daily Life,a2,A2_lesson_1
A2_v590,A2,Ehefrau,die,die Ehefrauen,wife,Meine Ehefrau kocht sehr gut.,noun,Daily Life,a2,A2_lesson_1
A2_v591,A2,Bruder,der,die Brüder,brother,Mein Bruder wohnt in Hamburg.,noun,Daily Life,a2,A2_lesson_1
A2_v592,A2,Schwester,die,die Schwestern,sister,Meine Schwester ist Ärztin.,noun,Daily Life,a2,A2_lesson_1
A2_v593,A2,Opa,der,die Opas,grandpa,Mein Opa ist 80 Jahre alt.,noun,Daily Life,a2,A2_lesson_1
A2_v594,A2,Oma,die,die Omas,grandma,Meine Oma backt gern Kuchen.,noun,Daily Life,a2,A2_lesson_1
A2_v595,A2,Sohn,der,die Söhne,son,Mein Sohn geht in die Schule.,noun,Daily Life,a2,A2_lesson_1
A2_v596,A2,Tochter,die,die Töchter,daughter,Meine Tochter spielt Klavier.,noun,Daily Life,a2,A2_lesson_1
A2_v597,A2,Freund,der,die Freunde,friend (m) / boyfriend,Mein Freund besucht mich heute.,noun,Daily Life,a2,A2_lesson_15
A2_v598,A2,Miete,die,die Mieten,rent,Die Miete beträgt 800 Euro warm.,noun,Living,a2,A2_lesson_10
A2_v599,A2,Nebenkosten,die,Nebenkosten,utility costs,Die Nebenkosten sind in der Miete enthalten.,noun,Living,a2,A2_lesson_10
A2_v600,A2,Kaution,die,die Kautionen,security deposit,Die Kaution beträgt drei Kaltmieten.,noun,Living,a2,A2_lesson_10
A2_v601,A2,Mietvertrag,der,die Mietverträge,rental contract,Bitte unterschreiben Sie den Mietvertrag.,noun,Living,a2,A2_lesson_10
A2_v602,A2,umziehen,,,to move (house),Nächste Woche ziehe ich um.,other,Living,a2,A2_lesson_10
A2_v603,A2,einziehen,,,to move in,Ich ziehe am 1. Mai in die neue Wohnung ein.,other,Living,a2,A2_lesson_10
A2_v604,A2,Vermieter,der,die Vermieter,landlord,Der Vermieter ist sehr freundlich.,noun,Living,a2,A2_lesson_10
A2_v605,A2,Wohnungsanzeige,die,die Wohnungsanzeigen,housing ad,Ich suche eine Wohnungsanzeige in der Zeitung.,noun,Living,a2,A2_lesson_10
A2_v606,A2,Stock,der,die Stockwerke,floor / story,Die Wohnung ist im dritten Stock.,noun,Living,a2,A2_lesson_10
A2_v607,A2,Sonne,die,die Sonnen,sun,Die Sonne scheint heute.,noun,Nature,a2,A2_lesson_13
A2_v608,A2,Regen,der,,rain,Der Regen hört um 15 Uhr auf.,noun,Nature,a2,A2_lesson_13
A2_v609,A2,Schnee,der,,snow,Im Winter gibt es viel Schnee.,noun,Nature,a2,A2_lesson_13
A2_v610,A2,Wind,der,die Winde,wind,Der Wind ist heute stark.,noun,Nature,a2,A2_lesson_13
A2_v611,A2,Wolke,die,die Wolken,cloud,Am Himmel sind viele Wolken.,noun,Nature,a2,A2_lesson_13
A2_v612,A2,regnen,,,to rain,Es regnet schon den ganzen Tag.,other,Nature,a2,A2_lesson_13
A2_v613,A2,scheinen,,,to shine,Die Sonne scheint hell.,other,Nature,a2,A2_lesson_13
A2_v614,A2,Grad,das,die Grad,degree,Heute sind es 25 Grad.,noun,Nature,a2,A2_lesson_13
A2_v615,A2,Hobby,das,die Hobbys,hobby,Mein Hobby ist Fotografie.,noun,Hobbies,a2,A2_lesson_14
A2_v616,A2,Sport,der,die Sportarten,sport,Sport macht mir viel Spaß.,noun,Hobbies,a2,A2_lesson_14
A2_v617,A2,tanzen,,,to dance,Ich tanze gerne Salsa.,other,Hobbies,a2,A2_lesson_14
A2_v618,A2,malen,,,to paint,Sie malt gern Landschaften.,other,Hobbies,a2,A2_lesson_14
A2_v621,A2,Verein,der,die Vereine,club / association,Ich bin in einem Sportverein.,noun,Hobbies,a2,A2_lesson_14
A2_v620,A2,singen,,,to sing,Sie singt im Chor.,other,Hobbies,a2,A2_lesson_14
A2_v622,A2,Nachricht,die,die Nachrichten,message,Ich habe eine Nachricht bekommen.,noun,Technology,a2,A2_lesson_21
A2_v623,A2,E-Mail,die,die E-Mails,email,Schick mir eine E-Mail.,noun,Technology,a2,A2_lesson_21
A2_v624,A2,Anruf,der,die Anrufe,phone call,Ich erwarte einen Anruf.,noun,Technology,a2,A2_lesson_21
A2_v625,A2,anrufen,,,to call (phone),Kannst du mich morgen anrufen?,other,Technology,a2,A2_lesson_21
A2_v626,A2,Datei,die,die Dateien,file,Die Datei ist zu gross.,noun,Technology,a2,A2_lesson_21
A2_v627,A2,Internet,das,,internet,Das Internet ist heute langsam.,noun,Technology,a2,A2_lesson_21
A2_v628,A2,herunterladen,,,to download,Ich lade ein Programm herunter.,other,Technology,a2,A2_lesson_21
A2_v629,A2,schicken,,,to send,Ich schicke dir die Adresse.,other,Technology,a2,A2_lesson_21
A2_v630,A2,Laptop,der,die Laptops,laptop,Mein Laptop ist kaputt.,noun,Technology,a2,A2_lesson_21
A2_v631,A2,App,die,die Apps,app,Die App hilft beim Deutschlernen.,noun,Technology,a2,A2_lesson_21
A2_v632,A2,Passwort,das,die Passwörter,password,Ich habe mein Passwort vergessen.,noun,Technology,a2,A2_lesson_21
A2_v633,A2,Drucker,der,die Drucker,printer,Der Drucker hat kein Papier.,noun,Technology,a2,A2_lesson_21
A2_v634,A2,Formular,das,die Formulare,form,Füllen Sie bitte das Formular aus.,noun,Admin,a2,A2_lesson_20
A2_v635,A2,Unterschrift,die,die Unterschriften,signature,Hier fehlt Ihre Unterschrift.,noun,Admin,a2,A2_lesson_20
A2_v636,A2,Antrag,der,die Anträge,application (formal),Ich habe einen Antrag gestellt.,noun,Admin,a2,A2_lesson_20
A2_v637,A2,Geburtsdatum,das,die Geburtsdaten,date of birth,Mein Geburtsdatum ist der 3. Mai 1990.,noun,Admin,a2,A2_lesson_20
A2_v638,A2,Bestätigung,die,die Bestätigungen,confirmation,Ich warte auf die Bestätigung.,noun,Admin,a2,A2_lesson_20
A2_v639,A2,absagen,,,to cancel (appointment),Ich muss den Termin absagen.,other,Admin,a2,A2_lesson_20
A2_v640,A2,verschieben,,,to postpone,Können wir den Termin verschieben?,other,Admin,a2,A2_lesson_20
A2_v641,A2,Bescheinigung,die,die Bescheinigungen,certificate,Ich brauche eine Bescheinigung vom Amt.,noun,Admin,a2,A2_lesson_20
A2_v642,A2,Anmeldung,die,die Anmeldungen,registration,Die Anmeldung ist kostenlos.,noun,Admin,a2,A2_lesson_20
A2_v643,A2,Amt,das,die Ämter,public office,Das Amt hat von 8 bis 12 Uhr geöffnet.,noun,Admin,a2,A2_lesson_20
A2_v644,A2,zufrieden,,,satisfied,Ich bin mit dem Ergebnis zufrieden.,other,Feelings,a2,A2_lesson_18
A2_v645,A2,nervös,,,nervous,Vor der Prüfung bin ich nervös.,other,Feelings,a2,A2_lesson_18
A2_v646,A2,überrascht,,,surprised,Ich bin überrascht über das Geschenk.,other,Feelings,a2,A2_lesson_18
A2_v647,A2,Meinung,die,die Meinungen,opinion,Was ist deine Meinung?,noun,Feelings,a2,A2_lesson_18
A2_v648,A2,finden,,,to think (opinion),Ich finde den Film gut.,other,Feelings,a2,A2_lesson_18
A2_v649,A2,glauben,,,to believe,"Ich glaube, das stimmt.",other,Feelings,a2,A2_lesson_18
A2_v650,A2,hoffen,,,to hope,"Ich hoffe, du kommst bald.",other,Feelings,a2,A2_lesson_18
A2_v651,A2,öffnen,,,to open,Kannst du das Fenster öffnen?,other,Grammar,a2,A2_lesson_3
A2_v652,A2,schliessen,,,to close,Bitte schliessen Sie die Tür.,other,Grammar,a2,A2_lesson_3
A2_v653,A2,bringen,,,to bring,Kannst du mir Wasser bringen?,other,Daily Life,a2,A2_lesson_2
A2_v654,A2,holen,,,to fetch / get,Ich hole die Kinder von der Schule.,other,Daily Life,a2,A2_lesson_2
A2_v655,A2,kochen,,,to cook,Am Sonntag koche ich gern.,other,Daily Life,a2,A2_lesson_2
A2_v656,A2,putzen,,,to clean,Ich putze samstags die Wohnung.,other,Daily Life,a2,A2_lesson_2
A2_v657,A2,arbeiten,,,to work,Sie arbeitet bei einer Bank.,other,Work,a2,A2_lesson_8
A2_v658,A2,warten,,,to wait,Warte bitte einen Moment.,other,Daily Life,a2,A2_lesson_2
A2_v659,A2,antworten,,,to answer,Antworte bitte auf meine Frage.,other,Grammar,a2,A2_lesson_3
A2_v660,A2,wichtig,,,important,Das ist sehr wichtig.,other,Feelings,a2,A2_lesson_18
A2_v661,A2,schwer,,,hard / difficult,"Deutsch ist schwer, aber ich lerne weiter.",other,Feelings,a2,A2_lesson_18
A2_v662,A2,teuer,,,expensive,Das Hotel war sehr teuer.,other,Feelings,a2,A2_lesson_18
A2_v663,A2,billig,,,cheap,Dieses Restaurant ist billig.,other,Feelings,a2,A2_lesson_18
A2_v664,A2,interessant,,,interesting,Das Buch ist sehr interessant.,other,Feelings,a2,A2_lesson_18
A2_v665,A2,vielleicht,,,maybe,Vielleicht komme ich morgen.,other,Grammar,a2,A2_lesson_3
A2_v666,A2,eigentlich,,,actually,Eigentlich wollte ich kommen.,other,Grammar,a2,A2_lesson_3
A2_v667,A2,endlich,,,finally,Endlich ist der Sommer da.,other,Grammar,a2,A2_lesson_3
A2_v668,A2,plötzlich,,,suddenly,Plötzlich fing es an zu regnen.,other,Grammar,a2,A2_lesson_3
A2_v669,A2,normalerweise,,,normally,Normalerweise stehe ich um 7 Uhr auf.,other,Daily Life,a2,A2_lesson_2
A2_v670,A2,ziemlich,,,quite / fairly,Das Wetter ist ziemlich kalt.,other,Grammar,a2,A2_lesson_3
A2_v671,A2,Website,die,die Websites,website,Die Website ist sehr hilfreich.,noun,Technology,a2,A2_lesson_21
A2_v672,A2,Kaltmiete,die,die Kaltmieten,cold rent (base rent without utilities),Die Kaltmiete ist 600 Euro.,noun,Housing,a2,A2_lesson_10
A2_v673,A2,Warmmiete,die,die Warmmieten,warm rent (including utilities),Die Warmmiete beträgt 780 Euro.,noun,Housing,a2,A2_lesson_10
A2_v674,A2,Küche,die,die Küchen,kitchen,Die Küche hat einen Herd und einen Kühlschrank.,noun,Housing,a2,A2_lesson_10
A2_v675,A2,Bad,das,die Bäder,bathroom,"Das Bad ist klein, aber sauber.",noun,Housing,a2,A2_lesson_10
A2_v676,A2,Keller,der,die Keller,basement / cellar,Im Keller können Sie ihr Fahrrad abstellen.,noun,Housing,a2,A2_lesson_10
A2_v677,A2,Beschwerde,die,die Beschwerden,complaint,Ich möchte eine Beschwerde einreichen.,noun,Services,a2,A2_lesson_6
A2_v678,A2,kaputt,,,broken,Der Aufzug ist kaputt.,other,Services,a2,A2_lesson_6
A2_v679,A2,reparieren,,,to repair,Können Sie das bitte reparieren?,verb,Services,a2,A2_lesson_6
A2_v680,A2,Schaden,der,die Schäden,damage,Es gibt einen Schaden an der Tür.,noun,Services,a2,A2_lesson_6
A2_v681,A2,funktionieren,,,to function / work,Die Heizung funktioniert nicht.,verb,Services,a2,A2_lesson_6
A2_v682,A2,ärgern,,,to annoy,Das ärgert mich sehr.,verb,Feelings,a2,A2_lesson_6
A2_v683,A2,Lösung,die,die Lösungen,solution,Wir brauchen eine schnelle Lösung.,noun,Services,a2,A2_lesson_6
A2_v684,A2,zurückgeben,,,to return (something),Ich möchte das Produkt zurückgeben.,verb,Shopping,a2,A2_lesson_6
A2_v685,A2,Friseur,der,die Friseure,hairdresser,Ich habe einen Termin beim Friseur.,noun,Services,a2,A2_lesson_20
A2_v686,A2,Versicherung,die,die Versicherungen,insurance,Ich möchte meine Versicherung wechseln.,noun,Services,a2,A2_lesson_20
A2_v687,A2,bestätigen,,,to confirm,Bitte bestätigen Sie den Termin.,verb,Services,a2,A2_lesson_20
A2_v688,A2,Kundennummer,die,die Kundennummern,customer number,Meine Kundennummer ist 4567.,noun,Services,a2,A2_lesson_20
A2_v689,A2,Ausfall,der,die Ausfälle,cancellation (train/bus),Wegen des Ausfalls müssen wir einen Bus nehmen.,noun,Travel,a2,A2_lesson_23
A2_v690,A2,Unterkunft,die,die Unterkünfte,accommodation,Wir suchen eine günstige Unterkunft.,noun,Travel,a2,A2_lesson_4
A2_v691,A2,Notfall,der,die Notfälle,emergency,Im Notfall rufen Sie 112 an.,noun,Health,a2,A2_lesson_11
A2_v692,A2,Praxis,die,die Praxen,practice / clinic (doctor),Die Praxis hat von 8 bis 12 Uhr geöffnet.,noun,Health,a2,A2_lesson_11
A2_v693,A2,Einnahme,die,die Einnahmen,intake / dosage,Die Einnahme ist einmal täglich.,noun,Health,a2,A2_lesson_12
A2_v694,A2,Wirkstoff,der,die Wirkstoffe,active ingredient,Welcher Wirkstoff ist in diesem Medikament?,noun,Health,a2,A2_lesson_12
A2_v695,A2,Aufgabe,die,die Aufgaben,task / assignment,Ich habe heute viele Aufgaben.,noun,Work,a2,A2_lesson_8
A2_v696,A2,erledigen,,,to accomplish / complete,Ich muss die Arbeit noch erledigen.,verb,Work,a2,A2_lesson_8
A2_v697,A2,Frist,die,die Fristen,deadline,Die Frist ist am Freitag.,noun,Work,a2,A2_lesson_8
A2_v698,A2,Niveau,das,die Niveaus,level,Welches Niveau hast du?,noun,Education,a2,A2_lesson_9
A2_v699,A2,meiner Meinung nach,,,in my opinion,Meiner Meinung nach ist der Film gut.,phrase,Feelings,a2,A2_lesson_18
A2_v700,A2,Grund,der,die Gründe,reason,Was ist der Grund für deine Entscheidung?,noun,Feelings,a2,A2_lesson_18
A2_v701,A2,begründen,,,to justify / give reasons,Kannst du das begründen?,verb,Feelings,a2,A2_lesson_18
A2_v702,A2,deswegen,,,because of that,"Er ist krank, deswegen bleibt er zu Hause.",other,Grammar,a2,A2_lesson_3
A2_v703,A2,zunächst,,,first of all / initially,Zunächst müssen wir die Aufgabe lesen.,other,Grammar,a2,A2_lesson_3
A2_v704,A2,Wohnungseinrichtung,die,die Wohnungseinrichtungen,apartment furnishings,Die Wohnungseinrichtung ist modern.,noun,Housing,a2,A2_lesson_10
A2_v705,A2,Hof,der,die Höfe,courtyard / yard,Der Hof ist sehr groß.,noun,Housing,a2,A2_lesson_10
A2_v706,A2,Garage,die,die Garagen,garage,Die Garage ist für ein Auto.,noun,Housing,a2,A2_lesson_10
A2_v707,A2,Krankenwagen,der,die Krankenwagen,ambulance,Der Krankenwagen kam schnell.,noun,Health,a2,A2_lesson_11
A2_v708,A2,Impfung,die,die Impfungen,vaccination,Ich brauche eine Impfung.,noun,Health,a2,A2_lesson_11
A2_v709,A2,Feierabend,der,die Feierabende,end of work day,Ab 17 Uhr habe ich Feierabend.,noun,Work,a2,A2_lesson_8
A2_v710,A2,Überstunde,die,die Überstunden,overtime hour,Heute mache ich Überstunden.,noun,Work,a2,A2_lesson_8
A2_v711,A2,Zertifikat,das,die Zertifikate,certificate,Nach dem Kurs bekomme ich ein Zertifikat.,noun,Education,a2,A2_lesson_9
A2_v712,A2,einschreiben,,,to enroll,Ich möchte mich für den Kurs einschreiben.,verb,Education,a2,A2_lesson_9
A2_v713,A2,Beschäftigung,die,die Beschäftigungen,employment / occupation,Meine Beschäftigung ist Vollzeit.,noun,Services,a2,A2_lesson_20
A2_v714,A2,Öffnungszeit,die,die Öffnungszeiten,opening hours,Die Öffnungszeiten sind von 9 bis 18 Uhr.,noun,Services,a2,A2_lesson_20
A2_v715,A2,Taste,die,die Tasten,key (on keyboard),Drücken Sie die Eingabetaste.,noun,Technology,a2,A2_lesson_21
A2_v716,A2,Kamera,die,die Kameras,camera,Ich habe eine neue Kamera gekauft.,noun,Hobbies,a2,A2_lesson_14
A2_v717,A2,Ausflug,der,die Ausflüge,trip / excursion,Wir machen einen Ausflug ans Meer.,noun,Hobbies,a2,A2_lesson_14
A2_v718,A2,Luft,die,die Lüfte,air,Die Luft ist heute frisch.,noun,Nature,a2,A2_lesson_13
A2_v719,A2,Müll,der,,trash / garbage,Bitte den Müll trennen.,noun,Nature,a2,A2_lesson_22
A2_v720,A2,Temperatur,die,die Temperaturen,temperature,Die Temperatur liegt bei 25 Grad.,noun,Nature,a2,A2_lesson_13
A2_v721,A2,Sturm,der,die Stürme,storm,Ein Sturm kommt auf.,noun,Nature,a2,A2_lesson_13
A2_v722,A2,Regenbogen,der,die Regenbögen,rainbow,Nach dem Regen sehen wir einen Regenbogen.,noun,Nature,a2,A2_lesson_13
A2_v723,A2,Pflanze,die,die Pflanzen,plant,Die Pflanzen brauchen Wasser.,noun,Nature,a2,A2_lesson_22
A2_v724,A2,Baum,der,die Bäume,tree,Vor dem Haus steht ein großer Baum.,noun,Nature,a2,A2_lesson_22
A2_v725,A2,Wald,der,die Wälder,forest,Wir gehen im Wald spazieren.,noun,Nature,a2,A2_lesson_22
A2_v726,A2,Fluss,der,die Flüsse,river,Der Fluss fließt durch die Stadt.,noun,Nature,a2,A2_lesson_22
A2_v727,A2,Berg,der,die Berge,mountain,Im Winter fahren wir in die Berge.,noun,Nature,a2,A2_lesson_22
A2_v728,A2,sparen (Energie),,,to save (energy),Wir sollten Energie sparen.,verb,Nature,a2,A2_lesson_22
A2_v729,A2,Umweltverschmutzung,die,die Umweltverschmutzungen,environmental pollution,Die Umweltverschmutzung ist ein großes Problem.,noun,Nature,a2,A2_lesson_22
A2_v730,A2,Konzert,das,die Konzerte,concert,Das Konzert war fantastisch.,noun,Hobbies,a2,A2_lesson_14
A2_v731,A2,Museum,das,die Museen,museum,Das Museum hat am Montag geschlossen.,noun,Culture,a2,A2_lesson_14
A2_v732,A2,Ausstellung,die,die Ausstellungen,exhibition,Wir besuchen eine Ausstellung.,noun,Culture,a2,A2_lesson_14
A2_v733,A2,Theater,das,die Theater,theater,Heute Abend gehen wir ins Theater.,noun,Culture,a2,A2_lesson_14
A2_v734,A2,Spaziergang,der,die Spaziergänge,walk / stroll,Wir machen einen Spaziergang im Park.,noun,Hobbies,a2,A2_lesson_14
A2_v735,A2,Fahrrad fahren,,,to ride a bicycle,Ich fahre gern Fahrrad.,verb,Hobbies,a2,A2_lesson_14
A2_v736,A2,Einladung,die,die Einladungen,invitation,Ich habe eine Einladung zur Party bekommen.,noun,People,a2,A2_lesson_15
A2_v737,A2,Verabredung,die,die Verabredungen,appointment / date,Wir haben eine Verabredung für Samstag.,noun,People,a2,A2_lesson_15
A2_v738,A2,ausgehen,,,to go out,Am Samstag gehen wir aus.,verb,People,a2,A2_lesson_15
A2_v739,A2,vorbeikommen,,,to come by / visit,Kannst du heute Abend vorbeikommen?,verb,People,a2,A2_lesson_15
A2_v740,A2,Geschenk,das,die Geschenke,gift / present,Ich habe ein Geschenk für dich.,noun,People,a2,A2_lesson_16
A2_v741,A2,Bildschirm,der,die Bildschirme,screen / monitor,Der Bildschirm ist zu klein.,noun,Technology,a2,A2_lesson_21
A2_v742,A2,Maus,die,die Mäuse,mouse (computer),Meine Maus funktioniert nicht.,noun,Technology,a2,A2_lesson_21
A2_v743,A2,Tastatur,die,die Tastaturen,keyboard,Die Tastatur ist auf Deutsch.,noun,Technology,a2,A2_lesson_21
A2_v744,A2,Suchmaschine,die,die Suchmaschinen,search engine,Google ist eine Suchmaschine.,noun,Technology,a2,A2_lesson_21
A2_v745,A2,soziales Netzwerk,das,die sozialen Netzwerke,social network,Ich bin in einem sozialen Netzwerk.,noun,Technology,a2,A2_lesson_21
A2_v746,A2,Konto,das,die Konten,bank account,Ich möchte ein Konto eröffnen.,noun,Finance,a2,A2_lesson_20
A2_v747,A2,Zins,der,die Zinsen,interest rate,Die Zinsen sind niedrig.,noun,Finance,a2,A2_lesson_20
A2_v748,A2,Briefmarke,die,die Briefmarken,postage stamp,Ich brauche zwei Briefmarken.,noun,Admin,a2,A2_lesson_20
A2_v749,A2,Paket,das,die Pakete,package / parcel,Das Paket ist angekommen.,noun,Admin,a2,A2_lesson_20
A2_v750,A2,Briefkasten,der,die Briefkästen,mailbox,Der Briefkasten ist um die Ecke.,noun,Admin,a2,A2_lesson_20
A2_v751,A2,Sendung,die,die Sendungen,shipment / delivery,Die Sendung kommt morgen an.,noun,Admin,a2,A2_lesson_20
A2_v752,A2,Hilfe,die,die Hilfen,help,Ich brauche Hilfe.,noun,Health,a2,A2_lesson_11
A2_v753,A2,verletzt,,,injured,Bei dem Unfall wurde eine Person verletzt.,other,Health,a2,A2_lesson_11
A2_v754,A2,erleben,,,to experience,Ich habe etwas Lustiges erlebt.,verb,Past Activities,a2,A2_lesson_3
A2_v755,A2,passieren,,,to happen,Was ist gestern passiert?,verb,Past Activities,a2,A2_lesson_3
A2_v756,A2,genauso,,,just as,Mein Bruder ist genauso groß wie ich.,other,Feelings,a2,A2_lesson_18
A2_v757,A2,besser,,,better,Deutsch wird immer besser.,other,Feelings,a2,A2_lesson_18
A2_v758,A2,am besten,,,the best,Dieses Restaurant ist am besten.,other,Feelings,a2,A2_lesson_18
A2_v759,A2,weniger,,,less,Ich habe weniger Zeit als früher.,other,Feelings,a2,A2_lesson_18
A2_v760,A2,mehr,,,more,Ich brauche mehr Übung.,other,Feelings,a2,A2_lesson_18
A2_v761,A2,kapieren,,,to understand / get it,Ich kapiere die Aufgabe nicht.,verb,Education,a2,A2_lesson_9
A2_v762,A2,überlegen,,,to think about / consider,"Ich überlege, ob ich mitkomme.",verb,Feelings,a2,A2_lesson_18
A2_v763,A2,sich fühlen,,,to feel,Wie fühlst du dich heute?,verb,Health,a2,A2_lesson_11
A2_v764,A2,ungefähr,,,approximately,Das kostet ungefähr 50 Euro.,other,Grammar,a2,A2_lesson_1
A2_v765,A2,mindestens,,,at least,Du brauchst mindestens eine Stunde.,other,Grammar,a2,A2_lesson_1
A2_v766,A2,Heizung,die,die Heizungen,heating,Die Heizung ist im Winter wichtig.,noun,Housing,a2,A2_lesson_10
A2_v767,A2,Treppe,die,die Treppen,stairs,Die Treppe ist links.,noun,Housing,a2,A2_lesson_10
A2_v768,A2,Boden,der,die Böden,floor / ground,Der Boden ist aus Holz.,noun,Housing,a2,A2_lesson_10
A2_v769,A2,Wand,die,die Wände,wall,Die Wand ist weiß.,noun,Housing,a2,A2_lesson_10
A2_v770,A2,Fenster,das,die Fenster,window,Das Fenster geht zum Garten.,noun,Housing,a2,A2_lesson_10
A2_v771,A2,Suppe,die,die Suppen,soup,Die Suppe ist sehr warm.,noun,Food,a2,A2_lesson_7
A2_v772,A2,Salat,der,die Salate,salad,Ich möchte einen Salat.,noun,Food,a2,A2_lesson_7
A2_v773,A2,Kuchen,der,die Kuchen,cake,Der Kuchen schmeckt wunderbar.,noun,Food,a2,A2_lesson_7
A2_v774,A2,Durst,der,,thirst,Ich habe großen Durst.,noun,Food,a2,A2_lesson_7
A2_v775,A2,Hunger,der,Hunger,hunger,Hast du Hunger?,noun,Food,a2,A2_lesson_7
A2_v776,A2,Bestellung,die,die Bestellungen,order,Die Bestellung ist fertig.,noun,Food,a2,A2_lesson_7
A2_v777,A2,Trinkgeld,das,die Trinkgelder,tip,In Deutschland gibt man Trinkgeld.,noun,Food,a2,A2_lesson_7
A2_v778,A2,Reservierung,die,die Reservierungen,reservation,Ich habe eine Reservierung für zwei Personen.,noun,Travel,a2,A2_lesson_4
A2_v779,A2,Richtung,die,die Richtungen,direction,In welche Richtung müssen wir gehen?,noun,Travel,a2,A2_lesson_19
A2_v780,A2,Farbe,die,die Farben,color,Die Farbe gefällt mir sehr.,noun,Shopping,a2,A2_lesson_6
A2_v781,A2,Zahnarzt,der,die Zahnärzte,dentist,Ich habe einen Termin beim Zahnarzt.,noun,Health,a2,A2_lesson_11
A2_v782,A2,Versicherungskarte,die,die Versicherungskarten,insurance card,Ich habe meine Versicherungskarte vergessen.,noun,Health,a2,A2_lesson_11
A2_v783,A2,Hals,der,die Hälse,throat / neck,Mein Hals tut weh.,noun,Health,a2,A2_lesson_17
A2_v784,A2,Kopfschmerz,der,die Kopfschmerzen,headache,Ich habe Kopfschmerzen.,noun,Health,a2,A2_lesson_11
A2_v785,A2,Gehaltserhöhung,die,die Gehaltserhöhungen,salary increase,Ich habe eine Gehaltserhöhung bekommen.,noun,Work,a2,A2_lesson_8
A2_v786,A2,Mittagspause,die,die Mittagspausen,lunch break,Die Mittagspause ist von 12 bis 13 Uhr.,noun,Work,a2,A2_lesson_8
A2_v787,A2,Urlaubstag,der,die Urlaubstage,vacation day,Ich habe noch zehn Urlaubstage.,noun,Work,a2,A2_lesson_8
A2_v788,A2,Sprachkurs,der,die Sprachkurse,language course,Der Sprachkurs beginnt im September.,noun,Education,a2,A2_lesson_9
A2_v789,A2,Hausaufgabe,die,die Hausaufgaben,homework,Ich habe meine Hausaufgaben gemacht.,noun,Education,a2,A2_lesson_9
A2_v790,A2,Wörterbuch,das,die Wörterbücher,dictionary,Ich suche das Wort im Wörterbuch.,noun,Education,a2,A2_lesson_9
A2_v791,A2,Gewitter,das,die Gewitter,thunderstorm,Ein Gewitter kommt.,noun,Nature,a2,A2_lesson_13
A2_v792,A2,Nebel,der,Nebel,fog,Heute Morgen ist starker Nebel.,noun,Nature,a2,A2_lesson_13
A2_v793,A2,Hagel,der,Hagel,hail,Der Hagel hat die Autos beschädigt.,noun,Nature,a2,A2_lesson_13
A2_v794,A2,Minute,die,die Minuten,minute,Ich komme in zehn Minuten.,noun,Time,a2,A2_lesson_1
A2_v795,A2,Stunde,die,die Stunden,hour,Der Kurs dauert zwei Stunden.,noun,Time,a2,A2_lesson_2
A2_v796,A2,Sekunde,die,die Sekunden,second,Warte eine Sekunde.,noun,Time,a2,A2_lesson_1
A2_v797,A2,anziehen,,,to put on (clothes),Ich ziehe meine Jacke an.,verb,Daily Life,a2,A2_lesson_2
A2_v798,A2,ausziehen,,,to take off (clothes),Zieh deine Schuhe aus.,verb,Daily Life,a2,A2_lesson_2
A2_v799,A2,Zahnbürste,die,die Zahnbürsten,toothbrush,Ich kaufe eine neue Zahnbürste.,noun,Daily Life,a2,A2_lesson_2
A2_v800,A2,allerdings,,,however,"Das ist billig, allerdings nicht gut.",other,Grammar,a2,A2_lesson_3
A2_v801,A2,nämlich,,,namely / because,"Ich kann nicht kommen, ich habe nämlich keine Zeit.",other,Grammar,a2,A2_lesson_3
A2_v802,A2,wahrscheinlich,,,probably,Morgen regnet es wahrscheinlich.,other,Grammar,a2,A2_lesson_3
A2_v803,A2,fast,,,almost,Ich bin fast fertig.,other,Grammar,a2,A2_lesson_3
A2_v804,A2,schlimm,,,bad / severe,Das ist nicht so schlimm.,other,Feelings,a2,A2_lesson_18
A2_v805,A2,angenehm,,,pleasant,Das Wetter ist sehr angenehm.,other,Feelings,a2,A2_lesson_13
A2_v806,A2,bequem,,,comfortable,Dieser Stuhl ist sehr bequem.,other,Feelings,a2,A2_lesson_14
A2_v807,A2,gefährlich,,,dangerous,Das ist gefährlich.,other,Feelings,a2,A2_lesson_11
A2_v808,A2,aufräumen,,,to clean up / tidy,Ich räume mein Zimmer auf.,verb,Daily Life,a2,A2_lesson_2
A2_v809,A2,einkaufen gehen,,,to go shopping,Wir gehen heute einkaufen.,verb,Shopping,a2,A2_lesson_6
A2_v810,A2,anfangen,,,to start / begin,Der Kurs fängt um 9 Uhr an.,verb,Education,a2,A2_lesson_9
A2_v811,A2,aufhören,,,to stop / quit,Hör bitte auf zu lärmen.,verb,Daily Life,a2,A2_lesson_2
A2_v812,A2,überraschen,,,to surprise,Sie hat mich mit einem Geschenk überrascht.,verb,Feelings,a2,A2_lesson_16
A2_v813,A2,beschreiben,,,to describe,Kannst du den Weg beschreiben?,verb,Travel,a2,A2_lesson_19
A2_v814,A2,erklären,,,to explain,Können Sie das bitte erklären?,verb,Education,a2,A2_lesson_1
A2_v815,A2,einladen,,,to invite,Ich lade dich zu meiner Party ein.,verb,People,a2,A2_lesson_15
A2_v816,A2,mitbringen,,,to bring along,Kannst du etwas zu essen mitbringen?,verb,People,a2,A2_lesson_15
A2_v817,A2,stattfinden,,,to take place,Das Konzert findet am Samstag statt.,verb,Hobbies,a2,A2_lesson_14
A2_v818,A2,vorbereiten,,,to prepare,Ich bereite mich auf die Prüfung vor.,verb,Education,a2,A2_lesson_9
A2_v819,A2,klingeln,,,to ring,Das Telefon klingelt.,verb,Technology,a2,A2_lesson_21
A2_v820,A2,aussehen,,,to look / appear,Du siehst heute gut aus.,verb,Feelings,a2,A2_lesson_18
A2_v821,A2,wiederholen,,,to repeat,Kannst du das bitte wiederholen?,verb,Education,a2,A2_lesson_1
A2_v822,A2,leider,,,unfortunately,Leider habe ich keine Zeit.,other,Feelings,a2,A2_lesson_1
A2_v823,A2,fleissig,,,diligent / hardworking,Sie ist eine fleissige Studentin.,other,Feelings,a2,A2_lesson_18
A2_v824,A2,langweilig,,,boring,Der Film war langweilig.,other,Feelings,a2,A2_lesson_14
A2_v825,A2,furchtbar,,,terrible,Das Wetter ist heute furchtbar.,other,Feelings,a2,A2_lesson_13
A2_v826,A2,gemütlich,,,cozy / comfortable,Die Wohnung ist sehr gemütlich.,other,Housing,a2,A2_lesson_10
A2_v827,A2,schrecklich,,,terrible / awful,Das war ein schrecklicher Tag.,other,Feelings,a2,A2_lesson_3
A2_v828,A2,wunderbar,,,wonderful,Das Essen schmeckt wunderbar.,other,Feelings,a2,A2_lesson_7
A2_v829,A2,hin und zurück,,,round trip,"Eine Fahrkarte hin und zurück, bitte.",phrase,Travel,a2,A2_lesson_4
A2_v830,A2,Nichte,die,die Nichten,niece,Meine Nichte ist 5 Jahre alt.,noun,People,a2,A2_lesson_1
A2_v831,A2,Neffe,der,die Neffen,nephew,Mein Neffe geht zur Schule.,noun,People,a2,A2_lesson_1
A2_v832,A2,Bekannte,die,die Bekannten,acquaintance (female),Sie ist eine Bekannte von mir.,noun,People,a2,A2_lesson_15
A2_v833,A2,Währung,die,die Währungen,currency,Die Währung in Deutschland ist der Euro.,noun,Finance,a2,A2_lesson_20
A2_v834,A2,Geldautomat,der,die Geldautomaten,ATM,Der Geldautomat ist neben der Bank.,noun,Finance,a2,A2_lesson_20
A2_v835,A2,geradeaus,,,straight ahead,Gehen Sie geradeaus.,other,Travel,a2,A2_lesson_19
A2_v836,A2,links,,,left,Biegen Sie links ab.,other,Travel,a2,A2_lesson_19
A2_v837,A2,rechts,,,right,Das Museum ist rechts.,other,Travel,a2,A2_lesson_19
A2_v838,A2,Ecke,die,die Ecken,corner,Das Cafe ist um die Ecke.,noun,Travel,a2,A2_lesson_19
A2_v839,A2,Brücke,die,die Brücken,bridge,Gehen Sie über die Brücke.,noun,Travel,a2,A2_lesson_19
A2_v840,A2,Weihnachten,,,Christmas,Weihnachten feiern wir mit der Familie.,other,Culture,a2,A2_lesson_16
A2_v841,A2,Ostern,,,Easter,Ostern ist im Frühling.,other,Culture,a2,A2_lesson_16
A2_v842,A2,Silvester,,,New Year's Eve,Silvester gibt es ein großes Feuerwerk.,other,Culture,a2,A2_lesson_16
A2_v843,A2,Hund,der,die Hunde,dog,Der Hund bellt.,noun,Nature,a2,A2_lesson_22
A2_v844,A2,Katze,die,die Katzen,cat,Meine Katze schläft gern.,noun,Nature,a2,A2_lesson_22
A2_v845,A2,Vogel,der,die Vögel,bird,Die Vögel singen am Morgen.,noun,Nature,a2,A2_lesson_22
A2_v846,A2,Blume,die,die Blumen,flower,Die Blumen im Garten sind schön.,noun,Nature,a2,A2_lesson_22
A2_v847,A2,See,der,die Seen,lake,Am See kann man schwimmen.,noun,Nature,a2,A2_lesson_22
A2_v848,A2,kostenlos,,,free of charge,Der Eintritt ist kostenlos.,other,Hobbies,a2,A2_lesson_14
A2_v849,A2,Fehler,der,die Fehler,mistake,Ich habe einen Fehler gemacht.,noun,Education,a2,A2_lesson_9
A2_v850,A2,Sache,die,die Sachen,thing / matter,Das ist eine gute Sache.,noun,Daily Life,a2,A2_lesson_2
A2_v851,A2,genug,,,enough,Hast du genug Geld?,other,Shopping,a2,A2_lesson_6
A2_v852,A2,Rat,der,die Ratschläge,advice,Kannst du mir einen Rat geben?,noun,Feelings,a2,A2_lesson_18
A2_v853,A2,wünschen,,,to wish,Ich wünsche dir einen schönen Tag.,verb,Feelings,a2,A2_lesson_16
A2_v854,A2,sich treffen,,,to meet (each other),Wir treffen uns am Bahnhof.,verb,People,a2,A2_lesson_15
A2_v855,A2,sich unterhalten,,,to talk / converse,Wir unterhalten uns über das Wetter.,verb,People,a2,A2_lesson_15
A2_v856,A2,abholen,,,to pick up,Ich hole dich vom Flughafen ab.,verb,Travel,a2,A2_lesson_4
A2_v857,A2,wegwerfen,,,to throw away,Bitte wirf den Müll weg.,verb,Nature,a2,A2_lesson_22
A2_v858,A2,nachdenken,,,to think about / reflect,Ich denke über das Problem nach.,verb,Feelings,a2,A2_lesson_18
A2_v859,A2,verstehen,,,to understand,Ich verstehe die Frage nicht.,verb,Education,a2,A2_lesson_1
A2_v860,A2,vergessen,,,to forget,Ich habe meinen Schlüssel vergessen.,verb,Daily Life,a2,A2_lesson_2
A2_v861,A2,gefallen,,,to like / be pleasing,Die Stadt gefällt mir sehr.,verb,Feelings,a2,A2_lesson_14
A2_v862,A2,fehlen,,,to be missing / lack,Mir fehlt die Zeit.,verb,Daily Life,a2,A2_lesson_2
A2_v863,A2,beschließen,,,to decide,"Wir haben beschlossen, nach Berlin zu fahren.",verb,Travel,a2,A2_lesson_24
A2_v864,A2,schwierig,,,difficult,Die Prüfung war schwierig.,other,Education,a2,A2_lesson_9
A2_v865,A2,verschieden,,,different / various,Wir haben verschiedene Meinungen.,other,Feelings,a2,A2_lesson_18
A2_v866,A2,letzt,,,last,Letzte Woche war ich krank.,other,Time,a2,A2_lesson_2
A2_v867,A2,nächst,,,next,Nächste Woche beginnt der Kurs.,other,Time,a2,A2_lesson_9
A2_v868,A2,ganz,,,whole / entire / quite,Das ganze Haus ist sauber.,other,Housing,a2,A2_lesson_10
A2_v869,A2,einzig,,,only / single,Das ist mein einziges Problem.,other,Feelings,a2,A2_lesson_18
A2_v870,A2,selten,,,rarely,Ich gehe selten ins Kino.,other,Hobbies,a2,A2_lesson_14
A2_v871,A2,häufig,,,frequently,Das passiert häufig.,other,Daily Life,a2,A2_lesson_2
A2_v872,A2,sofort,,,immediately,Komm sofort her!,other,Daily Life,a2,A2_lesson_2
A2_v873,A2,zusammen,,,together,Wir machen die Hausaufgaben zusammen.,other,Education,a2,A2_lesson_9
A2_v874,A2,Es tut mir leid,,,I am sorry,"Es tut mir leid, ich komme zu spät.",phrase,Feelings,a2,A2_lesson_3
A2_v875,A2,Keine Ursache,,,You are welcome / no problem,Vielen Dank! Keine Ursache.,phrase,Daily Life,a2,A2_lesson_1
A2_v876,A2,Mach nichts,,,Doesn't matter,"Mach nichts, es ist nicht schlimm.",phrase,Feelings,a2,A2_lesson_15
A2_v877,A2,Prost,,,Cheers! (drinking),Prost! Auf deine Gesundheit!,phrase,Food,a2,A2_lesson_7
A2_v878,A2,Viel Glück,,,Good luck,Viel Glück bei der Prüfung!,phrase,Education,a2,A2_lesson_9
A2_v879,A2,außerhalb,,,outside of,Er wohnt außerhalb der Stadt.,other,Travel,a2,A2_lesson_19
A2_v880,A2,innerhalb,,,inside of / within,Innerhalb der Stadt gibt es viele Museen.,other,Travel,a2,A2_lesson_19
A2_v881,A2,gegen,,,against / towards,Wir fahren gegen Norden.,other,Travel,a2,A2_lesson_19
A2_v882,A2,ohne,,,without,Ich kann ohne Brille nicht lesen.,other,Grammar,a2,A2_lesson_1
A2_v883,A2,zwischen,,,between,Der Supermarkt ist zwischen der Bank und der Post.,other,Travel,a2,A2_lesson_19
A2_v884,A2,Morgen,der,die Morgen,morning,Am Morgen trinke ich Kaffee.,noun,Time,a2,A2_lesson_2
A2_v885,A2,Nachmittag,der,die Nachmittage,afternoon,Am Nachmittag gehe ich einkaufen.,noun,Time,a2,A2_lesson_2
A2_v886,A2,Abend,der,die Abende,evening,Am Abend sehe ich fern.,noun,Time,a2,A2_lesson_2
A2_v887,A2,gestern,,,yesterday,Gestern war ich im Kino.,other,Time,a2,A2_lesson_3
A2_v888,A2,heute,,,today,Heute habe ich viel zu tun.,other,Time,a2,A2_lesson_1
A2_v889,A2,Tüte,die,die Tüten,bag,"Eine Tüte, bitte.",noun,Shopping,a2,A2_lesson_6
A2_v890,A2,Arm,der,die Arme,arm,Mein Arm tut weh.,noun,Health,a2,A2_lesson_17
A2_v891,A2,Bein,das,die Beine,leg,Ich habe mir das Bein gebrochen.,noun,Health,a2,A2_lesson_17
A2_v892,A2,Fuß,der,die Füße,foot,Mein Fuß tut weh.,noun,Health,a2,A2_lesson_17
A2_v893,A2,Hand,die,die Hände,hand,Wasch dir die Hände.,noun,Health,a2,A2_lesson_17
A2_v894,A2,Auge,das,die Augen,eye,Er hat blaue Augen.,noun,Health,a2,A2_lesson_17
A2_v895,A2,Ohr,das,die Ohren,ear,Das Ohr tut weh.,noun,Health,a2,A2_lesson_17
A2_v896,A2,Obst,das,die Obstsorten,fruit,Obst ist gesund.,noun,Food,a2,A2_lesson_7
A2_v897,A2,Gemüse,das,die Gemüsesorten,vegetables,Ich kaufe frisches Gemüse.,noun,Food,a2,A2_lesson_7
A2_v898,A2,Saft,der,die Säfte,juice,Ich trinke gern Apfelsaft.,noun,Food,a2,A2_lesson_7
A2_v899,A2,Wein,der,die Weine,wine,"Ein Glas Rotwein, bitte.",noun,Food,a2,A2_lesson_7
A2_v900,A2,Brot,das,die Brote,bread,Ich kaufe ein Brot.,noun,Food,a2,A2_lesson_7
A2_v901,A2,Dusche,die,die Duschen,shower,Die Dusche ist kaputt.,noun,Housing,a2,A2_lesson_10
A2_v902,A2,Herd,der,die Herde,stove,Der Herd ist aus Glas.,noun,Housing,a2,A2_lesson_10
A2_v903,A2,Kühlschrank,der,die Kühlschränke,refrigerator,Im Kühlschrank ist Milch.,noun,Housing,a2,A2_lesson_10
A2_v904,A2,Sonnenschein,der,,sunshine,Heute gibt es viel Sonnenschein.,noun,Nature,a2,A2_lesson_13
A2_v905,A2,Schneemann,der,die Schneemänner,snowman,Die Kinder bauen einen Schneemann.,noun,Nature,a2,A2_lesson_13
A2_v906,A2,Park,der,die Parks,park,Im Park kann man spazieren gehen.,noun,Hobbies,a2,A2_lesson_14
A2_v907,A2,Schwimmbad,das,die Schwimmbäder,swimming pool,Am Wochenende gehen wir ins Schwimmbad.,noun,Hobbies,a2,A2_lesson_14
A2_v908,A2,Kirche,die,die Kirchen,church,Die Kirche ist sehr alt.,noun,Culture,a2,A2_lesson_19
A2_v909,A2,Marktplatz,der,die Marktplätze,market square,Der Marktplatz ist im Zentrum.,noun,Culture,a2,A2_lesson_19
A2_v910,A2,Einwohner,die,die Einwohner,inhabitants / residents,Die Stadt hat 100.000 Einwohner.,noun,Culture,a2,A2_lesson_24
A2_v911,A2,Schirm,der,die Schirme,umbrella,"Nimm einen Schirm mit, es regnet.",noun,Shopping,a2,A2_lesson_6
A2_v912,A2,Verkäuferin,die,die Verkäuferinnen,saleswoman,Die Verkäuferin war sehr freundlich.,noun,Work,a2,A2_lesson_6
A2_v913,A2,Verkäufer,der,die Verkäufer,salesman,Der Verkäufer hat mir geholfen.,noun,Work,a2,A2_lesson_6
A2_v914,A2,Lärm,der,,noise,Der Lärm von der Straße stört mich.,noun,Housing,a2,A2_lesson_10
A2_v915,A2,Datum,das,die Daten,date,Welches Datum haben wir heute?,noun,Time,a2,A2_lesson_1
B1_v001,B1,Abteilung,die,Abteilungen,department,Meine Abteilung hat zehn Mitarbeiter.,noun,Workplace,b1;workplace,B1_lesson_7
B1_v002,B1,Kollege,der,Kollegen,colleague,Mein Kollege hilft mir bei dem Projekt.,noun,Workplace,b1;workplace,B1_lesson_7
B1_v003,B1,Arbeitgeber,der,Arbeitgeber,employer,Mein Arbeitgeber bietet Fortbildungen an.,noun,Workplace,b1;workplace,B1_lesson_7
B1_v004,B1,Arbeitnehmer,der,Arbeitnehmer,employee,Die Arbeitnehmer fordern höhere Gehälter.,noun,Workplace,b1;workplace,B1_lesson_7
B1_v005,B1,Lebenslauf,der,Lebensläufe,CV,Ich habe meinen Lebenslauf aktualisiert.,noun,Workplace,b1;workplace,B1_lesson_7
B1_v006,B1,Vorstellungsgespräch,das,Vorstellungsgespräche,interview,Morgen habe ich ein Vorstellungsgespräch.,noun,Workplace,b1;workplace,B1_lesson_7
B1_v007,B1,Probezeit,die,Probezeiten,probation,In der Probezeit kann der Vertrag leichter gekündigt werden.,noun,Workplace,b1;workplace,B1_lesson_7
B1_v008,B1,Zeitung,die,Zeitungen,newspaper,Die Zeitung bringt aktuelle Nachrichten.,noun,Media,b1;media,B1_lesson_17
B1_v009,B1,Artikel,der,Artikel,article,Ich habe einen interessanten Artikel gelesen.,noun,Media,b1;media,B1_lesson_17
B1_v010,B1,Nachrichten,die,,news,Ich sehe jeden Abend die Nachrichten.,noun,Media,b1;media,B1_lesson_17
B1_v011,B1,Journalist,der,Journalisten,journalist,Der Journalist recherchiert für einen Artikel.,noun,Media,b1;media,B1_lesson_17
B1_v012,B1,Schlagzeile,die,Schlagzeilen,headline,Die Schlagzeile heute ist sehr überraschend.,noun,Media,b1;media,B1_lesson_17
B1_v013,B1,Kommentar,der,Kommentare,commentary,Hast du seinen Kommentar gelesen?,noun,Media,b1;media,B1_lesson_17
B1_v014,B1,Umweltschutz,der,,environmental protection,Umweltschutz ist wichtiger denn je.,noun,Environment,b1;environment,B1_lesson_2
B1_v015,B1,Klimawandel,der,Klimawandel,climate change,Der Klimawandel betrifft alle Länder.,noun,Environment,b1;environment,B1_lesson_2
B1_v016,B1,Nachhaltigkeit,die,,sustainability,Nachhaltigkeit ist ein großes Thema in der Politik.,noun,Environment,b1;environment,B1_lesson_2
B1_v017,B1,erneuerbare Energie,die,,renewable energy,Erneuerbare Energie wird immer wichtiger.,noun,Environment,b1;environment,B1_lesson_2
B1_v018,B1,Mülltrennung,die,,waste separation,In Deutschland ist Mülltrennung sehr wichtig.,noun,Environment,b1;environment,B1_lesson_2
B1_v019,B1,Diagnose,die,Diagnosen,diagnosis,Der Arzt hat die Diagnose gestellt.,noun,Health,b1;health,B1_lesson_12
B1_v020,B1,Behandlung,die,Behandlungen,treatment,Die Behandlung war erfolgreich.,noun,Health,b1;health,B1_lesson_12
B1_v021,B1,Notfall,der,Notfälle,emergency,Im Notfall rufen Sie den Notarzt.,noun,Health,b1;health,B1_lesson_12
B1_v022,B1,Medikament,das,Medikamente,medication,Das Medikament muss dreimal täglich eingenommen werden.,noun,Health,b1;health,B1_lesson_12
B1_v023,B1,Operation,die,Operationen,surgery,"Die Operation war kompliziert, aber erfolgreich.",noun,Health,b1;health,B1_lesson_12
B1_v024,B1,Bewerbung,die,Bewerbungen,application,Ich habe meine Bewerbung heute geschickt.,noun,Workplace,b1;workplace,B1_lesson_7
B1_v025,B1,Vertrag,der,Verträge,contract,Wir haben den Vertrag unterschrieben.,noun,Housing,b1;housing,B1_lesson_14
B1_v026,B1,Versicherung,die,Versicherungen,insurance,Die Versicherung zahlt die Behandlungskosten.,noun,Health,b1;health,B1_lesson_12
B1_v027,B1,Ausbildung,die,Ausbildungen,training,Sie macht eine Ausbildung als Krankenschwester.,noun,Education,b1;education,B1_lesson_3
B1_v028,B1,Erfahrung,die,Erfahrungen,experience,Ich habe viel Erfahrung in diesem Bereich.,noun,Education,b1;education,B1_lesson_3
B1_v029,B1,Meinung,die,Meinungen,opinion,Was ist deine Meinung zu diesem Thema?,noun,Media,b1;media,B1_lesson_17
B1_v030,B1,Diskussion,die,Diskussionen,discussion,Wir hatten eine lange Diskussion über das Thema.,noun,Education,b1;education,B1_lesson_3
B1_v031,B1,Zuschuss,der,Zuschüsse,subsidy,Der Staat gibt einen Zuschuss für die Miete.,noun,Finance,b1;finance,B1_lesson_25
B1_v032,B1,die Steuer,die,Steuern,tax,Die Steuer wird vom Gehalt abgezogen.,noun,Finance,b1;finance,B1_lesson_25
B1_v033,B1,Miete,die,Mieten,rent,Die Miete ist am ersten jedes Monats fällig.,noun,Housing,b1;housing,B1_lesson_14
B1_v034,B1,Vermieter,der,Vermieter,landlord,Der Vermieter hat die Miete erhöht.,noun,Housing,b1;housing,B1_lesson_14
B1_v035,B1,Nachricht,die,Nachrichten,news/message,Ich habe eine wichtige Nachricht bekommen.,noun,Media,b1;media,B1_lesson_17
B1_v036,B1,Zeitschrift,die,Zeitschriften,magazine,Ich lese gerne wissenschaftliche Zeitschriften.,noun,Media,b1;media,B1_lesson_17
B1_v037,B1,Politik,die,,politics,Er interessiert sich sehr für Politik.,noun,Society,b1;society,B1_lesson_1
B1_v038,B1,Gesellschaft,die,Gesellschaften,society,Die Gesellschaft verändert sich ständig.,noun,Society,b1;society,B1_lesson_1
B1_v039,B1,die Stelle,die,die Stellen,"position, job",Die Stelle als Verkäufer ist noch frei.,noun,,b1;workplace,B1_lesson_7
B1_v040,B1,die Berufserfahrung,die,,"position, job",Für diese Stelle braucht man drei Jahre Berufserfahrung.,noun,,b1;workplace,B1_lesson_7
B1_v041,B1,das Gehalt,das,die Gehälter,salary,Das Gehalt wird am Ende des Monats überwiesen.,noun,,b1;workplace;finance,B1_lesson_7
B1_v042,B1,die Firma,die,die Firmen,"company, firm",Meine Firma sucht neue Mitarbeiter.,noun,,b1;workplace,B1_lesson_7
B1_v043,B1,der Beruf,der,die Berufe,"profession, occupation",Was ist dein Beruf? Ich bin Ingenieur.,noun,,b1;workplace,B1_lesson_7
B1_v044,B1,die Verantwortung,die,die Verantwortungen,responsibility,In meinem Job habe ich viel Verantwortung.,noun,,b1;workplace,B1_lesson_7
B1_v045,B1,der Termin,der,die Termine,"appointment, meeting",Ich habe morgen um zehn Uhr einen Termin.,noun,,b1;workplace,B1_lesson_6
B1_v046,B1,die Besprechung,die,die Besprechungen,"meeting, discussion",Die Besprechung dauert etwa eine Stunde.,noun,,b1;workplace,B1_lesson_6
B1_v047,B1,der Anruf,der,die Anrufe,"boss, manager",Ich erwarte einen wichtigen Anruf von der Firma.,noun,,b1;workplace,B1_lesson_6
B1_v048,B1,die E-Mail,die,die E-Mails,email,Ich schreibe meinem Chef eine E-Mail.,noun,,b1;workplace,B1_lesson_6
B1_v049,B1,die Information,die,die Informationen,information,Können Sie mir weitere Informationen geben?,noun,,b1;workplace,B1_lesson_6
B1_v050,B1,das Studium,das,die Studiengänge,university studies,Mein Studium dauert sechs Semester.,noun,,b1;education,B1_lesson_21
B1_v051,B1,der Kurs,der,die Kurse,"course, class",Der Deutschkurs kostet 200 Euro pro Monat.,noun,,b1;education,B1_lesson_3
B1_v052,B1,die Prüfung,die,die Prüfungen,"exam, test",Die Prüfung am Ende des Kurses ist schwer.,noun,,b1;education,B1_lesson_3
B1_v053,B1,das Zeugnis,das,die Zeugnisse,"certificate, report card",Nach der Prüfung bekomme ich ein Zeugnis.,noun,,b1;education,B1_lesson_3
B1_v054,B1,die Universität,die,die Universitäten,male applicant,Die Universität bietet viele verschiedene Studiengänge an.,noun,,b1;education,B1_lesson_21
B1_v055,B1,der Student,der,die Studenten,student (male),Der Student lernt für die Prüfung.,noun,,b1;education,B1_lesson_21
B1_v056,B1,die Studentin,die,die Studentinnen,student (female),Die Studentin hat ihr Examen bestanden.,noun,,b1;education,B1_lesson_21
B1_v057,B1,die Note,die,die Noten,"grade, mark",Meine Note in Mathe ist eine Zwei.,noun,,b1;education,B1_lesson_3
B1_v058,B1,der Bericht,der,die Berichte,report,Der Bericht über den Unfall war sehr detailliert.,noun,,b1;media,B1_lesson_17
B1_v059,B1,die Sendung,die,die Sendungen,magazine,Meine Lieblingssendung läuft donnerstags um acht.,noun,,b1;media,B1_lesson_17
B1_v060,B1,die Wahl,die,die Wahlen,"election, choice",Bei der Wahl kann jeder seine Stimme abgeben.,noun,,b1;society,B1_lesson_1
B1_v061,B1,das Gesetz,das,die Gesetze,law,Das neue Gesetz hilft dem Umweltschutz.,noun,,b1;society,B1_lesson_1
B1_v062,B1,der Chef,der,die Chefs,"boss, manager",Mein Chef hat mir eine neue Aufgabe gegeben.,noun,,b1;workplace,B1_lesson_6
B1_v063,B1,die Aufgabe,die,die Aufgaben,"task, assignment",Diese Aufgabe muss ich bis morgen erledigen.,noun,,b1;workplace,B1_lesson_6
B1_v064,B1,die Entscheidung,die,die Entscheidungen,decision,Die Entscheidung des Chefs war überraschend.,noun,,b1;workplace,B1_lesson_1
B1_v065,B1,die Fähigkeit,die,die Fähigkeiten,"ability, skill",Für diesen Job braucht man gute Sprachfähigkeiten.,noun,,b1;workplace,B1_lesson_7
B1_v066,B1,die Fortbildung,die,die Fortbildungen,further training,Mein Arbeitgeber bezahlt die Fortbildung.,noun,,b1;education,B1_lesson_3
B1_v067,B1,die Weiterbildung,die,die Weiterbildungen,advanced training,Eine Weiterbildung hilft bei der Karriere.,noun,,b1;education,B1_lesson_3
B1_v068,B1,die Branche,die,die Branchen,"industry, sector",In dieser Branche gibt es viele neue Jobs.,noun,,b1;workplace,B1_lesson_7
B1_v069,B1,der Mitarbeiter,der,die Mitarbeiter,female applicant,Die Mitarbeiter treffen sich einmal pro Woche.,noun,,b1;workplace,B1_lesson_7
B1_v070,B1,die Führungskraft,die,die Führungskräfte,"manager, executive",Die Führungskraft ist für das Team verantwortlich.,noun,,b1;workplace,B1_lesson_7
B1_v071,B1,der Bewerber,der,die Bewerber,applicant (male),Es gibt viele Bewerber für diese Stelle.,noun,,b1;workplace,B1_lesson_7
B1_v072,B1,die Bewerberin,die,die Bewerberinnen,applicant (female),Die Bewerberin hat gute Referenzen.,noun,,b1;workplace,B1_lesson_7
B1_v073,B1,die Anforderung,die,die Anforderungen,requirement,Die Anforderungen für diesen Job sind hoch.,noun,,b1;workplace,B1_lesson_7
B1_v074,B1,der Zwischenruf,der,die Zwischenrufe,"interjection, interruption",Während der Diskussion gab es einen Zwischenruf.,noun,,b1;media,B1_lesson_1
B1_v075,B1,die Karriere,die,die Karrieren,career,Sie hat eine erfolgreiche Karriere als Ärztin.,noun,,b1;workplace,B1_lesson_7
B1_v076,B1,die Arbeitszeit,die,die Arbeitszeiten,working hours,Meine Arbeitszeit ist von neun bis fünf.,noun,,b1;workplace,B1_lesson_7
B1_v077,B1,die Pause,die,die Pausen,"break, pause",In der Mittagspause gehe ich essen.,noun,,b1;workplace,B1_lesson_6
B1_v078,B1,der Urlaub,der,die Urlaube,"vacation, holiday",Ich habe dreißig Tage Urlaub im Jahr.,noun,,b1;workplace,B1_lesson_7
B1_v079,B1,die Kündigung,die,die Kündigungen,"termination, notice",Die Kündigung muss schriftlich erfolgen.,noun,,b1;workplace,B1_lesson_7
B1_v080,B1,der Lohn,der,die Löhne,"wage, pay",Der Lohn wird am Ende des Monats ausgezahlt.,noun,,b1;workplace;finance,B1_lesson_7
B1_v081,B1,das Praktikum,das,die Praktika,internship,Im Sommer mache ich ein Praktikum bei einer Firma.,noun,,b1;education,B1_lesson_10
B1_v082,B1,die Prämie,die,die Prämien,"bonus, premium",Am Ende des Jahres bekomme ich eine Prämie.,noun,,b1;workplace;finance,B1_lesson_25
B1_v083,B1,die Überstunde,die,die Überstunden,overtime hour,Die Überstunden werden extra bezahlt.,noun,,b1;workplace,B1_lesson_7
B1_v084,B1,die Krankenkasse,die,Krankenkassen,health insurance company (statutory),"Ich bin bei der AOK, einer gesetzlichen Krankenkasse.",noun,,b1;health;insurance,B1_lesson_12
B1_v085,B1,die Gesundheitskarte,die,Gesundheitskarten,health insurance card,Ohne Gesundheitskarte kann der Arzt mich nicht behandeln.,noun,,b1;health;insurance,B1_lesson_12
B1_v086,B1,die Überweisung,die,Überweisungen,referral (medical),Der Hausarzt gibt mir eine Überweisung zum Facharzt.,noun,,b1;health;doctor,B1_lesson_12
B1_v087,B1,die Krankschreibung,die,Krankschreibungen,sick note / medical certificate,Nach drei Tagen brauche ich eine Krankschreibung vom Arzt.,noun,,b1;health;workplace,B1_lesson_12
B1_v088,B1,die Bescheinigung,die,Bescheinigungen,certificate,"Die Bescheinigung bestätigt, dass ich krank war.",noun,,b1;health;documents,B1_lesson_12
B1_v089,B1,die Untersuchung,die,Untersuchungen,examination / check-up,Bei der Untersuchung hat der Arzt mein Blut gemessen.,noun,,b1;health;doctor,B1_lesson_12
B1_v090,B1,die Nebenwirkung,die,Nebenwirkungen,side effect,"Dieses Medikament hat viele Nebenwirkungen, zum Beispiel Müdigkeit.",noun,,b1;health;pharmacy,B1_lesson_12
B1_v091,B1,die Dosierung,die,Dosierungen,dosage,Die Dosierung beträgt zweimal täglich eine Tablette.,noun,,b1;health;pharmacy,B1_lesson_12
B1_v092,B1,der Blutdruck,der,,blood pressure,Mein Blutdruck ist heute etwas zu hoch.,noun,,b1;health;doctor,B1_lesson_12
B1_v093,B1,die Temperatur,die,Temperaturen,temperature,"Ich habe Fieber, die Temperatur ist 39 Grad.",noun,,b1;health;symptoms,B1_lesson_12
B1_v094,B1,der Schmerz,der,Schmerzen,pain,Ich habe starke Schmerzen im Rücken.,noun,,b1;health;symptoms,B1_lesson_12
B1_v095,B1,der Husten,der,,cough,Mein Husten ist seit einer Woche nicht besser geworden.,noun,,b1;health;symptoms,B1_lesson_12
B1_v096,B1,die Entzündung,die,Entzündungen,inflammation,"Der Arzt sagt, ich habe eine Entzündung im Hals.",noun,,b1;health;symptoms,B1_lesson_12
B1_v097,B1,verschreiben,,,to prescribe,Der Arzt hat mir ein neues Medikament verschrieben.,verb,,b1;health;pharmacy,B1_lesson_12
B1_v098,B1,untersuchen,,,to examine,Der Arzt untersucht mich gründlich.,verb,,b1;health;doctor,B1_lesson_12
B1_v099,B1,behandeln,,,to treat,Der Arzt behandelt mich seit drei Jahren.,verb,,b1;health;doctor,B1_lesson_12
B1_v100,B1,sich erholen,,,to recover,Nach der OP muss ich mich zwei Wochen erholen.,verb,,b1;health;recovery,B1_lesson_12
B1_v101,B1,sich krankmelden,,,to call in sick,"Ich musste mich heute krankmelden, weil ich Fieber habe.",verb,,b1;health;workplace,B1_lesson_12
B1_v102,B1,die Sprechstunde,die,Sprechstunden,office hours / consultation hours,Die Sprechstunde ist von 9 bis 12 Uhr.,noun,,b1;health;doctor,B1_lesson_12
B1_v103,B1,der Facharzt,der,Fachärzte,specialist doctor,Mein Hausarzt hat mich zum Facharzt geschickt.,noun,,b1;health;doctor,B1_lesson_12
B1_v104,B1,das Rezept,das,Rezepte,prescription,Ich brauche ein Rezept für meine Tabletten.,noun,,b1;health;pharmacy,B1_lesson_12
B1_v105,B1,die Apotheke,die,Apotheken,pharmacy,Ich gehe zur Apotheke und hole das Medikament.,noun,,b1;health;pharmacy,B1_lesson_12
B1_v106,B1,die Tablette,die,Tabletten,tablet / pill,Die Tablette soll ich mit Wasser einnehmen.,noun,,b1;health;pharmacy,B1_lesson_12
B1_v107,B1,die Impfung,die,Impfungen,vaccination,Die Impfung gegen Grippe bekomme ich jedes Jahr.,noun,,b1;health;prevention,B1_lesson_12
B1_v108,B1,die Praxis,die,Praxen,practice / doctor surgery,Die Praxis ist montags bis freitags geöffnet.,noun,,b1;health;doctor,B1_lesson_12
B1_v109,B1,der Patient,der,Patienten,patient (male),Der Patient wartet im Wartezimmer auf den Arzt.,noun,,b1;health;hospital,B1_lesson_12
B1_v110,B1,die Patientin,die,Patientinnen,patient (female),Die Patientin hat starke Kopfschmerzen.,noun,,b1;health;hospital,B1_lesson_12
B1_v111,B1,die Krankheit,die,Krankheiten,illness / disease,Die Krankheit ist nicht ansteckend.,noun,,b1;health;general,B1_lesson_12
B1_v112,B1,der Arzt,der,Ärzte,doctor (male),"Der Arzt hat mir geraten, mehr Wasser zu trinken.",noun,,b1;health;doctor,B1_lesson_12
B1_v113,B1,die Ärztin,die,Ärztinnen,doctor (female),Die Ärztin untersucht mich jeden Monat.,noun,,b1;health;doctor,B1_lesson_12
B1_v114,B1,die Krankenpflegerin,die,Krankenpflegerinnen,nurse (female),Die Krankenpflegerin bringt mir das Essen.,noun,,b1;health;hospital,B1_lesson_12
B1_v115,B1,der Krankenpfleger,der,Krankenpfleger,nurse (male),Der Krankenpfleger hilft mir beim Aufstehen.,noun,,b1;health;hospital,B1_lesson_12
B1_v116,B1,das Krankenhaus,das,Krankenhäuser,hospital,Er wurde ins Krankenhaus eingeliefert.,noun,,b1;health;hospital,B1_lesson_12
B1_v117,B1,die Allergie,die,Allergien,allergy,Ich habe eine Allergie gegen Pollen.,noun,,b1;health;symptoms,B1_lesson_12
B1_v118,B1,die Erkältung,die,Erkältungen,cold (illness),Eine Erkältung dauert meistens etwa eine Woche.,noun,,b1;health;symptoms,B1_lesson_12
B1_v119,B1,das Fieber,das,,fever,Bei Fieber soll ich viel trinken und im Bett bleiben.,noun,,b1;health;symptoms,B1_lesson_12
B1_v120,B1,die Krankenversicherung,die,Krankenversicherungen,health insurance,In Deutschland ist eine Krankenversicherung Pflicht.,noun,,b1;health;insurance,B1_lesson_12
B1_v121,B1,die Vorsorge,die,,preventive care / check-up,Zur Vorsorge gehe ich einmal im Jahr zum Zahnarzt.,noun,,b1;health;prevention,B1_lesson_12
B1_v122,B1,die Zuzahlung,die,Zuzahlungen,co-payment,Für dieses Medikament muss ich eine Zuzahlung von fünf Euro leisten.,noun,,b1;health;insurance,B1_lesson_12
B1_v123,B1,das Wartezimmer,das,Wartezimmer,waiting room,Im Wartezimmer sitzen viele Patienten.,noun,,b1;health;doctor,B1_lesson_12
B1_v124,B1,der Hausarzt,der,Hausärzte,general practitioner / family doctor,Mein Hausarzt kennt mich schon seit meiner Kindheit.,noun,,b1;health;doctor,B1_lesson_12
B1_v125,B1,die OP,die,OPs,surgery (abbreviation),Die OP findet morgen um acht Uhr statt.,noun,,b1;health;hospital,B1_lesson_12
B1_v126,B1,die Salbe,die,Salben,ointment / cream,Die Salbe muss ich auf den Hautausschlag auftragen.,noun,,b1;health;pharmacy,B1_lesson_12
B1_v127,B1,die Wohnung,die,Wohnungen,apartment / flat,Unsere Wohnung hat drei Zimmer und eine Küche.,noun,,b1;housing,B1_lesson_14
B1_v128,B1,die Mietwohnung,die,Mietwohnungen,rental apartment,Wir suchen eine Mietwohnung in der Stadtmitte.,noun,,b1;housing,B1_lesson_14
B1_v129,B1,der Mietvertrag,der,Mietvertraege,rental contract,Vor dem Einzug unterschreiben wir den Mietvertrag.,noun,,b1;housing,B1_lesson_14
B1_v130,B1,die Kaution,die,Kautionen,security deposit,Die Kaution beträgt drei Kaltmieten.,noun,,b1;housing,B1_lesson_14
B1_v131,B1,die Nebenkosten,die,Nebenkosten,utility costs,In den Nebenkosten sind Wasser und Heizung enthalten.,noun,,b1;housing,B1_lesson_14
B1_v132,B1,die Mieterhöhung,die,Mieterhoehungen,rent increase,Der Vermieter hat eine Mieterhöhung angekündigt.,noun,,b1;housing,B1_lesson_14
B1_v133,B1,die Vermieterin,die,Vermieterinnen,landlord (female),Die Vermieterin wohnt im Erdgeschoß.,noun,,b1;housing,B1_lesson_14
B1_v134,B1,der Nachbar,der,Nachbarn,neighbor (male),Mein Nachbar hat mir seinen Bohrhammer geliehen.,noun,,b1;housing,B1_lesson_14
B1_v135,B1,die Nachbarin,die,Nachbarinnen,neighbor (female),Die Nachbarin beschwert sich über den Lärm.,noun,,b1;housing,B1_lesson_14
B1_v136,B1,die Heizung,die,Heizungen,heating,Im Winter muß die Heizung funktionieren.,noun,,b1;housing,B1_lesson_14
B1_v137,B1,der Schaden,der,Schaeden,damage,Der Schaden an der Wand muß repariert werden.,noun,,b1;housing,B1_lesson_14
B1_v138,B1,die Reparatur,die,Reparaturen,repair,Die Reparatur der Heizung dauert zwei Tage.,noun,,b1;housing,B1_lesson_14
B1_v139,B1,die Beschwerde,die,Beschwerden,complaint,Ich habe eine Beschwerde über die lauten Nachbarn eingereicht.,noun,,b1;housing,B1_lesson_14
B1_v140,B1,der Lärm,der,,noise,Der Lärm von der Baustelle ist unerträglich.,noun,,b1;housing,B1_lesson_14
B1_v141,B1,der Umzug,der,Umzuege,move / relocation,Der Umzug in die neue Wohnung ist nächste Woche.,noun,,b1;housing,B1_lesson_14
B1_v142,B1,kündigen,,,to cancel / to give notice,Ich muß meinen Mietvertrag fristgerecht kündigen.,verb,,b1;housing,B1_lesson_14
B1_v143,B1,reparieren,,,to repair,Der Vermieter muß die Heizung reparieren lassen.,verb,,b1;housing,B1_lesson_14
B1_v144,B1,sich beschweren,,,to complain,Wir müssen uns beim Vermieter über die Kälte beschweren.,verb,,b1;housing,B1_lesson_14
B1_v145,B1,einziehen,,,to move in,Wir ziehen am ersten März in die neue Wohnung ein.,verb,,b1;housing,B1_lesson_14
B1_v146,B1,ausziehen,,,to move out,Der Vormieter ist letzte Woche ausgezogen.,verb,,b1;housing,B1_lesson_14
B1_v147,B1,die Hausordnung,die,Hausordnungen,house rules,"Die Hausordnung sagt, daß nach 22 Uhr Ruhe herrscht.",noun,,b1;housing,B1_lesson_14
B1_v148,B1,der Hausmeister,der,Hausmeister,janitor / caretaker,Der Hausmeister kümmert sich um die Reparaturen.,noun,,b1;housing,B1_lesson_14
B1_v149,B1,das Stockwerk,das,Stockwerke,floor / story,Das Badezimmer ist im zweiten Stockwerk.,noun,,b1;housing,B1_lesson_14
B1_v150,B1,der Keller,der,Keller,basement / cellar,Im Keller steht unsere Waschmaschine.,noun,,b1;housing,B1_lesson_14
B1_v151,B1,der Balkon,der,Balkone,balcony,Vom Balkon aus habe ich einen schönen Ausblick.,noun,,b1;housing,B1_lesson_14
B1_v152,B1,der Dachboden,der,Dachboeden,attic,Auf dem Dachboden lagern wir alte Möbel.,noun,,b1;housing,B1_lesson_14
B1_v153,B1,das Treppenhaus,das,Treppenhaeuser,stairwell,Das Treppenhaus muß einmal pro Woche gereinigt werden.,noun,,b1;housing,B1_lesson_14
B1_v154,B1,der Fahrstuhl,der,Fahrstuehle,elevator,"Der Fahrstuhl ist kaputt, ich muß die Treppe nehmen.",noun,,b1;housing,B1_lesson_14
B1_v155,B1,der Wasserhahn,der,Wasserhaehne,faucet,Der Wasserhahn in der Küche tropft schon seit Tagen.,noun,,b1;housing,B1_lesson_14
B1_v156,B1,der Abfluß,der,Abfluesse,drain,Der Abfluß in der Dusche ist verstopft.,noun,,b1;housing,B1_lesson_14
B1_v157,B1,der Strom,der,Stroeme,electricity,"Der Strom wurde abgestellt, weil die Rechnung nicht bezahlt wurde.",noun,,b1;housing,B1_lesson_14
B1_v158,B1,das Erdgeschoß,das,Erdgeschosse,ground floor,Die Wohnung im Erdgeschoß hat einen kleinen Garten.,noun,,b1;housing,B1_lesson_14
B1_v159,B1,der Vormieter,der,Vormieter,previous tenant,Der Vormieter hat die Wohnung gestrichen.,noun,,b1;housing,B1_lesson_14
B1_v160,B1,die Betriebskosten,die,Betriebskosten,operating costs,Die Betriebskosten werden einmal im Jahr abgerechnet.,noun,,b1;housing,B1_lesson_14
B1_v161,B1,die Wohnungsanzeige,die,Wohnungsanzeigen,apartment ad,Ich habe die Wohnungsanzeige in der Zeitung gefunden.,noun,,b1;housing,B1_lesson_14
B1_v162,B1,die Wohnungsbesichtigung,die,Wohnungsbesichtigungen,apartment viewing,Die Wohnungsbesichtigung ist morgen um 16 Uhr.,noun,,b1;housing,B1_lesson_14
B1_v163,B1,die Mietkaution,die,Mietkautionen,rental deposit,Die Mietkaution muß vor dem Einzug bezahlt werden.,noun,,b1;housing,B1_lesson_14
B1_v164,B1,die Kaltmiete,die,Kaltmieten,cold rent (base rent),Die Kaltmiete beträgt 800 Euro plus Nebenkosten.,noun,,b1;housing,B1_lesson_14
B1_v165,B1,die Warmmiete,die,Warmmieten,warm rent (incl. utilities),Die Warmmiete liegt bei 950 Euro im Monat.,noun,,b1;housing,B1_lesson_14
B1_v166,B1,die Einbauküche,die,Einbaukuechen,fitted kitchen,Die Wohnung hat eine Einbauküche mit allen Geräten.,noun,,b1;housing,B1_lesson_14
B1_v167,B1,die Renovierung,die,Renovierungen,renovation,Nach der Renovierung sieht die Wohnung wie neu aus.,noun,,b1;housing,B1_lesson_14
B1_v168,B1,die Mietminderung,die,Mietminderungen,rent reduction,Wegen der kaputten Heizung beantrage ich eine Mietminderung.,noun,,b1;housing,B1_lesson_14
B1_v169,B1,die Waschmaschine,die,Waschmaschinen,washing machine,Die Waschmaschine im Keller ist für alle Mieter.,noun,,b1;housing,B1_lesson_14
B1_v170,B1,der Hausrat,der,,household contents,Mein Hausrat ist gegen Schaden versichert.,noun,,b1;housing,B1_lesson_14
B1_v171,B1,das Wohnviertel,das,Wohnviertel,residential area / neighborhood,Unser Wohnviertel ist sehr ruhig und grün.,noun,,b1;housing,B1_lesson_14
B1_v172,B1,die Mietpartei,die,Mietparteien,tenant / party to the lease,Im Haus wohnen vier Mietparteien.,noun,,b1;housing,B1_lesson_14
B1_v173,B1,der Wohnungswechsel,der,Wohnungswechsel,change of apartment,Ein Wohnungswechsel ist immer mit viel Streß verbunden.,noun,,b1;housing,B1_lesson_14
B1_v174,B1,die Klingel,die,Klingeln,doorbell,Die Klingel an der Wohnungstür ist kaputt.,noun,,b1;housing,B1_lesson_14
B1_v175,B1,der Mitbewohner,der,Mitbewohner,housemate / roommate,Mein Mitbewohner und ich teilen uns die Miete.,noun,,b1;housing,B1_lesson_14
B1_v176,B1,die Umwelt,die,,environment,Wir müssen die Umwelt für unsere Kinder schützen.,noun,,b1;environment,B1_lesson_2
B1_v177,B1,die Verschmutzung,die,Verschmutzungen,pollution,Die Verschmutzung der Luft ist in der Stadt besonders hoch.,noun,,b1;environment,B1_lesson_2
B1_v178,B1,das Klima,das,Klimate,climate,Das Klima in Deutschland wird immer wärmer.,noun,,b1;environment,B1_lesson_2
B1_v179,B1,sparen,,,to save,"Wir sparen Energie, indem wir öfter das Licht ausschalten.",verb,,b1;environment,B1_lesson_2
B1_v180,B1,vermeiden,,,to avoid,"Ich versuche, Plastikverpackungen zu vermeiden.",verb,,b1;environment,B1_lesson_2
B1_v181,B1,schützen,,,to protect,Wir müssen die Tierwelt schützen.,verb,,b1;environment,B1_lesson_9
B1_v182,B1,recyceln,,,to recycle,In Deutschland recyceln die meisten Haushalte ihren Abfall.,verb,,b1;environment,B1_lesson_2
B1_v183,B1,die Energie,die,Energien,energy,Erneuerbare Energie ist wichtig für den Klimaschutz.,noun,,b1;environment,B1_lesson_2
B1_v184,B1,der Abfall,der,Abfaelle,waste / garbage,Der Abfall wird in verschiedene Tonnen sortiert.,noun,,b1;environment,B1_lesson_2
B1_v185,B1,die Mülltonne,die,Mülltonnen,garbage bin,Die Mülltonne wird jeden Dienstag geleert.,noun,,b1;environment,B1_lesson_2
B1_v186,B1,die Ressource,die,Ressourcen,resource,Wir müssen die natürlichen Ressourcen schonen.,noun,,b1;environment,B1_lesson_2
B1_v187,B1,die Solaranlage,die,Solaranlagen,solar panel system,Auf unserem Dach ist eine Solaranlage installiert.,noun,,b1;environment,B1_lesson_2
B1_v188,B1,der CO2-Ausstoß,der,,CO2 emissions,Der CO2-Ausstoß muß bis 2030 reduziert werden.,noun,,b1;environment,B1_lesson_2
B1_v189,B1,die Erderwärmung,die,,global warming,Die Erderwärmung bedroht viele Tierarten.,noun,,b1;environment,B1_lesson_2
B1_v190,B1,die Natur,die,,nature,"Ich liebe es, in der Natur spazieren zu gehen.",noun,,b1;environment,B1_lesson_9
B1_v191,B1,der Lebensraum,der,Lebensraeume,habitat,Der Lebensraum vieler Tiere wird immer kleiner.,noun,,b1;environment,B1_lesson_9
B1_v192,B1,die Luft,die,,air,Die Luft auf dem Land ist sauberer als in der Stadt.,noun,,b1;environment,B1_lesson_2
B1_v193,B1,die Plastiktüte,die,Plastiktüten,plastic bag,Seit 2022 dürfen Plastiktüten nicht mehr kostenlos abgegeben werden.,noun,,b1;environment,B1_lesson_2
B1_v194,B1,der Naturschutz,der,,nature conservation,Der Naturschutz ist ein wichtiges Thema in der Politik.,noun,,b1;environment,B1_lesson_9
B1_v195,B1,die S-Bahn,die,S-Bahnen,suburban train,Die S-Bahn fährt alle zehn Minuten.,noun,,b1;transport,B1_lesson_15
B1_v196,B1,die U-Bahn,die,U-Bahnen,subway / underground,Mit der U-Bahn bin ich in fünf Minuten am Hauptbahnhof.,noun,,b1;transport,B1_lesson_15
B1_v197,B1,der Hauptbahnhof,der,Hauptbahnhöfe,main train station,Vom Hauptbahnhof fahren Züge in alle deutschen Städte.,noun,,b1;transport,B1_lesson_15
B1_v198,B1,der Busbahnhof,der,Busbahnhöfe,bus station,Der Busbahnhof ist neben dem Einkaufszentrum.,noun,,b1;transport,B1_lesson_15
B1_v199,B1,die Haltestelle,die,Haltestellen,bus stop / tram stop,Die Haltestelle ist nur fünf Minuten von meiner Wohnung entfernt.,noun,,b1;transport,B1_lesson_15
B1_v200,B1,das Ticket,das,Tickets,ticket,Ein Ticket für die Bahn kostet 30 Euro.,noun,,b1;transport,B1_lesson_15
B1_v201,B1,die Fahrkarte,die,Fahrkarten,fare ticket,Die Fahrkarte kann ich am Automaten kaufen.,noun,,b1;transport,B1_lesson_15
B1_v202,B1,die Monatskarte,die,Monatskarten,monthly paß,"Eine Monatskarte lohnt sich, wenn ich jeden Tag fahre.",noun,,b1;transport,B1_lesson_15
B1_v203,B1,die Fahrplanänderung,die,Fahrplanänderungen,schedule change,Wegen Bauarbeiten gibt es eine Fahrplanänderung.,noun,,b1;transport,B1_lesson_15
B1_v204,B1,die Linie,die,Linien,line (bus/train),Die Buslinie 42 fährt direkt zum Flughafen.,noun,,b1;transport,B1_lesson_15
B1_v205,B1,der Fahrgast,der,Fahrgaeste,passenger,"Die Fahrgäste werden gebeten, die Türen freizuhalten.",noun,,b1;transport,B1_lesson_15
B1_v206,B1,die Verspätung,die,Verspaetungen,delay,Der Zug hat eine Stunde Verspätung.,noun,,b1;transport,B1_lesson_24
B1_v207,B1,der Stau,der,Staus,traffic jam,Im Berufsverkehr steht man oft im Stau.,noun,,b1;transport,B1_lesson_24
B1_v208,B1,der Verkehr,der,,traffic,Der Verkehr in der Innenstadt ist morgens sehr stark.,noun,,b1;transport,B1_lesson_24
B1_v209,B1,die Baustelle,die,Baustellen,construction site,Wegen einer Baustelle ist die Strasse gesperrt.,noun,,b1;transport,B1_lesson_24
B1_v210,B1,die Umleitung,die,Umleitungen,detour,Wegen der Baustelle gibt es eine Umleitung.,noun,,b1;transport,B1_lesson_24
B1_v211,B1,der Radweg,der,Radwege,bike lane,Der Radweg führt entlang des Flusses.,noun,,b1;transport,B1_lesson_15
B1_v212,B1,die Fahrgemeinschaft,die,Fahrgemeinschaften,carpool,Mit einer Fahrgemeinschaft spare ich Benzin und Geld.,noun,,b1;transport,B1_lesson_24
B1_v213,B1,die Bushaltestelle,die,Bushaltestellen,bus stop,An der Bushaltestelle warten viele Schüler.,noun,,b1;transport,B1_lesson_15
B1_v214,B1,der Personenbahnhof,der,Personenbahnhöfe,passenger station,Der alte Personenbahnhof wird renoviert.,noun,,b1;transport,B1_lesson_15
B1_v215,B1,das Abonnement,das,Abonnements,subscription / season ticket,Mein Abonnement für den Bus gilt ein ganzes Jahr.,noun,,b1;transport,B1_lesson_15
B1_v216,B1,die Heimat,die,Heimaten,homeland,"Nachhaltigkeit bedeutet auch, die Heimat zu schützen.",noun,,b1;environment,B1_lesson_9
B1_v217,B1,der Wald,der,Waelder,forest,Im Wald kann ich mich richtig erholen.,noun,,b1;environment,B1_lesson_9
B1_v218,B1,der Park,der,Parks,park,Im Park dürfen Hunde nicht auf den Spielplatz.,noun,,b1;environment,B1_lesson_15
B1_v219,B1,der Fußgänger,der,Fußgaenger,pedestrian,Fußgänger haben an der Ampel Vorrang.,noun,,b1;transport,B1_lesson_24
B1_v220,B1,die Fußgängerzone,die,Fußgaengerzonen,pedestrian zone,In der Fußgängerzone darf man nicht mit dem Auto fahren.,noun,,b1;transport,B1_lesson_24
B1_v221,B1,die Umweltverschmutzung,die,,environmental pollution,Die Umweltverschmutzung nimmt in vielen Städten zu.,noun,,b1;environment,B1_lesson_2
B1_v222,B1,die Müllabfuhr,die,,waste collection,Die Müllabfuhr kommt jeden Freitag.,noun,,b1;environment,B1_lesson_2
B1_v223,B1,die Biotonne,die,Biotonnen,organic waste bin,In die Biotonne kommen Obst- und Gemüsereste.,noun,,b1;environment,B1_lesson_2
B1_v224,B1,die Art,die,Arten,species,Viele Tierarten sind vom Aussterben bedroht.,noun,,b1;environment,B1_lesson_9
B1_v225,B1,das Fahrrad,das,Fahrraeder,bicycle,Ich fahre jeden Tag mit dem Fahrrad zur Arbeit.,noun,,b1;transport,B1_lesson_15
B1_v226,B1,der Beitrag,der,Beiträge,post / contribution,Der Beitrag im Forum hat viele Kommentare bekommen.,noun,,b1;media,B1_lesson_8
B1_v227,B1,die Werbung,die,,advertisement,Im Fernsehen gibt es zu viel Werbung.,noun,,b1;media,B1_lesson_17
B1_v228,B1,das Argument,das,Argumente,argument (reason),Sein Argument war überzeugend.,noun,,b1;media,B1_lesson_1
B1_v229,B1,der Vorteil,der,Vorteile,advantage,Ein Vorteil von Social Media ist die schnelle Kommunikation.,noun,,b1;media,B1_lesson_8
B1_v230,B1,der Nachteil,der,Nachteile,disadvantage,Ein Nachteil ist der Verlust der Privatsphäre.,noun,,b1;media,B1_lesson_8
B1_v231,B1,die Quelle,die,Quellen,source,Die Quelle dieser Information ist vertrauenswürdig.,noun,,b1;media,B1_lesson_17
B1_v232,B1,veröffentlichen,,,to publish,Der Artikel wurde gestern veröffentlicht.,verb,,b1;media,B1_lesson_17
B1_v233,B1,kommentieren,,,to comment,Viele Leser haben den Beitrag kommentiert.,verb,,b1;media,B1_lesson_8
B1_v234,B1,zustimmen,,,to agree,Ich stimme deiner Meinung voll und ganz zu.,verb,,b1;media,B1_lesson_1
B1_v235,B1,widersprechen,,,to disagree,Ich muss dir leider widersprechen.,verb,,b1;media,B1_lesson_1
B1_v236,B1,behaupten,,,to claim,"Der Autor behauptet, dass die Politik versagt hat.",verb,,b1;media,B1_lesson_1
B1_v237,B1,die Reportage,die,Reportagen,report / documentary,Die Reportage über den Klimawandel war sehr informativ.,noun,,b1;media,B1_lesson_17
B1_v238,B1,die Nachrichtenagentur,die,Nachrichtenagenturen,news agency,Die Nachrichtenagentur hat die Meldung bestätigt.,noun,,b1;media,B1_lesson_17
B1_v239,B1,die Schlagzeilen,die,Schlagzeilen,headlines (plural),Die Schlagzeilen heute sind voller Politik.,noun,,b1;media,B1_lesson_17
B1_v240,B1,die Presseschau,die,Presseschauen,press review,In der Presseschau werden die wichtigsten Artikel zusammengefasst.,noun,,b1;media,B1_lesson_17
B1_v241,B1,das Profil,das,Profile,profile (social media),Auf meinem Profil habe ich ein neues Foto hochgeladen.,noun,,b1;media,B1_lesson_8
B1_v242,B1,die Plattform,die,Plattformen,platform,Welche Social-Media-Plattform nutzt du am liebsten?,noun,,b1;media,B1_lesson_8
B1_v243,B1,der Account,der,Accounts,account,Ich habe meinen Account bei dieser App gelöscht.,noun,,b1;media,B1_lesson_8
B1_v244,B1,der Follower,der,Follower,follower,Sie hat über tausend Follower auf Instagram.,noun,,b1;media,B1_lesson_8
B1_v245,B1,das Netzwerk,das,Netzwerke,network,LinkedIn ist ein berufliches Netzwerk.,noun,,b1;media,B1_lesson_8
B1_v246,B1,die Suchmaschine,die,Suchmaschinen,search engine,Google ist die bekannteste Suchmaschine der Welt.,noun,,b1;media,B1_lesson_8
B1_v247,B1,die Verschwörungstheorie,die,Verschwörungstheorien,conspiracy theory,Im Internet verbreiten sich Verschwörungstheorien schnell.,noun,,b1;media,B1_lesson_8
B1_v248,B1,die Verhandlung,die,Verhandlungen,negotiation,Die Verhandlung zwischen den Parteien dauert schon Stunden.,noun,,b1;media,B1_lesson_1
B1_v249,B1,das Interview,das,Interviews,interview,Das Interview mit der Ministerin war sehr aufschlussreich.,noun,,b1;media,B1_lesson_17
B1_v250,B1,die Umfrage,die,Umfragen,survey / poll,Laut einer Umfrage sind die meisten für den Umweltschutz.,noun,,b1;media,B1_lesson_17
B1_v251,B1,die öffentliche Meinung,die,,public opinion,Die öffentliche Meinung hat sich verändert.,noun,,b1;media,B1_lesson_1
B1_v252,B1,die Statistik,die,Statistiken,statistics,"Die Statistik zeigt, dass die Arbeitslosigkeit gesunken ist.",noun,,b1;media,B1_lesson_17
B1_v253,B1,analysieren,,,to analyze,Der Journalist analysiert die aktuellen politischen Ereignisse.,verb,,b1;media,B1_lesson_1
B1_v254,B1,die Fälschung,die,Fälschungen,fake / forgery,Die Nachricht war eine Fälschung.,noun,,b1;media,B1_lesson_8
B1_v255,B1,die Wahrheit,die,,truth,Die Wahrheit ist manchmal schwer zu akzeptieren.,noun,,b1;media,B1_lesson_1
B1_v256,B1,das Thema,das,Themen,topic / subject,Das Thema der Diskussion war die Migration.,noun,,b1;media,B1_lesson_1
B1_v257,B1,der Standpunkt,der,Standpunkte,point of view,"Seinen Standpunkt habe ich verstanden, aber ich bin anderer Meinung.",noun,,b1;media,B1_lesson_1
B1_v258,B1,die Forderung,die,Forderungen,demand,Die Forderung der Bürger nach mehr Klimaschutz wird lauter.,noun,,b1;media,B1_lesson_1
B1_v259,B1,die Tatsache,die,Tatsachen,fact,"Die Tatsache, dass die Erde sich erwärmt, ist wissenschaftlich belegt.",noun,,b1;media,B1_lesson_1
B1_v260,B1,die Behauptung,die,Behauptungen,claim / assertion,Seine Behauptung ist nicht bewiesen.,noun,,b1;media,B1_lesson_1
B1_v261,B1,die Vermutung,die,Vermutungen,assumption,"Das ist nur eine Vermutung, keine gesicherte Information.",noun,,b1;media,B1_lesson_1
B1_v262,B1,die Zusammenfassung,die,Zusammenfassungen,summary,Kannst du mir eine kurze Zusammenfassung des Artikels geben?,noun,,b1;media,B1_lesson_17
B1_v263,B1,das Magazin,das,Magazine,magazine,Das Magazin erscheint einmal im Monat.,noun,,b1;media,B1_lesson_17
B1_v264,B1,die Redaktion,die,Redaktionen,editorial office,Die Redaktion prüft alle Artikel vor der Veröffentlichung.,noun,,b1;media,B1_lesson_17
B1_v265,B1,der Moderator,der,Moderatoren,host / moderator,Der Moderator der Talkshow hat alle Gäste begrüßt.,noun,,b1;media,B1_lesson_11
B1_v266,B1,die Moderatorin,die,Moderatorinnen,host / moderator (female),Die Moderatorin hat eine interessante Frage gestellt.,noun,,b1;media,B1_lesson_11
B1_v267,B1,die Talkshow,die,Talkshows,talk show,In der Talkshow diskutieren Politiker über aktuelle Themen.,noun,,b1;media,B1_lesson_11
B1_v268,B1,abstimmen,,,to vote,Die Zuschauer können per Telefon abstimmen.,verb,,b1;media,B1_lesson_1
B1_v269,B1,die Reichweite,die,,reach / audience,Der Beitrag hat eine große Reichweite in sozialen Medien.,noun,,b1;media,B1_lesson_8
B1_v270,B1,der Podcast,der,Podcasts,podcast,Ich höre jeden Morgen einen Podcast zu aktuellen Nachrichten.,noun,,b1;media,B1_lesson_17
B1_v271,B1,der Blog,der,Blogs,blog,In ihrem Blog schreibt sie über Reisen und Kultur.,noun,,b1;media,B1_lesson_8
B1_v272,B1,kritisieren,,,to criticize,Die Opposition kritisiert die Entscheidung der Regierung.,verb,,b1;media,B1_lesson_1
B1_v273,B1,die Beziehung,die,Beziehungen,relationship,Unsere Beziehung ist in letzter Zeit schwierig geworden.,noun,,b1;social,B1_lesson_16
B1_v274,B1,die Freundschaft,die,Freundschaften,friendship,Eine gute Freundschaft hält ein Leben lang.,noun,,b1;social,B1_lesson_16
B1_v275,B1,der Streit,der,Streitigkeiten,argument / fight,Nach dem Streit haben sie sich wieder vertragen.,noun,,b1;social,B1_lesson_16
B1_v276,B1,die Lösung,die,Lösungen,solution,Wir müssen eine Lösung für dieses Problem finden.,noun,,b1;social,B1_lesson_16
B1_v277,B1,das Vertrauen,das,,trust,Vertrauen ist die Basis einer guten Freundschaft.,noun,,b1;social,B1_lesson_16
B1_v278,B1,die Unterstützung,die,Unterstützungen,support,Ich bekomme viel Unterstützung von meiner Familie.,noun,,b1;social,B1_lesson_16
B1_v279,B1,die Einladung,die,Einladungen,invitation,Hast du die Einladung zur Hochzeit bekommen?,noun,,b1;social,B1_lesson_16
B1_v280,B1,die Absage,die,Absagen,cancellation / refusal,Ich habe eine Absage für den Job bekommen.,noun,,b1;social,B1_lesson_16
B1_v281,B1,das Erlebnis,das,Erlebnisse,experience / event,Der Urlaub war ein unvergessliches Erlebnis.,noun,,b1;social,B1_lesson_16
B1_v282,B1,sich streiten,,,to argue,Die Geschwister streiten sich oft um das Spielzeug.,verb,,b1;social,B1_lesson_16
B1_v283,B1,sich vertragen,,,to make up / get along,Nach dem Streit haben sie sich wieder vertragen.,verb,,b1;social,B1_lesson_16
B1_v284,B1,unterstützen,,,to support,Meine Eltern unterstützen mich bei meinem Studium.,verb,,b1;social,B1_lesson_16
B1_v285,B1,einladen,,,to invite,Ich lade dich zu meiner Geburtstagsparty ein.,verb,,b1;social,B1_lesson_16
B1_v286,B1,absagen,,,to cancel / to decline,Leider muss ich den Termin absagen.,verb,,b1;social,B1_lesson_16
B1_v287,B1,zuverlässig,,,reliable,Mein bester Freund ist sehr zuverlässig.,adjective,,b1;social,B1_lesson_16
B1_v288,B1,enttäuscht,,,disappointed,Ich war sehr enttäuscht von seiner Reaktion.,adjective,,b1;social,B1_lesson_16
B1_v289,B1,der Bekannte,der,Bekannten,acquaintance (male),Ein alter Bekannter hat mich auf der Straße begrüßt.,noun,,b1;social,B1_lesson_16
B1_v290,B1,die Bekannte,die,Bekannten,acquaintance (female),Eine Bekannte hat mir von dem Kurs erzählt.,noun,,b1;social,B1_lesson_16
B1_v291,B1,der Verwandte,der,Verwandten,relative (male),Mein Verwandter wohnt in München.,noun,,b1;social,B1_lesson_16
B1_v292,B1,die Verwandte,die,Verwandten,relative (female),Eine Verwandte von mir arbeitet im Krankenhaus.,noun,,b1;social,B1_lesson_16
B1_v293,B1,der Abschied,der,Abschiede,farewell,Der Abschied am Flughafen war sehr emotional.,noun,,b1;social,B1_lesson_16
B1_v294,B1,die Hochzeit,die,Hochzeiten,wedding,Die Hochzeit findet im Sommer statt.,noun,,b1;social,B1_lesson_16
B1_v295,B1,die Geburtstagsfeier,die,Geburtstagsfeiern,birthday party,Zu meiner Geburtstagsfeier kommen zwanzig Gäste.,noun,,b1;social,B1_lesson_16
B1_v296,B1,der Gast,der,Gäste,guest,Die Gäste haben alle etwas zu essen mitgebracht.,noun,,b1;social,B1_lesson_16
B1_v297,B1,die Verabredung,die,Verabredungen,meeting / date,Ich habe eine Verabredung mit Freunden im Kino.,noun,,b1;social,B1_lesson_16
B1_v298,B1,das Geschenk,das,Geschenke,gift / present,Zum Geburtstag habe ich ein schönes Geschenk bekommen.,noun,,b1;social,B1_lesson_16
B1_v299,B1,die Überraschung,die,Überraschungen,surprise,Die Party war eine absolute Überraschung für mich.,noun,,b1;social,B1_lesson_16
B1_v300,B1,die Enttäuschung,die,Enttäuschungen,disappointment,Die Absage war eine große Enttäuschung.,noun,,b1;social,B1_lesson_16
B1_v301,B1,die Versöhnung,die,Versöhnungen,reconciliation,Nach der Versöhnung waren sie wieder glücklich.,noun,,b1;social,B1_lesson_16
B1_v302,B1,der Respekt,der,,respect,Man sollte immer Respekt vor anderen haben.,noun,,b1;social,B1_lesson_16
B1_v303,B1,die Gemeinschaft,die,Gemeinschaften,community,Die Gemeinschaft im Dorf ist sehr eng.,noun,,b1;social,B1_lesson_16
B1_v304,B1,der Zusammenhalt,der,,cohesion / togetherness,Der Zusammenhalt in der Familie ist wichtig.,noun,,b1;social,B1_lesson_16
B1_v305,B1,das Verhalten,das,Verhaltensweisen,behavior,Sein Verhalten in der Diskussion war unangemessen.,noun,,b1;social,B1_lesson_16
B1_v306,B1,böse,,,angry / mad,"Sie war böse auf ihn, weil er zu spät kam.",adjective,,b1;social,B1_lesson_16
B1_v307,B1,neidisch,,,jealous,Er ist neidisch auf den Erfolg seines Bruders.,adjective,,b1;social,B1_lesson_16
B1_v308,B1,die Eifersucht,die,,jealousy,Eifersucht kann eine Beziehung zerstören.,noun,,b1;social,B1_lesson_16
B1_v309,B1,das Mitgefühl,das,,compassion / sympathy,Sie zeigte großes Mitgefühl für ihre kranke Freundin.,noun,,b1;social,B1_lesson_16
B1_v310,B1,die Vergebung,die,,forgiveness,"Um Vergebung zu bitten, ist nicht leicht.",noun,,b1;social,B1_lesson_16
B1_v311,B1,die Vereinbarung,die,Vereinbarungen,agreement / arrangement,Wir haben eine Vereinbarung getroffen.,noun,,b1;social,B1_lesson_16
B1_v312,B1,das Verständnis,das,,understanding,Ich habe großes Verständnis für deine Situation.,noun,,b1;social,B1_lesson_16
B1_v313,B1,der Kompromiss,der,Kompromisse,compromise,In einer Beziehung muss man Kompromisse machen.,noun,,b1;social,B1_lesson_16
B1_v314,B1,die Rücksicht,die,,consideration,Man sollte Rücksicht auf seine Mitmenschen nehmen.,noun,,b1;social,B1_lesson_16
B1_v315,B1,der Familienstand,der,,marital status,Auf dem Formular musst du deinen Familienstand angeben.,noun,,b1;social,B1_lesson_16
B1_v316,B1,die Bekanntschaft,die,Bekanntschaften,acquaintanceship,Ich habe auf der Reise eine interessante Bekanntschaft gemacht.,noun,,b1;social,B1_lesson_16
B1_v317,B1,das Familienmitglied,das,Familienmitglieder,family member,Alle Familienmitglieder kommen zu Weihnachten zusammen.,noun,,b1;social,B1_lesson_16
B1_v318,B1,der Lebenspartner,der,Lebenspartner,life partner,Mein Lebenspartner und ich planen eine gemeinsame Zukunft.,noun,,b1;social,B1_lesson_16
B1_v319,B1,die Lebenspartnerin,die,Lebenspartnerinnen,life partner (female),Meine Lebenspartnerin unterstützt mich in allen Lebenslagen.,noun,,b1;social,B1_lesson_16
B1_v320,B1,die Reise,die,Reisen,trip / journey,Die Reise nach Italien war wunderschön.,noun,,b1;travel,B1_lesson_19
B1_v321,B1,die Unterkunft,die,Unterkuenfte,accommodation,Wir haben eine günstige Unterkunft in Berlin gefunden.,noun,,b1;travel,B1_lesson_19
B1_v322,B1,der Anschluß,der,Anschluesse,connection (transport),Ich habe meinen Anschluß verpasst und musste warten.,noun,,b1;travel,B1_lesson_19
B1_v323,B1,die Durchsage,die,Durchsagen,announcement,Die Durchsage am Bahnhof war schlecht zu verstehen.,noun,,b1;travel,B1_lesson_19
B1_v324,B1,der Bahnsteig,der,Bahnsteige,platform,Der Zug fährt ab Bahnsteig fünf.,noun,,b1;travel,B1_lesson_19
B1_v325,B1,der Reisepaß,der,Reisepaesse,passport,Vergiß deinen Reisepaß nicht für die Reise.,noun,,b1;travel,B1_lesson_19
B1_v326,B1,die Buchung,die,Buchungen,booking / reservation,Die Buchung des Hotels habe ich online gemacht.,noun,,b1;travel,B1_lesson_19
B1_v327,B1,die Stornierung,die,Stornierungen,cancellation,Die Stornierung des Flugs kostet eine Gebühr.,noun,,b1;travel,B1_lesson_19
B1_v328,B1,verpassen,,,to miß,Ich habe den Bus verpasst und komme später.,verb,,b1;travel,B1_lesson_19
B1_v329,B1,umbuchen,,,to rebook,Ich musste meinen Flug umbuchen wegen des Sturms.,verb,,b1;travel,B1_lesson_19
B1_v330,B1,stornieren,,,to cancel (booking),Wir müssen das Hotelzimmer leider stornieren.,verb,,b1;travel,B1_lesson_19
B1_v331,B1,reservieren,,,to reserve,Ich möchte einen Tisch für vier Personen reservieren.,verb,,b1;travel,B1_lesson_19
B1_v332,B1,ankommen,,,to arrive,Der Zug kommt um 18 Uhr am Hauptbahnhof an.,verb,,b1;travel,B1_lesson_19
B1_v333,B1,abreisen,,,to depart,Wir reisen morgen früh um sechs Uhr ab.,verb,,b1;travel,B1_lesson_19
B1_v334,B1,die Bordkarte,die,Bordkarten,boarding paß,Die Bordkarte kann ich am Schalter abholen.,noun,,b1;travel,B1_lesson_19
B1_v335,B1,der Koffer,der,Koffer,suitcase,Mein Koffer ist beim Flug verloren gegangen.,noun,,b1;travel,B1_lesson_19
B1_v336,B1,das Gepäck,das,,luggage,Das Gepäck wird am Flughafen kontrolliert.,noun,,b1;travel,B1_lesson_19
B1_v337,B1,die Gepäckaufbewahrung,die,Gepaeckaufbewahrungen,luggage storage,Ich lasse meinen Koffer in der Gepäckaufbewahrung.,noun,,b1;travel,B1_lesson_19
B1_v338,B1,der Flughafen,der,Flughaefen,airport,Vom Flughafen nehmen wir ein Taxi ins Zentrum.,noun,,b1;travel,B1_lesson_19
B1_v339,B1,der Abflug,der,Abfluege,departure (flight),Der Abflug ist für 15 Uhr geplant.,noun,,b1;travel,B1_lesson_19
B1_v340,B1,die Landung,die,Landungen,landing,Die Landung war aufgrund des Windes etwas holprig.,noun,,b1;travel,B1_lesson_19
B1_v341,B1,der Zwischenstopp,der,Zwischenstopps,stopover,Auf dem Weg nach Thailand hatten wir einen Zwischenstopp in Dubai.,noun,,b1;travel,B1_lesson_19
B1_v342,B1,die Reiseversicherung,die,Reiseversicherungen,travel insurance,Eine Reiseversicherung sollte man immer abschliessen.,noun,,b1;travel,B1_lesson_19
B1_v343,B1,der Mietwagen,der,Mietwagen,rental car,Am Flughafen können wir einen Mietwagen nehmen.,noun,,b1;travel,B1_lesson_19
B1_v344,B1,die Jugendherberge,die,Jugendherbergen,youth hostel,In der Jugendherberge übernachten viele junge Leute.,noun,,b1;travel,B1_lesson_19
B1_v345,B1,das Ferienhaus,das,Ferienhaeuser,holiday house,Wir haben ein Ferienhaus an der Nordsee gemietet.,noun,,b1;travel,B1_lesson_19
B1_v346,B1,der Campingplatz,der,Campingplaetze,campsite,Der Campingplatz liegt direkt am See.,noun,,b1;travel,B1_lesson_19
B1_v347,B1,die Sehenswürdigkeit,die,Sehenswuerdigkeiten,sight / landmark,Wir haben alle Sehenswürdigkeiten der Stadt besichtigt.,noun,,b1;travel,B1_lesson_19
B1_v348,B1,die Stadtrundfahrt,die,Stadtrundfahrten,city tour,Die Stadtrundfahrt dauert zwei Stunden.,noun,,b1;travel,B1_lesson_19
B1_v349,B1,der Reiseführer,der,Reisefuehrer,travel guide (book),Im Reiseführer stehen alle wichtigen Informationen.,noun,,b1;travel,B1_lesson_19
B1_v350,B1,die Reisegruppe,die,Reisegruppen,tour group,Die Reisegruppe trifft sich am Busbahnhof.,noun,,b1;travel,B1_lesson_19
B1_v351,B1,das Reiseziel,das,Reiseziele,travel destination,Unser Reiseziel ist dieses Jahr Österreich.,noun,,b1;travel,B1_lesson_19
B1_v352,B1,die Reiseroute,die,Reiserouten,itinerary,Die Reiseroute führt uns durch vier Länder.,noun,,b1;travel,B1_lesson_19
B1_v353,B1,die Fahrplanauskunft,die,Fahrplanauskuenfte,timetable information,An der Fahrplanauskunft erfährst du die Abfahrtszeiten.,noun,,b1;travel,B1_lesson_19
B1_v354,B1,die Grenze,die,Grenzen,border,Wir haben die Grenze nach Österreich überqürt.,noun,,b1;travel,B1_lesson_19
B1_v355,B1,der Zoll,der,,customs,Am Zoll müssen wir die Waren anmelden.,noun,,b1;travel,B1_lesson_19
B1_v356,B1,die Auslandsreise,die,Auslandsreisen,trip abroad,Für eine Auslandsreise braucht man oft ein Visum.,noun,,b1;travel,B1_lesson_19
B1_v357,B1,der Ausflug,der,Ausfluege,excursion / day trip,Am Wochenende machen wir einen Ausflug in die Berge.,noun,,b1;travel,B1_lesson_19
B1_v358,B1,die Rundreise,die,Rundreisen,round trip,Wir machen eine Rundreise durch Süddeutschland.,noun,,b1;travel,B1_lesson_19
B1_v359,B1,die Schiffsfahrt,die,Schiffsfahrten,boat trip,Die Schiffsfahrt auf dem Rhein war traumhaft.,noun,,b1;travel,B1_lesson_19
B1_v360,B1,der Reiseveranstalter,der,Reiseveranstalter,tour operator,Der Reiseveranstalter hat die ganze Reise organisiert.,noun,,b1;travel,B1_lesson_19
B1_v361,B1,die Pauschalreise,die,Pauschalreisen,package tour,Eine Pauschalreise ist oft günstiger als selbst zu buchen.,noun,,b1;travel,B1_lesson_19
B1_v362,B1,die Unterbringung,die,Unterbringungen,accommodation / lodging,Die Unterbringung im Hotel war sehr komfortabel.,noun,,b1;travel,B1_lesson_19
B1_v363,B1,die Kofferwaage,die,Kofferwaagen,luggage scale,Mit der Kofferwaage überprüfe ich das Gepäckgewicht.,noun,,b1;travel,B1_lesson_19
B1_v364,B1,übernachten,,,to stay overnight,Wir übernachten in einem kleinen Hotel am Stadtrand.,verb,,b1;travel,B1_lesson_19
B1_v365,B1,der Aufenthalt,der,Aufenthalte,stay,Während meines Aufenthalts in Berlin habe ich viel gesehen.,noun,,b1;travel,B1_lesson_19
B1_v366,B1,die Besichtigung,die,Besichtigungen,sightseeing / tour,Die Besichtigung des Schlosses war sehr interessant.,noun,,b1;travel,B1_lesson_19
B1_v367,B1,die Reiseapotheke,die,Reiseapotheken,travel first aid kit,In die Reiseapotheke packe ich alle wichtigen Medikamente.,noun,,b1;travel,B1_lesson_19
B1_v368,B1,der Antrag,der,Antraege,application / request,Ich habe einen Antrag auf Bafoeg gestellt.,noun,,b1;administration,B1_lesson_21
B1_v369,B1,das Formular,das,Formulare,form,Das Formular muss ich ausfuellen und unterschreiben.,noun,,b1;administration,B1_lesson_21
B1_v370,B1,die Unterschrift,die,Unterschriften,signature,Ohne meine Unterschrift ist der Vertrag nicht gueltig.,noun,,b1;administration,B1_lesson_14
B1_v371,B1,die Bestätigung,die,Bestaetigungen,confirmation,Ich warte noch auf die Bestätigung meiner Buchung.,noun,,b1;administration,B1_lesson_21
B1_v372,B1,die Gebühr,die,Gebuehren,fee,Für den Pass muss ich eine Gebühr von 60 Euro zahlen.,noun,,b1;administration,B1_lesson_25
B1_v373,B1,die Behörde,die,Behoerden,authority / government office,Bei der Behörde muss ich meine neue Adresse anmelden.,noun,,b1;administration,B1_lesson_21
B1_v374,B1,das Amt,das,Ämter,office / agency,Das Amt fuer Buergerdienste ist montags bis freitags geoeffnet.,noun,,b1;administration,B1_lesson_21
B1_v375,B1,der Nachweis,der,Nachweise,proof / evidence,Als Nachweis reicht eine Kopie des Mietvertrags.,noun,,b1;administration,B1_lesson_21
B1_v376,B1,die Kopie,die,Kopien,copy,Von allen Dokumenten mache ich eine Kopie.,noun,,b1;administration,B1_lesson_21
B1_v377,B1,beantragen,,,to apply for,Ich muss einen neuen Reisepass beantragen.,verb,,b1;administration,B1_lesson_21
B1_v378,B1,ausfüllen,,,to fill out,Bitte füllen Sie das Formular in Druckschrift aus.,verb,,b1;administration,B1_lesson_21
B1_v379,B1,unterschreiben,,,to sign,Hier muessen Sie Ihren Namen unterschreiben.,verb,,b1;administration,B1_lesson_21
B1_v380,B1,bestätigen,,,to confirm,Die Bank hat die Überweisung bestätigt.,verb,,b1;administration,B1_lesson_21
B1_v381,B1,vereinbaren,,,to arrange / to agree on,Wir haben einen Termin fuer naechste Woche vereinbart.,verb,,b1;administration,B1_lesson_6
B1_v382,B1,gültig,,,valid,Der Personalausweis ist noch fünf Jahre gültig.,adjective,,b1;administration,B1_lesson_21
B1_v383,B1,die Anmeldung,die,Anmeldungen,registration,Die Anmeldung beim Einwohnermeldeamt muss innerhalb von zwei Wochen erfolgen.,noun,,b1;administration,B1_lesson_21
B1_v384,B1,die Abmeldung,die,Abmeldungen,deregistration,Bei einem Umzug brauche ich eine Abmeldung.,noun,,b1;administration,B1_lesson_21
B1_v385,B1,die Meldebescheinigung,die,Meldebescheinigungen,registration certificate,Die Meldebescheinigung bekomme ich beim Buergeramt.,noun,,b1;administration,B1_lesson_21
B1_v386,B1,der Personalausweis,der,Personalausweise,ID card,In Deutschland hat jeder Buerger einen Personalausweis.,noun,,b1;administration,B1_lesson_21
B1_v387,B1,der Bürgermeister,der,Buergermeister,mayor,Der Bürgermeister hat die neue Schule eröffnet.,noun,,b1;administration,B1_lesson_21
B1_v388,B1,der Bürgersteig,der,Buergersteige,sidewalk,Auf dem Bürgersteig darf man nicht Fahrrad fahren.,noun,,b1;administration,B1_lesson_24
B1_v389,B1,die Öffnungszeit,die,Oeffnungszeiten,opening hours,Die Oeffnungszeiten des Amtes sind von 8 bis 16 Uhr.,noun,,b1;administration,B1_lesson_21
B1_v390,B1,die Vorsprache,die,Vorsprachen,personal appearance,Fuer den Antrag ist eine persoenliche Vorsprache noetig.,noun,,b1;administration,B1_lesson_21
B1_v391,B1,die Geburtsurkunde,die,Geburtsurkunden,birth certificate,Fuer den Antrag brauche ich meine Geburtsurkunde.,noun,,b1;administration,B1_lesson_21
B1_v392,B1,die Heiratsurkunde,die,Heiratsurkunden,marriage certificate,Die Heiratsurkunde ist ein wichtiges Dokument.,noun,,b1;administration,B1_lesson_21
B1_v393,B1,der Bürgerantrag,der,Bürgeranträge,citizen application,Der Bürgerantrag wurde genehmigt.,noun,,b1;administration,B1_lesson_21
B1_v394,B1,das Einwohnermeldeamt,das,Einwohnermeldeämter,residents registration office,Beim Einwohnermeldeamt melde ich meinen neuen Wohnsitz an.,noun,,b1;administration,B1_lesson_21
B1_v395,B1,die Bearbeitungszeit,die,Bearbeitungszeiten,processing time,Die Bearbeitungszeit fuer den Antrag betraegt vier Wochen.,noun,,b1;administration,B1_lesson_21
B1_v396,B1,die Rechtsabteilung,die,Rechtsabteilungen,legal department,Die Rechtsabteilung prueft den Vertrag.,noun,,b1;administration,B1_lesson_21
B1_v397,B1,der Bescheid,der,Bescheide,notice / decision,Der Bescheid vom Amt kommt per Post.,noun,,b1;administration,B1_lesson_21
B1_v398,B1,der Widerspruch,der,Widersprüche,objection / appeal,Gegen den Bescheid kann ich Widerspruch einlegen.,noun,,b1;administration,B1_lesson_21
B1_v399,B1,die Einsparung,die,Einsparungen,savings / reduction,Die Einsparung betraegt 200 Euro pro Jahr.,noun,,b1;administration,B1_lesson_25
B1_v400,B1,die Aufenthaltsgenehmigung,die,Aufenthaltsgenehmigungen,residence permit,Die Aufenthaltsgenehmigung wird fuer zwei Jahre ausgestellt.,noun,,b1;administration,B1_lesson_21
B1_v401,B1,die Steuererklärung,die,Steuererklaerungen,tax return,Die Steuererklärung muss bis Ende Mai abgegeben werden.,noun,,b1;administration,B1_lesson_25
B1_v402,B1,die Steuernummer,die,Steuernummern,tax number,Meine Steuernummer steht auf dem Steuerbescheid.,noun,,b1;administration,B1_lesson_25
B1_v403,B1,das Konto,das,Konten,account (bank),Ich habe ein Konto bei der Sparkasse.,noun,,b1;administration,B1_lesson_25
B1_v404,B1,die Überweisung,die,Überweisungen,bank transfer,Die Überweisung des Geldes dauert ein bis zwei Tage.,noun,,b1;administration,B1_lesson_25
B1_v405,B1,der Zahlungseingang,der,Zahlungseingänge,payment received,Der Zahlungseingang wurde auf meinem Konto verbucht.,noun,,b1;administration,B1_lesson_25
B1_v406,B1,die Rechnung,die,Rechnungen,invoice / bill,Die Rechnung muss innerhalb von 14 Tagen bezahlt werden.,noun,,b1;administration,B1_lesson_25
B1_v407,B1,die Quittung,die,Quittungen,receipt,Heb die Quittung gut auf fuer die Garantie.,noun,,b1;administration,B1_lesson_25
B1_v408,B1,das Finanzamt,das,Finanzämter,tax office,Vom Finanzamt habe ich eine Rueckzahlung bekommen.,noun,,b1;administration,B1_lesson_25
B1_v409,B1,das Bürgergeld,das,,citizens allowance,Bürgergeld ist eine soziale Leistung in Deutschland.,noun,,b1;administration,B1_lesson_21
B1_v410,B1,die Wohngeldstelle,die,Wohngeldstellen,housing benefit office,Bei der Wohngeldstelle kann ich einen Antrag stellen.,noun,,b1;administration,B1_lesson_21
B1_v411,B1,die Ausländerbehörde,die,Auslaenderbehoerden,foreigners authority,Die Ausländerbehörde ist für Visa zuständig.,noun,,b1;administration,B1_lesson_21
B1_v412,B1,das Visum,das,Visa,visa,Fuer die Einreise brauche ich ein Visum.,noun,,b1;administration,B1_lesson_21
B1_v413,B1,die Verlängerung,die,Verlaengerungen,extension,Die Verlängerung meines Visums wurde genehmigt.,noun,,b1;administration,B1_lesson_21
B1_v414,B1,die Verfahrensgebühr,die,Verfahrensgebuehren,processing fee,Für das Verfahren wird eine Verfahrensgebühr erhoben.,noun,,b1;administration,B1_lesson_21
B1_v415,B1,der Bürgerentscheid,der,Buergerentscheide,citizens decision,Der Bürgerentscheid war knapp.,noun,,b1;administration,B1_lesson_21
B1_v416,B1,der Zahlungsbefehl,der,Zahlungsbefehle,payment order,Der Zahlungsbefehl kam vom Gericht.,noun,,b1;administration,B1_lesson_25
B1_v417,B1,obwohl,,,although,"Obwohl es geregnet hat, sind wir spazieren gegangen.",conjunction,,b1;grammar,B1_lesson_1
B1_v418,B1,trotzdem,,,nevertheless,"Er war müde, trotzdem ist er zum Training gegangen.",adverb,,b1;grammar,B1_lesson_1
B1_v419,B1,deshalb,,,therefore,"Ich habe keine Zeit, deshalb kann ich nicht kommen.",adverb,,b1;grammar,B1_lesson_1
B1_v420,B1,deswegen,,,for that reason,"Die Prüfung ist schwer, deswegen lerne ich viel.",adverb,,b1;grammar,B1_lesson_1
B1_v421,B1,ausserdem,,,furthermore / besides,"Er spricht Deutsch, ausserdem kann er Französisch.",adverb,,b1;grammar,B1_lesson_1
B1_v422,B1,allerdings,,,however,"Der Film war gut, allerdings etwas zu lang.",adverb,,b1;grammar,B1_lesson_1
B1_v423,B1,während,,,while / whereas,"Während ich koche, hört mein Mann Musik.",conjunction,,b1;grammar,B1_lesson_1
B1_v424,B1,sobald,,,as soon as,"Sobald ich zu Hause bin, rufe ich dich an.",conjunction,,b1;grammar,B1_lesson_1
B1_v425,B1,solange,,,as long as,"Solange du die Prüfung nicht bestehst, kannst du nicht studieren.",conjunction,,b1;grammar,B1_lesson_1
B1_v426,B1,falls,,,in case / if,"Falls du Fragen hast, kannst du mich anrufen.",conjunction,,b1;grammar,B1_lesson_1
B1_v427,B1,damit,,,so that / in order to,"Ich lerne Deutsch, damit ich mich besser verständigen kann.",conjunction,,b1;grammar,B1_lesson_1
B1_v428,B1,statt,,,instead of,"Statt zu arbeiten, ist er ins Kino gegangen.",preposition,,b1;grammar,B1_lesson_1
B1_v429,B1,entweder,,,either,Entweder wir gehen ins Restaurant oder wir bestellen Pizza.,conjunction,,b1;grammar,B1_lesson_1
B1_v430,B1,weder,,,neither,Weder mein Bruder noch meine Schwester konnte kommen.,conjunction,,b1;grammar,B1_lesson_1
B1_v431,B1,sowohl,,,both ... and,Sowohl Peter als auch Maria waren auf der Party.,conjunction,,b1;grammar,B1_lesson_1
B1_v432,B1,einerseits,,,on the one hand,"Einerseits möchte ich reisen, andererseits brauche ich Geld.",adverb,,b1;grammar,B1_lesson_1
B1_v433,B1,andererseits,,,on the other hand,Andererseits hat der Job auch viele Vorteile.,adverb,,b1;grammar,B1_lesson_1
B1_v434,B1,sondern,,,but rather,"Er kommt nicht heute, sondern morgen.",conjunction,,b1;grammar,B1_lesson_1
B1_v435,B1,denn,,,because (coordinating),"Ich bleibe zu Hause, denn es regnet.",conjunction,,b1;grammar,B1_lesson_1
B1_v436,B1,nämlich,,,namely / you see,"Ich kann nicht kommen, ich habe nämlich einen Termin.",adverb,,b1;grammar,B1_lesson_1
B1_v437,B1,zwar,,,admittedly / indeed,"Er ist zwar jung, aber sehr erfahren.",adverb,,b1;grammar,B1_lesson_1
B1_v438,B1,überhaupt,,,at all / generally,"Weisst du überhaupt, wovon du sprichst?",adverb,,b1;grammar,B1_lesson_1
B1_v439,B1,jedenfalls,,,at any rate / anyway,"Ich weiss nicht genau, jedenfalls war es teuer.",adverb,,b1;grammar,B1_lesson_1
B1_v440,B1,jeweils,,,each / respectively,Die Kurse kosten jeweils 100 Euro.,adverb,,b1;grammar,B1_lesson_1
B1_v441,B1,ausser,,,except / besides,Ausser mir war niemand im Büro.,preposition,,b1;grammar,B1_lesson_1
B1_v442,B1,innerhalb,,,within,Innerhalb einer Woche muss die Zahlung erfolgen.,preposition,,b1;grammar,B1_lesson_1
B1_v443,B1,ausserhalb,,,outside of,Ausserhalb der Öffnungszeiten ist das Amt geschlossen.,preposition,,b1;grammar,B1_lesson_1
B1_v444,B1,oberhalb,,,above,Oberhalb der Stadt liegt eine alte Burg.,preposition,,b1;grammar,B1_lesson_1
B1_v445,B1,unterhalb,,,below,Unterhalb der Brücke fliesst ein Fluss.,preposition,,b1;grammar,B1_lesson_1
B1_v446,B1,entlang,,,along,Wir gehen den Fluss entlang.,preposition,,b1;grammar,B1_lesson_1
B1_v447,B1,gegenüber,,,opposite / across from,Gegenüber dem Bahnhof ist ein Hotel.,preposition,,b1;grammar,B1_lesson_1
B1_v448,B1,seitdem,,,since then,"Seitdem ich in Deutschland wohne, geht es mir besser.",conjunction,,b1;grammar,B1_lesson_1
B1_v449,B1,nachdem,,,after,"Nachdem wir gegessen hatten, sind wir nach Hause gegangen.",conjunction,,b1;grammar,B1_lesson_1
B1_v450,B1,bevor,,,before,"Bevor ich zur Arbeit gehe, frühstücke ich.",conjunction,,b1;grammar,B1_lesson_1
B1_v451,B1,daher,,,hence / from there,"Daher kommt es, dass er immer zu spät kommt.",adverb,,b1;grammar,B1_lesson_1
B1_v452,B1,dennoch,,,yet / still,"Die Arbeit war schwer, dennoch hat sie Spass gemacht.",adverb,,b1;grammar,B1_lesson_1
B1_v453,B1,inzwischen,,,meanwhile,Inzwischen hat es aufgehört zu regnen.,adverb,,b1;grammar,B1_lesson_1
B1_v454,B1,zunächst,,,first of all / initially,Zunächst müssen wir das Problem analysieren.,adverb,,b1;grammar,B1_lesson_1
B1_v455,B1,schliesslich,,,finally / after all,Schliesslich haben wir uns doch für das Auto entschieden.,adverb,,b1;grammar,B1_lesson_1
B1_v456,B1,mindestens,,,at least,Du solltest mindestens zwei Liter Wasser pro Tag trinken.,adverb,,b1;grammar,B1_lesson_1
B1_v457,B1,höchstens,,,at most,Die Fahrt dauert höchstens zwei Stunden.,adverb,,b1;grammar,B1_lesson_1
B1_v458,B1,ungefähr,,,approximately / about,Der Kurs kostet ungefähr 200 Euro.,adverb,,b1;grammar,B1_lesson_1
B1_v459,B1,fast,,,almost,Ich bin fast fertig mit der Arbeit.,adverb,,b1;grammar,B1_lesson_1
B1_v460,B1,wahrscheinlich,,,probably,Morgen werde ich wahrscheinlich später kommen.,adverb,,b1;grammar,B1_lesson_1
B1_v461,B1,vielleicht,,,maybe / perhaps,Vielleicht können wir uns am Wochenende treffen.,adverb,,b1;grammar,B1_lesson_1
B1_v462,B1,eigentlich,,,actually,Eigentlich wollte ich früher kommen.,adverb,,b1;grammar,B1_lesson_1
B1_v463,B1,übrigens,,,by the way,"Übrigens, hast du schon von der neuen Regelung gehört?",adverb,,b1;grammar,B1_lesson_1
B1_v464,B1,voraussichtlich,,,expectedly / presumably,Die Lieferung kommt voraussichtlich morgen an.,adverb,,b1;grammar,B1_lesson_1
B1_v465,B1,insgesamt,,,altogether / in total,Insgesamt haben 50 Leute an der Umfrage teilgenommen.,adverb,,b1;grammar,B1_lesson_1
B1_v466,B1,gelegentlich,,,occasionally,Ich gehe gelegentlich ins Theater.,adverb,,b1;grammar,B1_lesson_1
B1_v467,B1,die Stimmung,die,Stimmungen,mood / atmosphere,Die Stimmung auf der Party war ausgezeichnet.,noun,,b1;emotions,B1_lesson_16
B1_v468,B1,das Gefühl,das,Gefuehle,feeling,"Ich hatte das Gefühl, dass etwas nicht stimmt.",noun,,b1;emotions,B1_lesson_16
B1_v469,B1,der Charakter,der,Charaktere,character / personality,Ihr freundlicher Charakter macht sie bei allen beliebt.,noun,,b1;emotions,B1_lesson_16
B1_v470,B1,die Eigenschaft,die,Eigenschaften,trait / characteristic,Geduld ist eine wichtige Eigenschaft.,noun,,b1;emotions,B1_lesson_16
B1_v471,B1,die Angst,die,Aengste,fear / anxiety,Er hat Angst vor der Prüfung.,noun,,b1;emotions,B1_lesson_16
B1_v472,B1,der Mut,der,,courage,"Sie hatte den Mut, die Wahrheit zu sagen.",noun,,b1;emotions,B1_lesson_16
B1_v473,B1,die Freude,die,Freuden,joy,Die Freude über das Geschenk war gross.,noun,,b1;emotions,B1_lesson_16
B1_v474,B1,die Trauer,die,,sadness / grief,Nach dem Verlust war die Trauer sehr gross.,noun,,b1;emotions,B1_lesson_16
B1_v475,B1,die Spannung,die,Spannungen,tension / excitement,Die Spannung vor dem Ergebnis war unerträglich.,noun,,b1;emotions,B1_lesson_16
B1_v476,B1,sich ärgern,,,to get annoyed,Ich ärgere mich über die Verspätung.,verb,,b1;emotions,B1_lesson_16
B1_v477,B1,sich freuen,,,to be happy / look forward,Ich freue mich auf den Urlaub.,verb,,b1;emotions,B1_lesson_16
B1_v478,B1,sich ängstigen,,,to be afraid,Sie ängstigt sich vor der Dunkelheit.,verb,,b1;emotions,B1_lesson_16
B1_v479,B1,das Selbstbewusstsein,das,,self-confidence,Selbstbewusstsein hilft bei Bewerbungsgesprächen.,noun,,b1;emotions,B1_lesson_16
B1_v480,B1,die Zufriedenheit,die,,contentment / satisfaction,"Zufriedenheit bedeutet nicht, aufzugeben.",noun,,b1;emotions,B1_lesson_16
B1_v481,B1,freundlich,,,friendly,Die Verkäuferin war sehr freundlich und hilfsbereit.,adjective,,b1;emotions,B1_lesson_16
B1_v482,B1,höflich,,,polite,"Es ist wichtig, höflich zu sein.",adjective,,b1;emotions,B1_lesson_16
B1_v483,B1,ehrlich,,,honest,"Sei ehrlich zu mir, auch wenn es weh tut.",adjective,,b1;emotions,B1_lesson_16
B1_v484,B1,geduldig,,,patient,Du musst geduldiger mit den Kindern sein.,adjective,,b1;emotions,B1_lesson_16
B1_v485,B1,die Schuld,die,Schulden,guilt / debt,Er gab sich selbst die Schuld an dem Unfall.,noun,,b1;emotions,B1_lesson_16
B1_v486,B1,der Eindruck,der,Eindruecke,impression,"Ich hatte den Eindruck, dass er gelogen hat.",noun,,b1;emotions,B1_lesson_16
B1_v487,B1,die Erwartung,die,Erwartungen,expectation,Die Erwartungen an den neuen Job waren hoch.,noun,,b1;emotions,B1_lesson_16
B1_v488,B1,beruhigen,,,to calm down,Kannst du das weinende Kind beruhigen?,verb,,b1;emotions,B1_lesson_16
B1_v489,B1,ermutigen,,,to encourage,Meine Lehrerin hat mich immer ermutigt.,verb,,b1;emotions,B1_lesson_16
B1_v490,B1,verzeihen,,,to forgive,Kannst du mir meinen Fehler verzeihen?,verb,,b1;emotions,B1_lesson_16
B1_v491,B1,dankbar,,,grateful,Ich bin dankbar für deine Hilfe.,adjective,,b1;emotions,B1_lesson_16
B1_v492,B1,besorgt,,,worried / concerned,Meine Mutter ist besorgt um meine Gesundheit.,adjective,,b1;emotions,B1_lesson_16
B1_v493,B1,nervös,,,nervous,Vor der Prüfung war ich sehr nervös.,adjective,,b1;emotions,B1_lesson_16
B1_v494,B1,gespannt,,,curious / excited,"Ich bin gespannt, was passieren wird.",adjective,,b1;emotions,B1_lesson_16
B1_v495,B1,stolz,,,proud,Meine Eltern sind stolz auf mich.,adjective,,b1;emotions,B1_lesson_16
B1_v496,B1,abenteuerlich,,,adventurous,Die Reise war abenteuerlich und aufregend.,adjective,,b1;emotions,B1_lesson_19
B1_v497,B1,mutig,,,brave,"Es war mutig von dir, die Wahrheit zu sagen.",adjective,,b1;emotions,B1_lesson_16
B1_v498,B1,sehnlich,,,longing / eager,Ich sehne mich nach meiner Familie.,adjective,,b1;emotions,B1_lesson_16
B1_v499,B1,die Einsamkeit,die,,loneliness,In der grossen Stadt fühlt man oft Einsamkeit.,noun,,b1;emotions,B1_lesson_16
B1_v500,B1,berührt,,,touched / moved,Ich war tief berührt von ihrer Geschichte.,adjective,,b1;emotions,B1_lesson_16
B1_v501,B1,energisch,,,energetic / firm,Sie hat energisch und klar geantwortet.,adjective,,b1;emotions,B1_lesson_16
B1_v502,B1,die Neugier,die,,curiosity,Aus Neugier hat sie den Brief geöfnet.,noun,,b1;emotions,B1_lesson_16
B1_v503,B1,das Mitleid,das,,pity / sympathy,Ich hatte Mitleid mit dem obdachlosen Mann.,noun,,b1;emotions,B1_lesson_16
B1_v504,B1,heftig,,,intense / violent,Es gab eine heftige Diskussion über das Thema.,adjective,,b1;emotions,B1_lesson_1
B1_v505,B1,die Begeisterung,die,,enthusiasm,Die Begeisterung der Fans war riesig.,noun,,b1;emotions,B1_lesson_16
B1_v506,B1,die Sehnsucht,die,Sehnsuechte,longing / yearning,Ich habe Sehnsucht nach meiner Heimat.,noun,,b1;emotions,B1_lesson_16
B1_v508,B1,mutlos,,,discouraged,Nach der Absage war er mutlos.,adjective,,b1;emotions,B1_lesson_16
B1_v509,B1,zuversichtlich,,,confident / optimistic,"Sie ist zuversichtlich, dass sie die Prüfung besteht.",adjective,,b1;emotions,B1_lesson_16
B1_v510,B1,beschäftigen,,,to occupy / to deal with,Ich beschäftige mich zurzeit mit dem Umzug.,verb,,b1;emotions,B1_lesson_16
B1_v511,B1,verlegen,,,embarrassed / shy,"Er war verlegen, als alle ihn ansahen.",adjective,,b1;emotions,B1_lesson_16
B1_v512,B1,zurückhaltend,,,reserved,In der neuen Gruppe war sie anfangs zurückhaltend.,adjective,,b1;emotions,B1_lesson_16
B1_v513,B1,neugierig,,,curious,Kinder sind von Natur aus neugierig.,adjective,,b1;emotions,B1_lesson_16
B1_v514,B1,gleichgültig,,,indifferent,Er blieb gleichgültig gegenüber den Problemen.,adjective,,b1;emotions,B1_lesson_16
B1_v515,B1,das Selbstvertrauen,das,,self-confidence,Durch den Erfolg hat sich mein Selbstvertrauen verbessert.,noun,,b1;emotions,B1_lesson_16
B1_v516,B1,die Sparkasse,die,Sparkassen,savings bank,Ich habe ein Konto bei der Sparkasse eröffnet.,noun,,b1;finance,B1_lesson_25
B1_v517,B1,das Guthaben,das,Guthaben,credit balance,Mein Guthaben auf dem Konto beträgt 500 Euro.,noun,,b1;finance,B1_lesson_25
B1_v518,B1,der Zinssatz,der,Zinssätze,interest rate,Der Zinssatz für den Kredit beträgt 4 Prozent.,noun,,b1;finance,B1_lesson_25
B1_v519,B1,die Rate,die,Raten,installment,Ich zahle die Rate jeden Monat pünktlich.,noun,,b1;finance,B1_lesson_25
B1_v520,B1,der Kredit,der,Kredite,loan / credit,Für das Auto brauche ich einen Kredit.,noun,,b1;finance,B1_lesson_25
B1_v521,B1,die Kreditkarte,die,Kreditkarten,credit card,Mit der Kreditkarte kann ich überall bezahlen.,noun,,b1;finance,B1_lesson_25
B1_v522,B1,die EC-Karte,die,EC-Karten,debit card,Mit der EC-Karte kann ich am Automaten Geld abheben.,noun,,b1;finance,B1_lesson_25
B1_v523,B1,der Kontoauszug,der,Kontoauszüge,bank statement,Den Kontoauszug kann ich online herunterladen.,noun,,b1;finance,B1_lesson_25
B1_v524,B1,der Dauerauftrag,der,Daueraufträge,standing order,Die Miete bezahle ich per Dauerauftrag.,noun,,b1;finance,B1_lesson_25
B1_v525,B1,der Dispo,der,Dispos,overdraft facility,Mein Dispo bei der Bank beträgt 1000 Euro.,noun,,b1;finance,B1_lesson_25
B1_v526,B1,die Kfz-Versicherung,die,Kfz-Versicherungen,car insurance,Die Kfz-Versicherung muss ich jedes Jahr erneuern.,noun,,b1;finance,B1_lesson_25
B1_v527,B1,die Haftpflicht,die,Haftpflichten,liability insurance,Eine Haftpflichtversicherung ist in Deutschland sehr wichtig.,noun,,b1;finance,B1_lesson_25
B1_v528,B1,die Selbstbeteiligung,die,Selbstbeteiligungen,excess / deductible,Bei einem Schaden zahle ich die Selbstbeteiligung.,noun,,b1;finance,B1_lesson_25
B1_v529,B1,der Rabatt,der,Rabatte,discount,Als Neukunde bekomme ich 20 Prozent Rabatt.,noun,,b1;finance,B1_lesson_25
B1_v530,B1,der Kaufvertrag,der,Kaufverträge,purchase contract,Den Kaufvertrag habe ich vor dem Kauf gelesen.,noun,,b1;finance,B1_lesson_25
B1_v531,B1,die Garantie,die,Garantien,warranty / guarantee,Das Smartphone hat zwei Jahre Garantie.,noun,,b1;finance,B1_lesson_25
B1_v532,B1,die Reklamation,die,Reklamationen,complaint / return,Bei einer Reklamation brauche ich den Kassenbon.,noun,,b1;finance,B1_lesson_25
B1_v533,B1,die Rückerstattung,die,Rückerstattungen,refund,Die Rückerstattung erfolgt innerhalb von 14 Tagen.,noun,,b1;finance,B1_lesson_25
B1_v534,B1,der Kassenbon,der,Kassenbons,receipt,"Heb den Kassenbon auf, falls du die Ware zurückgeben willst.",noun,,b1;finance,B1_lesson_25
B1_v535,B1,bargeldlos,,,cashless,In vielen Geschäften kann man bargeldlos bezahlen.,adjective,,b1;finance,B1_lesson_25
B1_v536,B1,die Anlage,die,Anlagen,investment,Eine gute Anlage bringt Zinsen.,noun,,b1;finance,B1_lesson_25
B1_v537,B1,der Wechselkurs,der,Wechselkurse,exchange rate,Der Wechselkurs von Euro zum Dollar ist günstig.,noun,,b1;finance,B1_lesson_25
B1_v538,B1,der Geldautomat,der,Geldautomaten,ATM,Am Geldautomaten kann ich rund um die Uhr Geld abheben.,noun,,b1;finance,B1_lesson_25
B1_v539,B1,die Bonität,die,,creditworthiness,Die Bank prüft meine Bonität vor dem Kredit.,noun,,b1;finance,B1_lesson_25
B1_v540,B1,die Tilgung,die,Tilgungen,repayment,Die Tilgung des Kredits dauert zehn Jahre.,noun,,b1;finance,B1_lesson_25
B1_v541,B1,abheben,,,to withdraw,Ich hebe 200 Euro am Automaten ab.,verb,,b1;finance,B1_lesson_25
B1_v542,B1,einzahlen,,,to deposit,Ich zahle das Bargeld auf mein Konto ein.,verb,,b1;finance,B1_lesson_25
B1_v543,B1,überweisen,,,to transfer,Ich überweise die Miete am ersten des Monats.,verb,,b1;finance,B1_lesson_25
B1_v544,B1,finanzieren,,,to finance,Wir finanzieren den Neubau mit einem Kredit.,verb,,b1;finance,B1_lesson_25
B1_v545,B1,die Lieferung,die,Lieferungen,delivery,Die Lieferung des Pakets dauert drei Werktage.,noun,,b1;finance,B1_lesson_8
B1_v546,B1,die Bestellung,die,Bestellungen,order,Meine Bestellung ist gestern eingetroffen.,noun,,b1;finance,B1_lesson_8
B1_v547,B1,der Versand,der,Versände,shipping,Der Versand ist innerhalb Deutschlands kostenlos.,noun,,b1;finance,B1_lesson_8
B1_v548,B1,zurücksenden,,,to send back / return,Ich sende die defekte Ware an den Verkäufer zurück.,verb,,b1;finance,B1_lesson_8
B1_v549,B1,die Gehaltsabrechnung,die,Gehaltsabrechnungen,pay slip,Auf der Gehaltsabrechnung stehen alle Abzüge.,noun,,b1;finance,B1_lesson_25
B1_v550,B1,die Steuerklasse,die,Steuerklassen,tax class,In Steuerklasse drei zahle ich weniger Steuern.,noun,,b1;finance,B1_lesson_25
B1_v551,B1,der Freibetrag,der,Freibeträge,allowance / tax-free amount,Der Steuerfreibetrag liegt bei etwa 11000 Euro.,noun,,b1;finance,B1_lesson_25
B1_v552,B1,die Abrechnung,die,Abrechnungen,settlement / billing,Die Abrechnung der Nebenkosten kommt einmal im Jahr.,noun,,b1;finance,B1_lesson_25
B1_v553,B1,das Pfand,das,Pfänder,deposit (bottles),Auf Flaschen ist 25 Cent Pfand.,noun,,b1;finance,B1_lesson_25
B1_v554,B1,das Sonderangebot,das,Sonderangebote,special offer,Im Supermarkt gibt es diese Woche ein Sonderangebot.,noun,,b1;finance,B1_lesson_8
B1_v555,B1,der Zahlungsverkehr,der,,payment transactions,Der gesamte Zahlungsverkehr läuft über die Bank.,noun,,b1;finance,B1_lesson_25
B1_v556,B1,die Buchhaltung,die,,accounting,Die Buchhaltung prüft alle Einnahmen und Ausgaben.,noun,,b1;finance,B1_lesson_25
B1_v557,B1,die Ausgabe,die,Ausgaben,expense / expenditure,Die monatlichen Ausgaben sind höher als die Einnahmen.,noun,,b1;finance,B1_lesson_25
B1_v559,B1,der Veranstaltungskalender,der,Veranstaltungskalender,events calendar,Im Veranstaltungskalender finde ich alle Konzerte.,noun,,b1;culture,B1_lesson_4
B1_v560,B1,die Ausstellung,die,Ausstellungen,exhibition,Die Ausstellung moderner Kunst war sehr beeindruckend.,noun,,b1;culture,B1_lesson_4
B1_v561,B1,das Museum,das,Museen,museum,Das Museum hat jeden Montag geschlossen.,noun,,b1;culture,B1_lesson_4
B1_v562,B1,die Vernissage,die,Vernissagen,art opening,Zur Vernissage kamen viele Besucher.,noun,,b1;culture,B1_lesson_4
B1_v563,B1,das Theaterstück,das,Theaterstücke,play,Das Theaterstück handelt von einer Familie.,noun,,b1;culture,B1_lesson_19
B1_v564,B1,die Aufführung,die,Aufführungen,performance,Die Aufführung beginnt um 20 Uhr.,noun,,b1;culture,B1_lesson_19
B1_v565,B1,die Vorstellung,die,Vorstellungen,show / screening,Die Vorstellung ist ausverkauft.,noun,,b1;culture,B1_lesson_19
B1_v566,B1,das Festival,das,Festivals,festival,Das Musikfestival findet im Sommer statt.,noun,,b1;culture,B1_lesson_19
B1_v567,B1,der Veranstaltungsort,der,Veranstaltungsorte,venue,Der Veranstaltungsort ist gut mit dem Bus zu erreichen.,noun,,b1;culture,B1_lesson_19
B1_v568,B1,der Studiengang,der,Studiengänge,course of study,Der Studiengang Medizin dauert sechs Jahre.,noun,,b1;education,B1_lesson_2
B1_v569,B1,die Prüfungsordnung,die,Prüfungsordnungen,exam regulations,Die Prüfungsordnung liegt im Sekretariat aus.,noun,,b1;education,B1_lesson_2
B1_v570,B1,die Studienleistung,die,Studienleistungen,academic achievement,Für die Zulassung brauche ich bestimmte Studienleistungen.,noun,,b1;education,B1_lesson_2
B1_v571,B1,das Stipendium,das,Stipendien,scholarship,Sie hat ein Stipendium für hervorragende Leistungen bekommen.,noun,,b1;education,B1_lesson_2
B1_v572,B1,die Einschreibung,die,Einschreibungen,enrollment,Die Einschreibung für das Wintersemester beginnt im August.,noun,,b1;education,B1_lesson_2
B1_v573,B1,die Vorlesung,die,Vorlesungen,lecture,Die Vorlesung über Genetik war sehr interessant.,noun,,b1;education,B1_lesson_2
B1_v574,B1,das Seminar,das,Seminare,seminar,Im Seminar diskutieren wir aktuelle Forschungsthemen.,noun,,b1;education,B1_lesson_2
B1_v575,B1,das Tutorium,das,Tutorien,tutorial / tutoring session,Im Tutorium werden die Übungen besprochen.,noun,,b1;education,B1_lesson_2
B1_v576,B1,die Hausarbeit,die,Hausarbeiten,term paper,Die Hausarbeit muss bis Ende des Semesters abgegeben werden.,noun,,b1;education,B1_lesson_2
B1_v577,B1,die Abschlussarbeit,die,Abschlussarbeiten,thesis / final paper,Für meine Abschlussarbeit forsche ich an einem neuen Thema.,noun,,b1;education,B1_lesson_2
B1_v578,B1,die Zulassung,die,Zulassungen,admission,Die Zulassung zum Studium ist sehr begehrt.,noun,,b1;education,B1_lesson_2
B1_v579,B1,der Stundenplan,der,Stundenpläne,timetable / schedule,Laut Stundenplan habe ich morgen vier Vorlesungen.,noun,,b1;education,B1_lesson_2
B1_v580,B1,das Fach,das,Fächer,subject / field,Mein Lieblingsfach ist Geschichte.,noun,,b1;education,B1_lesson_2
B1_v581,B1,der Lernstoff,der,Lernstoffe,study material,Der Lernstoff für die Prüfung ist sehr umfangreich.,noun,,b1;education,B1_lesson_2
B1_v582,B1,die Lerngruppe,die,Lerngruppen,study group,In der Lerngruppe bereiten wir uns gemeinsam auf die Prüfung vor.,noun,,b1;education,B1_lesson_2
B1_v583,B1,die Hochschule,die,Hochschulen,university / college,Die Hochschule bietet viele verschiedene Studiengänge an.,noun,,b1;education,B1_lesson_2
B1_v584,B1,das Smartphone,das,Smartphones,smartphone,Mein Smartphone hat eine sehr gute Kamera.,noun,,b1;technology,B1_lesson_24
B1_v585,B1,der Laptop,der,Laptops,laptop,Für die Arbeit brauche ich einen neuen Laptop.,noun,,b1;technology,B1_lesson_24
B1_v586,B1,das Tablet,das,Tablets,tablet,Auf dem Tablet lese ich E-Books und Zeitungen.,noun,,b1;technology,B1_lesson_24
B1_v587,B1,die App,die,Apps,app,"Die App hilft mir, meine Finanzen zu verwalten.",noun,,b1;technology,B1_lesson_24
B1_v588,B1,die Software,die,Softwares,software,Die neue Software hat viele nützliche Funktionen.,noun,,b1;technology,B1_lesson_24
B1_v589,B1,das Programm,das,Programme,program,Das Programm stürzt häufig ab.,noun,,b1;technology,B1_lesson_24
B1_v590,B1,die E-Mail-Adresse,die,E-Mail-Adressen,email address,Meine E-Mail-Adresse habe ich auf der Visitenkarte notiert.,noun,,b1;technology,B1_lesson_24
B1_v591,B1,der Anhang,der,Anhänge,attachment,Im Anhang der E-Mail findest du die Dokumente.,noun,,b1;technology,B1_lesson_24
B1_v592,B1,der Bildschirm,der,Bildschirme,screen / monitor,Der Bildschirm meines Computers ist zu klein.,noun,,b1;technology,B1_lesson_24
B1_v593,B1,die Tastatur,die,Tastaturen,keyboard,Ich habe mir eine neue kabellose Tastatur gekauft.,noun,,b1;technology,B1_lesson_24
B1_v594,B1,herunterladen,,,to download,Du kannst das Formular von unserer Webseite herunterladen.,verb,,b1;technology,B1_lesson_24
B1_v595,B1,hochladen,,,to upload,Bitte laden Sie Ihre Bewerbungsunterlagen hier hoch.,verb,,b1;technology,B1_lesson_24
B1_v596,B1,installieren,,,to install,Ich muss die neueste Version der Software installieren.,verb,,b1;technology,B1_lesson_24
B1_v597,B1,der Akku,der,Akkus,battery,Der Akku meines Handys ist fast leer.,noun,,b1;technology,B1_lesson_24
B1_v598,B1,das Passwort,das,Passwörter,password,Ich habe mein Passwort vergessen.,noun,,b1;technology,B1_lesson_24
B1_v599,B1,der Benutzername,der,Benutzernamen,username,Gib deinen Benutzernamen und dein Passwort ein.,noun,,b1;technology,B1_lesson_24
B1_v600,B1,die Fehlermeldung,die,Fehlermeldungen,error message,Auf dem Bildschirm erscheint eine Fehlermeldung.,noun,,b1;technology,B1_lesson_24
B1_v601,B1,speichern,,,to save,"Vergiss nicht, die Datei vor dem Schließen zu speichern.",verb,,b1;technology,B1_lesson_24
B1_v602,B1,drucken,,,to print,Ich muss das Dokument noch ausdrucken.,verb,,b1;technology,B1_lesson_24
B1_v603,B1,digital,,,digital,Immer mehr Behörden bieten digitale Dienstleistungen an.,adjective,,b1;technology,B1_lesson_24
B1_v604,B1,elektronisch,,,electronic,Die Rechnung kann ich elektronisch erhalten.,adjective,,b1;technology,B1_lesson_24
B1_v605,B1,die Daten,die,,data,Meine Daten werden auf einem sicheren Server gespeichert.,noun,,b1;technology,B1_lesson_24
B1_v606,B1,die Internetverbindung,die,Internetverbindungen,internet connection,Die Internetverbindung ist heute sehr langsam.,noun,,b1;technology,B1_lesson_24
B1_v607,B1,der Datenschutz,der,,data protection,Datenschutz ist in Deutschland ein wichtiges Thema.,noun,,b1;technology,B1_lesson_24
B1_v608,B1,die Webseite,die,Webseiten,website,Auf der Webseite findest du alle Informationen.,noun,,b1;technology,B1_lesson_24
B1_v609,B1,die Landschaft,die,Landschaften,landscape,Die Landschaft in der Schweiz ist atemberaubend.,noun,,b1;nature,B1_lesson_17
B1_v610,B1,der Berg,der,Berge,mountain,Im Winter fahren wir zum Skifahren in die Berge.,noun,,b1;nature,B1_lesson_17
B1_v611,B1,der See,der,Seen,lake,Der See liegt direkt hinter dem Wald.,noun,,b1;nature,B1_lesson_17
B1_v612,B1,der Fluss,der,Flüsse,river,Der Fluss fließt durch die ganze Stadt.,noun,,b1;nature,B1_lesson_17
B1_v613,B1,auffallen,,,to stand out / be noticed,"Mir ist aufgefallen, dass der Preis gestiegen ist.",verb,,b1;verbs,B1_lesson_1
B1_v614,B1,auskommen,,,to get along / manage,Ich komme mit meinem Gehalt gut aus.,verb,,b1;verbs,B1_lesson_1
B1_v615,B1,ausgeben,,,to spend (money),Ich gebe zu viel Geld für Kleidung aus.,verb,,b1;verbs,B1_lesson_25
B1_v616,B1,benutzen,,,to use,Darf ich dein Handy benutzen?,verb,,b1;verbs,B1_lesson_24
B1_v617,B1,beschreiben,,,to describe,Kannst du den Täter genau beschreiben?,verb,,b1;verbs,B1_lesson_1
B1_v618,B1,einfallen,,,to occur to / remember,Mir fällt der Name nicht mehr ein.,verb,,b1;verbs,B1_lesson_1
B1_v619,B1,enthalten,,,to contain,Dieses Getränk enthält viel Zucker.,verb,,b1;verbs,B1_lesson_1
B1_v620,B1,erreichen,,,to reach / achieve,Ich habe mein Ziel endlich erreicht.,verb,,b1;verbs,B1_lesson_1
B1_v621,B1,fehlen,,,to be missing / lack,Mir fehlt die Erfahrung für diesen Job.,verb,,b1;verbs,B1_lesson_1
B1_v622,B1,fortsetzen,,,to continue,Wir setzen die Besprechung morgen fort.,verb,,b1;verbs,B1_lesson_1
B1_v623,B1,gründen,,,to found / establish,Sie hat ihre eigene Firma gegründet.,verb,,b1;verbs,B1_lesson_1
B1_v624,B1,nachdenken,,,to think / reflect,Ich muss über das Angebot nachdenken.,verb,,b1;verbs,B1_lesson_1
B1_v625,B1,rechtzeitig,,,in time / punctual,Bitte kommen Sie rechtzeitig zum Termin.,adjective,,b1;adjectives,B1_lesson_1
B1_v626,B1,erfolgreich,,,successful,Das Projekt war sehr erfolgreich.,adjective,,b1;adjectives,B1_lesson_1
B1_v627,B1,geeignet,,,suitable,Diese Wohnung ist für eine Familie geeignet.,adjective,,b1;adjectives,B1_lesson_1
B1_v628,B1,verantwortlich,,,responsible,Wer ist für das Projekt verantwortlich?,adjective,,b1;adjectives,B1_lesson_1
B1_v629,B1,sicher,,,safe / secure,"Ist es sicher, nachts hier zu laufen?",adjective,,b1;adjectives,B1_lesson_1
B1_v630,B1,bekannt,,,known / famous,Dieser Arzt ist für seine Fachkenntnisse bekannt.,adjective,,b1;adjectives,B1_lesson_1
B1_v631,B1,unbekannt,,,unknown,Der Absender des Pakets ist unbekannt.,adjective,,b1;adjectives,B1_lesson_1
B1_v632,B1,regelmäßig,,,regular,Ich mache regelmäßig Sport.,adjective,,b1;adjectives,B1_lesson_1
B1_v633,B1,der Brand,der,Brände,fire,Bei einem Brand muss man die Feuerwehr rufen.,noun,,b1;safety,B1_lesson_22
B1_v634,B1,der Rettungsdienst,der,Rettungsdienste,rescue service,Der Rettungsdienst war innerhalb von fuenf Minuten da.,noun,,b1;safety,B1_lesson_22
B1_v635,B1,der Unfall,der,Unfälle,accident,Auf der Autobahn hat sich ein schwerer Unfall ereignet.,noun,,b1;safety,B1_lesson_22
B1_v636,B1,die Verletzung,die,Verletzungen,injury,Die Verletzung war zum Glück nicht schwer.,noun,,b1;safety,B1_lesson_22
B1_v637,B1,die Erste Hilfe,die,,first aid,Jeder sollte Grundkenntnisse in Erster Hilfe haben.,noun,,b1;safety,B1_lesson_22
B1_v638,B1,die Rettungsgasse,die,Rettungsgassen,emergency lane,Bei einem Stau müssen Autofahrer eine Rettungsgasse bilden.,noun,,b1;safety,B1_lesson_22
B1_v639,B1,der Notausgang,der,Notausgänge,emergency exit,Der Notausgang befindet sich am Ende des Flurs.,noun,,b1;safety,B1_lesson_22
B1_v640,B1,evakuieren,,,to evacuate,Das Gebäude musste wegen einer Bombendrohung evakuiert werden.,verb,,b1;safety,B1_lesson_22
B1_v641,B1,lebensgefährlich,,,life-threatening,Das Fahren ohne Sicherheitsgurt ist lebensgefährlich.,adjective,,b1;safety,B1_lesson_22
B1_v642,B1,die Nachrichtensendung,die,Nachrichtensendungen,news broadcast,Ich sehe jeden Abend die Nachrichtensendung.,noun,,b1;media,B1_lesson_24
B1_v643,B1,die Mannschaft,die,Mannschaften,team,Die Mannschaft hat das Spiel gewonnen.,noun,,b1;sports,B1_lesson_19
B1_v644,B1,das Training,das,Trainings,training / practice,Das Training findet jeden Dienstag statt.,noun,,b1;sports,B1_lesson_19
B1_v645,B1,trainieren,,,to train / practice,Ich trainiere dreimal pro Woche im Fitnessstudio.,verb,,b1;sports,B1_lesson_19
B1_v646,B1,die Bedeutung,die,Bedeutungen,meaning / significance,Weißt du die Bedeutung dieses Wortes?,noun,,b1;abstract,B1_lesson_1
B1_v647,B1,die Möglichkeit,die,Möglichkeiten,possibility / opportunity,Ich habe viele Möglichkeiten für die Zukunft.,noun,,b1;abstract,B1_lesson_1
B1_v648,B1,der Grund,der,Gründe,reason / ground,Aus welchem Grund hast du gekündigt?,noun,,b1;abstract,B1_lesson_1
B1_v649,B1,die Folge,die,Folgen,consequence / episode,Die Folgen des Unfalls waren schwerwiegend.,noun,,b1;abstract,B1_lesson_1
B1_v650,B1,die Maßnahme,die,Maßnahmen,measure / action,Die Regierung hat neue Maßnahmen ergriffen.,noun,,b1;abstract,B1_lesson_1
B1_v651,B1,der Zweck,der,Zwecke,purpose,"Der Zweck dieser Übung ist es, die Aussprache zu verbessern.",noun,,b1;abstract,B1_lesson_1
B1_v652,B1,die Ursache,die,Ursachen,cause / reason,Die genaue Ursache des Fehlers ist unbekannt.,noun,,b1;abstract,B1_lesson_1
B1_v653,B1,der Fortschritt,der,Fortschritte,progress,Die Medizin macht große Fortschritte.,noun,,b1;abstract,B1_lesson_1
B1_v654,B1,die Entwicklung,die,Entwicklungen,development,Die Entwicklung der Technologie geht immer schneller.,noun,,b1;abstract,B1_lesson_1
B1_v655,B1,die Verbesserung,die,Verbesserungen,improvement,Die Verbesserung der Arbeitsbedingungen ist notwendig.,noun,,b1;abstract,B1_lesson_1
B1_v656,B1,die Steigerung,die,Steigerungen,increase,Die Steigerung der Produktion um 20 Prozent ist geplant.,noun,,b1;abstract,B1_lesson_1
B1_v657,B1,die Wirtschaft,die,,economy,Die Wirtschaft wächst in diesem Jahr um zwei Prozent.,noun,,b1;society,B1_lesson_21
B1_v658,B1,die Arbeitslosigkeit,die,,unemployment,Die Arbeitslosigkeit ist im letzten Jahr gesunken.,noun,,b1;society,B1_lesson_1
B1_v659,B1,die Integration,die,Integrationen,integration,Die Integration von Migranten ist eine wichtige Aufgabe.,noun,,b1;society,B1_lesson_21
B1_v660,B1,der Ausländeranteil,der,,proportion of foreigners,Der Ausländeranteil in dieser Stadt liegt bei 15 Prozent.,noun,,b1;society,B1_lesson_21
B1_v661,B1,die Gleichberechtigung,die,,equal rights,Gleichberechtigung zwischen Männern und Frauen ist ein Grundrecht.,noun,,b1;society,B1_lesson_21
B1_v662,B1,die Freiwilligenarbeit,die,,volunteer work,Freiwilligenarbeit kann eine wertvolle Erfahrung sein.,noun,,b1;society,B1_lesson_1
B1_v663,B1,die Spende,die,Spenden,donation,Die Spende kommt einem Kinderhilfswerk zugute.,noun,,b1;society,B1_lesson_1
B1_v664,B1,der Verein,der,Vereine,club / association,Ich bin Mitglied in einem Sportverein.,noun,,b1;society,B1_lesson_19
B1_v665,B1,die Bürgerschaft,die,,citizenry / community,Die Bürgerschaft war zur Abstimmung aufgerufen.,noun,,b1;society,B1_lesson_21
B1_v666,B1,die Zusammenarbeit,die,,cooperation,Die Zusammenarbeit zwischen den Abteilungen funktioniert gut.,noun,,b1;abstract,B1_lesson_1
B1_v667,B1,die Pflicht,die,Pflichten,duty / obligation,"Es ist meine Pflicht, meine Steuern zu zahlen.",noun,,b1;abstract,B1_lesson_1
B1_v668,B1,gehören,,,to belong,Dieses Buch gehört mir.,verb,,b1;verbs,B1_lesson_1
B1_v669,B1,betragen,,,to amount to,Die Rechnung beträgt 150 Euro.,verb,,b1;verbs,B1_lesson_1
B1_v670,B1,bestehen,,,to consist / to pass / to exist,Die Prüfung besteht aus drei Teilen.,verb,,b1;verbs,B1_lesson_1
B1_v671,B1,ablehnen,,,to reject / decline,Er hat das Angebot abgelehnt.,verb,,b1;verbs,B1_lesson_1
B1_v672,B1,genehmigen,,,to approve,Der Bauantrag wurde von der Stadt genehmigt.,verb,,b1;verbs,B1_lesson_1
B1_v673,B1,verfügen,,,to have at one's disposal,Wir verfügen über ausreichende Mittel.,verb,,b1;verbs,B1_lesson_1
B1_v674,B1,die Kenntnisse,die,,knowledge / skills,Für diese Stelle braucht man gute EDV-Kenntnisse.,noun,,b1;abstract,B1_lesson_1
B1_v675,B1,die Fertigkeit,die,Fertigkeiten,skill,Praktische Fertigkeiten sind im Handwerk sehr wichtig.,noun,,b1;abstract,B1_lesson_1
B1_v676,B1,die Ansicht,die,Ansichten,view / opinion,Meiner Ansicht nach sollte man mehr in Bildung investieren.,noun,,b1;abstract,B1_lesson_1
B1_v677,B1,die Auseinandersetzung,die,Auseinandersetzungen,confrontation / dispute,Die Auseinandersetzung mit dem Chef endete im Kompromiss.,noun,,b1;abstract,B1_lesson_1
B1_v678,B1,die Vorschrift,die,Vorschriften,regulation / rule,Nach der neuen Vorschrift müssen alle Mitarbeiter Sicherheitsschuhe tragen.,noun,,b1;society,B1_lesson_21
B1_v679,B1,die Richtlinie,die,Richtlinien,guideline / directive,Die Richtlinien für die Antragstellung sind im Internet zu finden.,noun,,b1;society,B1_lesson_21
B1_v680,B1,der Begriff,der,Begriffe,term / concept,Der Begriff Nachhaltigkeit wird oft verwendet.,noun,,b1;abstract,B1_lesson_1
B2_vocab_001,B2,Forschung,die,Forschungen,research,die Forschung: research,noun,Science,b2,B2_lesson_1
B2_vocab_002,B2,Studie,die,Studien,study,die Studie: study,noun,Science,b2,B2_lesson_2
B2_vocab_003,B2,Hypothese,die,Hypothesen,hypothesis,die Hypothese: hypothesis,noun,Science,b2,B2_lesson_3
B2_vocab_004,B2,Methode,die,Methoden,method,die Methode: method,noun,Science,b2,B2_lesson_4
B2_vocab_005,B2,Analyse,die,Analysen,analysis,die Analyse: analysis,noun,Science,b2,B2_lesson_5
B2_vocab_006,B2,Publikation,die,Publikationen,publication,die Publikation: publication,noun,Science,b2,B2_lesson_6
B2_vocab_007,B2,Wirtschaft,die,,economy,die Wirtschaft: economy,noun,Economy,b2,B2_lesson_7
B2_vocab_008,B2,Markt,der,Märkte,market,der Markt: market,noun,Economy,b2,B2_lesson_8
B2_vocab_009,B2,Investition,die,Investitionen,investment,die Investition: investment,noun,Economy,b2,B2_lesson_9
B2_vocab_010,B2,Gewinn,der,Gewinne,profit,der Gewinn: profit,noun,Economy,b2,B2_lesson_10
B2_vocab_011,B2,Umsatz,der,Umsätze,revenue,der Umsatz: revenue,noun,Economy,b2,B2_lesson_11
B2_vocab_012,B2,Globalisierung,die,,globalization,die Globalisierung: globalization,noun,Economy,b2,B2_lesson_12
B2_vocab_013,B2,Regierung,die,Regierungen,government,die Regierung: government,noun,Politics,b2,B2_lesson_13
B2_vocab_014,B2,Partei,die,Parteien,party,die Partei: party,noun,Politics,b2,B2_lesson_14
B2_vocab_015,B2,Wahl,die,Wahlen,election,die Wahl: election,noun,Politics,b2,B2_lesson_15
B2_vocab_016,B2,Parlament,das,Parlamente,parliament,das Parlament: parliament,noun,Politics,b2,B2_lesson_16
B2_vocab_017,B2,Demokratie,die,Demokratien,democracy,die Demokratie: democracy,noun,Politics,b2,B2_lesson_17
B2_vocab_018,B2,Verfassung,die,Verfassungen,constitution,die Verfassung: constitution,noun,Politics,b2,B2_lesson_18
B2_vocab_019,B2,Facharztpraxis,die,Facharztpraxen,specialist practice,die Facharztpraxis ist ein wichtiger Begriff.,noun,Medical,b2;medical,B2_lesson_19
B2_vocab_020,B2,Überweisung,die,Überweisungen,referral,die Überweisung ist ein wichtiger Begriff.,noun,Medical,b2;medical,B2_lesson_20
B2_vocab_021,B2,Vorsorgeuntersuchung,die,Vorsorgeuntersuchungen,preventive checkup,die Vorsorgeuntersuchung ist ein wichtiger Begriff.,noun,Medical,b2;medical,B2_lesson_21
B2_vocab_022,B2,Befund,der,Befunde,medical finding,der Befund ist ein wichtiger Begriff.,noun,Medical,b2;medical,B2_lesson_22
B2_vocab_023,B2,Reha,die,Rehas,rehabilitation,die Reha ist ein wichtiger Begriff.,noun,Medical,b2;medical,B2_lesson_23
B2_vocab_024,B2,Verhandlung,die,Verhandlungen,negotiation,die Verhandlung ist ein wichtiger Begriff.,noun,professional-communication,b2,B2_lesson_24
B2_vocab_025,B2,Strategie,die,Strategien,strategy,die Strategie ist ein wichtiger Begriff.,noun,professional-communication,b2,B2_lesson_25
B2_vocab_026,B2,Nachhaltigkeit,die,,sustainability,die Nachhaltigkeit ist ein wichtiger Begriff.,noun,environment,b2,B2_lesson_1
B2_vocab_027,B2,Technologie,die,Technologien,technology,die Technologie ist ein wichtiger Begriff.,noun,technology,b2,B2_lesson_2
B2_vocab_028,B2,Maßnahme,die,Maßnahmen,measure/action,die Maßnahme ist ein wichtiger Begriff.,noun,abstract-nouns,b2,B2_lesson_3
B2_vocab_029,B2,Voraussetzung,die,Voraussetzungen,prerequisite,die Voraussetzung ist ein wichtiger Begriff.,noun,abstract-nouns,b2,B2_lesson_4
B2_vocab_030,B2,Herausforderung,die,Herausforderungen,challenge,die Herausforderung ist ein wichtiger Begriff.,noun,abstract-nouns,b2,B2_lesson_5
B2_vocab_031,B2,Lösung,die,Lösungen,solution,die Lösung ist ein wichtiger Begriff.,noun,abstract-nouns,b2,B2_lesson_6
B2_vocab_032,B2,Entscheidung,die,Entscheidungen,decision,die Entscheidung ist ein wichtiger Begriff.,noun,abstract-nouns,b2,B2_lesson_7
B2_vocab_033,B2,Verbesserung,die,Verbesserungen,improvement,die Verbesserung ist ein wichtiger Begriff.,noun,abstract-nouns,b2,B2_lesson_8
B2_vocab_034,B2,Zusammenarbeit,die,,collaboration,die Zusammenarbeit ist ein wichtiger Begriff.,noun,workplace,b2,B2_lesson_9
B2_vocab_035,B2,Untersuchung,die,Untersuchungen,"investigation, examination",Die Untersuchung der Patienten dauerte drei Monate.,noun,Research and education,b2;research,B2_lesson_10
B2_vocab_036,B2,Erhebung,die,Erhebungen,"survey, data collection",Die Erhebung wurde mit 1000 Teilnehmern durchgeführt.,noun,Research and education,b2;research,B2_lesson_12
B2_vocab_037,B2,Auswertung,die,Auswertungen,"evaluation, analysis",Die Auswertung der Daten ergab interessante Muster.,noun,Research and education,b2;research,B2_lesson_14
B2_vocab_038,B2,Versuch,der,Versuche,"experiment, attempt",Der Versuch wurde unter kontrollierten Bedingungen durchgeführt.,noun,Research and education,b2;research,B2_lesson_16
B2_vocab_039,B2,Theorie,die,Theorien,theory,Die Theorie erklärt den Zusammenhang zwischen den Phänomenen.,noun,Research and education,b2;research,B2_lesson_18
B2_vocab_040,B2,Ansatz,der,Ansätze,"approach, starting point",Der Ansatz der Forscher ist innovativ.,noun,Research and education,b2;research,B2_lesson_20
B2_vocab_041,B2,erforschen,,,"to research, to explore",Die Wissenschaftler erforschen die Ursachen der Krankheit.,verb,Research and education,b2;research,B2_lesson_22
B2_vocab_042,B2,empirisch,,,empirical,Empirische Studien sind die Grundlage der modernen Medizin.,adjective,Research and education,b2;research,B2_lesson_24
B2_vocab_043,B2,Argument,das,Argumente,argument,Sein Argument überzeugte die gesamte Diskussionsrunde.,noun,Academic communication,b2;academic,B2_lesson_1
B2_vocab_044,B2,Standpunkt,der,Standpunkte,"point of view, standpoint",Aus meinem Standpunkt ist die Situation anders zu bewerten.,noun,Academic communication,b2;academic,B2_lesson_3
B2_vocab_045,B2,Begründung,die,Begründungen,"justification, reasoning",Die Begründung für die Entscheidung war nachvollziehbar.,noun,Academic communication,b2;academic,B2_lesson_5
B2_vocab_046,B2,Schlussfolgerung,die,Schlussfolgerungen,"conclusion, deduction",Die Schlussfolgerung der Studie ist eindeutig.,noun,Academic communication,b2;academic,B2_lesson_7
B2_vocab_047,B2,Zusammenhang,der,Zusammenhänge,"connection, context",Der Zusammenhang zwischen Rauchen und Krebs ist bewiesen.,noun,Academic communication,b2;academic,B2_lesson_9
B2_vocab_048,B2,Definition,die,Definitionen,definition,Die Definition des Begriffs ist in diesem Kontext wichtig.,noun,Academic communication,b2;academic,B2_lesson_11
B2_vocab_049,B2,Zitat,das,Zitate,"quote, citation",Das Zitat stammt aus einem bekannten wissenschaftlichen Werk.,noun,Academic communication,b2;academic,B2_lesson_13
B2_vocab_050,B2,Quelle,die,Quellen,source,Die Quelle der Informationen muss überprüft werden.,noun,Academic communication,b2;academic,B2_lesson_15
B2_vocab_051,B2,These,die,Thesen,"thesis, claim",Die These des Autors wird durch mehrere Studien gestützt.,noun,Academic communication,b2;academic,B2_lesson_17
B2_vocab_052,B2,Karriere,die,Karrieren,career,Sie macht eine erfolgreiche Karriere in der Forschung.,noun,Work and professional,b2;work,B2_lesson_19
B2_vocab_053,B2,Vorstellungsgespräch,das,Vorstellungsgespräche,job interview,Das Vorstellungsgespräch verlief sehr positiv.,noun,Work and professional,b2;work,B2_lesson_21
B2_vocab_054,B2,Qualifikation,die,Qualifikationen,qualification,Für diese Stelle brauchen Sie bestimmte Qualifikationen.,noun,Work and professional,b2;work,B2_lesson_23
B2_vocab_055,B2,Kompetenz,die,Kompetenzen,"competence, skill",Kompetenz in der Patientenkommunikation ist sehr wichtig.,noun,Work and professional,b2;work,B2_lesson_25
B2_vocab_056,B2,Bewerbung,die,Bewerbungen,application,Die Bewerbung muss vollständige Unterlagen enthalten.,noun,Work and professional,b2;work,B2_lesson_2
B2_vocab_057,B2,Weiterbildung,die,Weiterbildungen,"further training, professional development",Weiterbildung ist in vielen Berufen heute selbstverständlich.,noun,Work and professional,b2;work,B2_lesson_4
B2_vocab_058,B2,sich bewerben,,,to apply (for a job),Ich bewerbe mich um die Stelle als Projektmanager.,verb,Work and professional,b2;work,B2_lesson_6
B2_vocab_059,B2,Arbeitgeber,der,Arbeitgeber,employer,Der Arbeitgeber bietet flexible Arbeitszeiten an.,noun,Work and professional,b2;work,B2_lesson_8
B2_vocab_060,B2,Arbeitnehmer,der,Arbeitnehmer,employee,Die Arbeitnehmer fordern höhere Löhne.,noun,Work and professional,b2;work,B2_lesson_10
B2_vocab_061,B2,Konjunktur,die,Konjunkturen,"economic situation, economic cycle",Die Konjunktur zeigt eine positive Entwicklung.,noun,Economy and business,b2;economy,B2_lesson_12
B2_vocab_062,B2,Steuer,die,Steuern,tax,Die Steuer auf Einkommen wird jedes Jahr neu berechnet.,noun,Economy and business,b2;economy,B2_lesson_14
B2_vocab_063,B2,Nachfrage,die,Nachfragen,demand,Die Nachfrage nach Fachkräften steigt kontinuierlich.,noun,Economy and business,b2;economy,B2_lesson_16
B2_vocab_064,B2,Angebot,das,Angebote,"supply, offer",Das Angebot an Wohnungen in der Stadt ist begrenzt.,noun,Economy and business,b2;economy,B2_lesson_18
B2_vocab_065,B2,Herstellung,die,Herstellungen,"production, manufacturing",Die Herstellung von Medikamenten unterliegt strengen Regeln.,noun,Economy and business,b2;economy,B2_lesson_20
B2_vocab_066,B2,Vertrieb,der,Vertriebe,"distribution, sales",Der Vertrieb der Produkte läuft über verschiedene Kanäle.,noun,Economy and business,b2;economy,B2_lesson_22
B2_vocab_067,B2,vergleichen,,,to compare,Man sollte die Preise verschiedener Anbieter vergleichen.,verb,Economy and business,b2;economy,B2_lesson_24
B2_vocab_068,B2,Berichterstattung,die,,"reporting, coverage",Die Berichterstattung über das Ereignis war ausgewogen.,noun,Media and public discussion,b2;media,B2_lesson_1
B2_vocab_069,B2,Debatte,die,Debatten,debate,Die Debatte über die Gesundheitsreform dauert an.,noun,Media and public discussion,b2;media,B2_lesson_3
B2_vocab_070,B2,Journalist,der,Journalisten,journalist,Der Journalist recherchierte mehrere Monate für den Artikel.,noun,Media and public discussion,b2;media,B2_lesson_5
B2_vocab_071,B2,Kommentar,der,Kommentare,"comment, commentary",Der Kommentar in der Zeitung kritisiert die Regierung.,noun,Media and public discussion,b2;media,B2_lesson_7
B2_vocab_072,B2,Schlagzeile,die,Schlagzeilen,headline,Die Schlagzeile war sehr reißerisch formuliert.,noun,Media and public discussion,b2;media,B2_lesson_9
B2_vocab_073,B2,Umfrage,die,Umfragen,"survey, poll","Die Umfrage zeigt, dass die meisten Bürger zufrieden sind.",noun,Media and public discussion,b2;media,B2_lesson_11
B2_vocab_074,B2,Meinung,die,Meinungen,opinion,Meiner Meinung nach sollte man mehr in Bildung investieren.,noun,Media and public discussion,b2;media,B2_lesson_13
B2_vocab_075,B2,diskutieren,,,to discuss,Die Studierenden diskutieren kontrovers über das Thema.,verb,Media and public discussion,b2;media,B2_lesson_15
B2_vocab_076,B2,argumentieren,,,to argue,Er argumentiert überzeugend für seine Position.,verb,Argumentation,b2;argumentation,B2_lesson_17
B2_vocab_077,B2,bewerten,,,"to evaluate, to assess",Die Ärzte bewerten den Zustand des Patienten als stabil.,verb,Argumentation,b2;argumentation,B2_lesson_19
B2_vocab_078,B2,folglich,,,"consequently, therefore","Die Ergebnisse sind eindeutig, folglich muss gehandelt werden.",adverb,Argumentation,b2;argumentation,B2_lesson_21
B2_vocab_079,B2,hingegen,,,"however, on the other hand","Die Methode ist einfach anzuwenden, hingegen ist sie teuer.",adverb,Argumentation,b2;argumentation,B2_lesson_23
B2_vocab_080,B2,dennoch,,,"nevertheless, yet","Die Studie ist alt, dennoch wird sie oft zitiert.",adverb,Argumentation,b2;argumentation,B2_lesson_25
B2_vocab_081,B2,außerdem,,,"furthermore, besides",Außerdem sollte man die langfristigen Folgen bedenken.,adverb,Argumentation,b2;argumentation,B2_lesson_2
B2_vocab_082,B2,einerseits,,,on the one hand,"Einerseits hat die Technologie Vorteile, andererseits auch Risiken.",adverb,Argumentation,b2;argumentation,B2_lesson_4
B2_vocab_083,B2,andererseits,,,on the other hand,"Einerseits kostet das Projekt viel Geld, andererseits schafft es Arbeitsplätze.",adverb,Argumentation,b2;argumentation,B2_lesson_6
B2_vocab_084,B2,zusammenfassen,,,to summarize,Am Ende der Präsentation fasst sie die wichtigsten Punkte zusammen.,verb,Argumentation,b2;argumentation,B2_lesson_8
B2_vocab_085,B2,Anamnese,die,Anamnesen,medical history taking,Der Arzt nimmt zunächst eine ausführliche Anamnese auf.,noun,Healthcare,b2;healthcare,B2_lesson_10
B2_vocab_086,B2,Behandlung,die,Behandlungen,treatment,Die Behandlung mit Antibiotika dauert eine Woche.,noun,Healthcare,b2;healthcare,B2_lesson_12
B2_vocab_087,B2,Verlauf,der,Verläufe,"course, progress",Der Verlauf der Krankheit ist positiv.,noun,Healthcare,b2;healthcare,B2_lesson_14
B2_vocab_088,B2,Beschwerde,die,Beschwerden,"complaint, symptom",Der Patient klagt über starke Beschwerden im Rücken.,noun,Healthcare,b2;healthcare,B2_lesson_16
B2_vocab_089,B2,Aufnahme,die,Aufnahmen,admission,Die Aufnahme ins Krankenhaus erfolgte am Montag.,noun,Healthcare,b2;healthcare,B2_lesson_18
B2_vocab_090,B2,Entlassung,die,Entlassungen,discharge,Die Entlassung aus dem Krankenhaus ist für Freitag geplant.,noun,Healthcare,b2;healthcare,B2_lesson_20
B2_vocab_091,B2,Operation,die,Operationen,"surgery, operation",Die Operation verlief ohne Komplikationen.,noun,Healthcare,b2;healthcare,B2_lesson_22
B2_vocab_092,B2,Termin,der,Termine,appointment,Ich habe nächste Woche einen Termin beim Facharzt.,noun,Healthcare,b2;healthcare,B2_lesson_24
B2_vocab_093,B2,Sprechstunde,die,Sprechstunden,"office hours, consultation hours",Die Sprechstunde ist montags bis freitags von 9 bis 12 Uhr.,noun,Healthcare,b2;healthcare,B2_lesson_1
B2_vocab_094,B2,Rezept,das,Rezepte,prescription,Der Arzt stellt ein Rezept für Hustensaft aus.,noun,Healthcare,b2;healthcare,B2_lesson_3
B2_vocab_095,B2,Einwilligung,die,Einwilligungen,consent,Vor der Operation ist die schriftliche Einwilligung notwendig.,noun,Patient instructions,b2;patientinstructions,B2_lesson_5
B2_vocab_096,B2,Aufklärung,die,Aufklärungen,"explanation, disclosure",Der Arzt führte eine ausführliche Aufklärung über die Risiken durch.,noun,Patient instructions,b2;patientinstructions,B2_lesson_7
B2_vocab_097,B2,Zustand,der,Zustände,"condition, state",Der Zustand des Patienten hat sich verbessert.,noun,Patient instructions,b2;patientinstructions,B2_lesson_9
B2_vocab_098,B2,Vorsorge,die,,"preventive care, precaution",Zur Vorsorge sollte man regelmäßig zum Zahnarzt gehen.,noun,Patient instructions,b2;patientinstructions,B2_lesson_11
B2_vocab_099,B2,Nachsorge,die,,"aftercare, follow-up care",Die Nachsorge nach der Chemotherapie ist sehr wichtig.,noun,Patient instructions,b2;patientinstructions,B2_lesson_13
B2_vocab_100,B2,Nebenwirkung,die,Nebenwirkungen,side effect,Dieses Medikament hat kaum Nebenwirkungen.,noun,Patient instructions,b2;patientinstructions,B2_lesson_15
B2_vocab_101,B2,Dosierung,die,Dosierungen,dosage,Die Dosierung muss vom Arzt angepasst werden.,noun,Patient instructions,b2;patientinstructions,B2_lesson_17
B2_vocab_102,B2,Anwendung,die,Anwendungen,"application, use",Die Anwendung der Salbe erfolgt dreimal täglich.,noun,Patient instructions,b2;patientinstructions,B2_lesson_19
B2_vocab_103,B2,regelmäßig,,,"regularly, on a regular basis",Nehmen Sie das Medikament regelmäßig ein.,adverb,Patient instructions,b2;patientinstructions,B2_lesson_21
B2_vocab_104,B2,Krankenkasse,die,Krankenkassen,health insurance company,Meine Krankenkasse übernimmt die Kosten für die Vorsorgeuntersuchung.,noun,Insurance,b2;insurance,B2_lesson_23
B2_vocab_105,B2,Versicherungsschutz,der,,insurance coverage,Der Versicherungsschutz gilt ab dem ersten Tag des Monats.,noun,Insurance,b2;insurance,B2_lesson_25
B2_vocab_106,B2,Gesundheitswesen,das,,healthcare system,Das deutsche Gesundheitswesen gehört zu den besten der Welt.,noun,Insurance,b2;insurance,B2_lesson_2
B2_vocab_107,B2,Leistung,die,Leistungen,"benefit, service",Die Krankenkasse bietet verschiedene Leistungen an.,noun,Insurance,b2;insurance,B2_lesson_4
B2_vocab_108,B2,Versichertenkarte,die,Versichertenkarten,health insurance card,Bitte bringen Sie Ihre Versichertenkarte zum Arzttermin mit.,noun,Insurance,b2;insurance,B2_lesson_6
B2_vocab_109,B2,Beitrag,der,Beiträge,"contribution, premium",Der Beitrag zur Krankenversicherung wird vom Gehalt abgezogen.,noun,Insurance,b2;insurance,B2_lesson_8
B2_vocab_110,B2,Antrag,der,Anträge,"application, claim form",Sie müssen einen Antrag auf Kostenübernahme stellen.,noun,Insurance,b2;insurance,B2_lesson_10
B2_vocab_111,B2,Zuzahlung,die,Zuzahlungen,co-payment,Für dieses Medikament ist eine Zuzahlung von fünf Euro fällig.,noun,Insurance,b2;insurance,B2_lesson_12
B2_vocab_112,B2,Prävention,die,,prevention,Prävention ist besser als Behandlung.,noun,Public health,b2;publichealth,B2_lesson_14
B2_vocab_113,B2,Risikofaktor,der,Risikofaktoren,risk factor,Rauchen ist ein wichtiger Risikofaktor für Krebs.,noun,Public health,b2;publichealth,B2_lesson_16
B2_vocab_114,B2,Impfung,die,Impfungen,vaccination,Die Impfung gegen Grippe wird jedes Jahr empfohlen.,noun,Public health,b2;publichealth,B2_lesson_18
B2_vocab_115,B2,Erkrankung,die,Erkrankungen,"illness, disease",Früherkennung kann schwere Erkrankungen verhindern.,noun,Public health,b2;publichealth,B2_lesson_20
B2_vocab_116,B2,Infektion,die,Infektionen,infection,Die Infektion wurde rechtzeitig mit Antibiotika behandelt.,noun,Public health,b2;publichealth,B2_lesson_22
B2_vocab_117,B2,Immunsystem,das,Immunsysteme,immune system,Ein starkes Immunsystem schützt vor vielen Krankheiten.,noun,Public health,b2;publichealth,B2_lesson_24
B2_vocab_118,B2,Erkältung,die,Erkältungen,common cold,Im Winter haben viele Menschen eine Erkältung.,noun,Public health,b2;publichealth,B2_lesson_1
B2_vocab_119,B2,sich erholen,,,"to recover, to recuperate",Nach der Operation muss sich der Patient gut erholen.,verb,Public health,b2;publichealth,B2_lesson_3
B2_vocab_120,B2,Absage,die,Absagen,cancellation,Die Absage des Termins sollte frühzeitig erfolgen.,noun,Appointments,b2;appointments,B2_lesson_5
B2_vocab_121,B2,Verschiebung,die,Verschiebungen,"postponement, rescheduling",Eine Verschiebung des OP-Termins ist leider nicht möglich.,noun,Appointments,b2;appointments,B2_lesson_7
B2_vocab_122,B2,Bestätigung,die,Bestätigungen,confirmation,Sie erhalten eine schriftliche Bestätigung Ihres Termins.,noun,Appointments,b2;appointments,B2_lesson_9
B2_vocab_123,B2,Wartezeit,die,Wartezeiten,waiting time,Die Wartezeit in der Praxis beträgt etwa 20 Minuten.,noun,Appointments,b2;appointments,B2_lesson_11
B2_vocab_124,B2,Bescheinigung,die,Bescheinigungen,"certificate, medical certificate",Der Arzt stellt eine Bescheinigung für den Arbeitgeber aus.,noun,Appointments,b2;appointments,B2_lesson_13
B2_vocab_125,B2,Wirkstoff,der,Wirkstoffe,active ingredient,Der Wirkstoff des Medikaments senkt den Blutdruck.,noun,Treatment,b2;treatment,B2_lesson_15
B2_vocab_126,B2,Dosis,die,Dosen,dose,Die Dosis sollte nicht ohne Rücksprache erhöht werden.,noun,Treatment,b2;treatment,B2_lesson_17
B2_vocab_127,B2,Klinik,die,Kliniken,"clinic, hospital",Die Klinik ist auf Herzkrankheiten spezialisiert.,noun,Treatment,b2;treatment,B2_lesson_19
B2_vocab_128,B2,Praxis,die,Praxen,"practice, doctors office",Die Praxis hat mittwochs nachmittags geschlossen.,noun,Treatment,b2;treatment,B2_lesson_21
B2_vocab_129,B2,Notfall,der,Notfälle,emergency,Bei einem Notfall rufen Sie bitte den Rettungsdienst.,noun,Treatment,b2;treatment,B2_lesson_23
B2_vocab_130,B2,einnehmen,,,to take (medication),Sie müssen die Tabletten zweimal täglich einnehmen.,verb,Treatment,b2;treatment,B2_lesson_25
B2_vocab_131,B2,vermeiden,,,to avoid,Vermeiden Sie schwere körperliche Anstrengung nach der Operation.,verb,Treatment,b2;treatment,B2_lesson_2
B2_vocab_132,B2,empfehlen,,,to recommend,Der Arzt empfiehlt eine Physiotherapie.,verb,Treatment,b2;treatment,B2_lesson_4
B2_vocab_133,B2,Umweltschutz,der,,environmental protection,Umweltschutz ist eine wichtige gesellschaftliche Aufgabe.,noun,Environment and climate,b2;environment,B2_lesson_8
B2_vocab_134,B2,Klimawandel,der,Klimawandel,climate change,Der Klimawandel hat Auswirkungen auf die ganze Welt.,noun,Environment and climate,b2;environment,B2_lesson_10
B2_vocab_135,B2,Ressource,die,Ressourcen,resource,Wir müssen natürliche Ressourcen besser schützen.,noun,Environment and climate,b2;environment,B2_lesson_12
B2_vocab_136,B2,Emission,die,Emissionen,emission,Die Emission von Treibhausgasen muss reduziert werden.,noun,Environment and climate,b2;environment,B2_lesson_14
B2_vocab_137,B2,erneuerbar,,,"renewable, sustainable",Erneuerbare Energien werden immer wichtiger.,adjective,Environment and climate,b2;environment,B2_lesson_16
B2_vocab_138,B2,reduzieren,,,"to reduce, to cut down",Die Firma möchte den Energieverbrauch reduzieren.,verb,Environment and climate,b2;environment,B2_lesson_18
B2_vocab_139,B2,Umweltverschmutzung,die,,environmental pollution,Die Umweltverschmutzung in den Städten ist ein großes Problem.,noun,Environment and climate,b2;environment,B2_lesson_20
B2_vocab_140,B2,Mülltrennung,die,,"waste separation, recycling sorting",In Deutschland ist Mülltrennung selbstverständlich.,noun,Environment and climate,b2;environment,B2_lesson_22
B2_vocab_141,B2,Digitalisierung,die,,digitalization,Die Digitalisierung verändert viele Arbeitsbereiche.,noun,Technology and digital life,b2;technology,B2_lesson_24
B2_vocab_142,B2,Datenschutz,der,,"data protection, privacy",Datenschutz wird im Internet immer wichtiger.,noun,Technology and digital life,b2;technology,B2_lesson_1
B2_vocab_143,B2,Recherche,die,Recherchen,"research, search (for information)",Für die Hausarbeit müssen wir eine gründliche Recherche durchführen.,noun,Technology and digital life,b2;technology,B2_lesson_3
B2_vocab_144,B2,installieren,,,to install,Ich muss die neue Software auf meinem Computer installieren.,verb,Technology and digital life,b2;technology,B2_lesson_5
B2_vocab_145,B2,speichern,,,"to save, to store","Vergiss nicht, deine Arbeit regelmäßig zu speichern.",verb,Technology and digital life,b2;technology,B2_lesson_7
B2_vocab_146,B2,verfügbar,,,available,Der Dienst ist rund um die Uhr verfügbar.,adjective,Technology and digital life,b2;technology,B2_lesson_9
B2_vocab_147,B2,Automatisierung,die,,automation,Durch Automatisierung können viele Prozesse vereinfacht werden.,noun,Technology and digital life,b2;technology,B2_lesson_11
B2_vocab_148,B2,Netzwerk,das,Netzwerke,network,Das Unternehmen hat ein internationales Netzwerk aufgebaut.,noun,Technology and digital life,b2;technology,B2_lesson_13
B2_vocab_149,B2,Integration,die,Integrationen,integration,Die Integration von Migranten ist eine gesellschaftliche Herausforderung.,noun,Society and integration,b2;society,B2_lesson_15
B2_vocab_150,B2,Diskriminierung,die,Diskriminierungen,discrimination,Diskriminierung am Arbeitsplatz ist gesetzlich verboten.,noun,Society and integration,b2;society,B2_lesson_17
B2_vocab_151,B2,Gleichberechtigung,die,,"equal rights, equality",Die Gleichberechtigung von Mann und Frau ist im Grundgesetz verankert.,noun,Society and integration,b2;society,B2_lesson_19
B2_vocab_152,B2,Migration,die,Migrationen,migration,Migration gibt es aus vielen verschiedenen Gründen.,noun,Society and integration,b2;society,B2_lesson_21
B2_vocab_153,B2,Verein,der,Vereine,"club, association",Sie ist Mitglied in einem Sportverein.,noun,Society and integration,b2;society,B2_lesson_23
B2_vocab_154,B2,ehrenamtlich,,,"voluntary, on a voluntary basis",Viele Menschen arbeiten ehrenamtlich in sozialen Einrichtungen.,adjective,Society and integration,b2;society,B2_lesson_25
B2_vocab_155,B2,Ungleichheit,die,Ungleichheiten,inequality,Die soziale Ungleichheit nimmt in vielen Ländern zu.,noun,Society and integration,b2;society,B2_lesson_2
B2_vocab_156,B2,Lebensstandard,der,Lebensstandards,standard of living,Der Lebensstandard ist in den letzten Jahren gestiegen.,noun,Society and integration,b2;society,B2_lesson_4
B2_vocab_157,B2,Vertrauen,das,,"trust, confidence",Das Vertrauen zwischen Arzt und Patient ist sehr wichtig.,noun,Emotions and relationships,b2;emotions,B2_lesson_6
B2_vocab_158,B2,Einstellung,die,Einstellungen,"attitude, opinion",Seine Einstellung zur Arbeit hat sich verändert.,noun,Emotions and relationships,b2;emotions,B2_lesson_8
B2_vocab_159,B2,Begeisterung,die,,"enthusiasm, excitement",Die Begeisterung für das Projekt war von Anfang an groß.,noun,Emotions and relationships,b2;emotions,B2_lesson_10
B2_vocab_160,B2,Enttäuschung,die,Enttäuschungen,disappointment,Die Enttäuschung über das Ergebnis war deutlich spürbar.,noun,Emotions and relationships,b2;emotions,B2_lesson_12
B2_vocab_161,B2,Zufriedenheit,die,,"satisfaction, contentment",Die Zufriedenheit der Mitarbeiter ist dem Unternehmen wichtig.,noun,Emotions and relationships,b2;emotions,B2_lesson_14
B2_vocab_162,B2,Verantwortung,die,Verantwortungen,responsibility,Eltern tragen eine große Verantwortung für ihre Kinder.,noun,Emotions and relationships,b2;emotions,B2_lesson_16
B2_vocab_163,B2,Respekt,der,,respect,Respekt gegenüber anderen Kulturen ist wichtig.,noun,Emotions and relationships,b2;emotions,B2_lesson_18
B2_vocab_164,B2,beeinflussen,,,"to influence, to affect",Die Medien beeinflussen die öffentliche Meinung.,verb,Actions and communication,b2;communication,B2_lesson_20
B2_vocab_165,B2,vermitteln,,,"to convey, to mediate",Der Kurs vermittelt grundlegende Kenntnisse der Medizin.,verb,Actions and communication,b2;communication,B2_lesson_22
B2_vocab_166,B2,unterstützen,,,to support,Die Regierung unterstützt das Projekt mit finanziellen Mitteln.,verb,Actions and communication,b2;communication,B2_lesson_24
B2_vocab_167,B2,ablehnen,,,"to reject, to decline",Der Patient lehnt die Behandlung vorerst ab.,verb,Actions and communication,b2;communication,B2_lesson_1
B2_vocab_168,B2,zustimmen,,,"to agree, to consent",Ich stimme dem Vorschlag meines Kollegen zu.,verb,Actions and communication,b2;communication,B2_lesson_3
B2_vocab_169,B2,betonen,,,"to emphasize, to stress",Der Arzt betont die Wichtigkeit der Vorsorge.,verb,Actions and communication,b2;communication,B2_lesson_5
B2_vocab_170,B2,beantragen,,,"to apply for, to request",Sie müssen die Genehmigung rechtzeitig beantragen.,verb,Actions and communication,b2;communication,B2_lesson_7
B2_vocab_171,B2,erforderlich,,,"required, necessary",Eine schriftliche Bestätigung ist erforderlich.,adjective,Actions and communication,b2;communication,B2_lesson_9
B2_vocab_172,B2,Vertrag,der,Verträge,"contract, agreement",Vor der Unterschrift sollte man den Vertrag genau lesen.,noun,Law and administration,b2;law,B2_lesson_11
B2_vocab_173,B2,Genehmigung,die,Genehmigungen,"approval, permit",Für den Bau benötigt man eine behördliche Genehmigung.,noun,Law and administration,b2;law,B2_lesson_13
B2_vocab_174,B2,Nachweis,der,Nachweise,"proof, evidence, certificate",Als Nachweis dient das ärztliche Attest.,noun,Law and administration,b2;law,B2_lesson_15
B2_vocab_175,B2,Regelung,die,Regelungen,"regulation, arrangement",Die neue Regelung tritt ab nächstem Monat in Kraft.,noun,Law and administration,b2;law,B2_lesson_17
B2_vocab_176,B2,Richtlinie,die,Richtlinien,"guideline, directive",Die Richtlinien der EU müssen von allen Mitgliedsstaaten umgesetzt werden.,noun,Law and administration,b2;law,B2_lesson_19
B2_vocab_177,B2,Pflicht,die,Pflichten,"duty, obligation","Jeder Bürger hat die Pflicht, die Gesetze einzuhalten.",noun,Law and administration,b2;law,B2_lesson_21
B2_vocab_178,B2,Recht,das,Rechte,"right, law",Jeder Mensch hat das Recht auf eine faire Behandlung.,noun,Law and administration,b2;law,B2_lesson_23
B2_vocab_179,B2,Auflage,die,Auflagen,"condition, requirement",Die Genehmigung wurde mit strengen Auflagen erteilt.,noun,Law and administration,b2;law,B2_lesson_25
B2_vocab_180,B2,einhalten,,,"to comply with, to keep (rules)",Alle Mitarbeiter müssen die Sicherheitsvorschriften einhalten.,verb,Law and administration,b2;law,B2_lesson_2
B2_vocab_181,B2,angemessen,,,"appropriate, suitable, reasonable",Der Preis für die Behandlung ist angemessen.,adjective,Law and administration,b2;law,B2_lesson_4
B2_vocab_182,B2,ebenfalls,,,"likewise, also, as well",Ich bedanke mich für Ihre Hilfe und wünsche Ihnen ebenfalls einen schönen Tag.,adverb,Law and administration,b2;communication,B2_lesson_6
B2_vocab_183,B2,Anspruch,der,Ansprüche,"claim, entitlement, right to",Jeder Patient hat Anspruch auf eine zweite ärztliche Meinung.,noun,Law and consumer rights,b2;law,B2_lesson_8
B2_vocab_184,B2,Kündigung,die,Kündigungen,"cancellation, termination, notice",Die Kündigung des Vertrags muss schriftlich erfolgen.,noun,Law and consumer rights,b2;law,B2_lesson_9
B2_vocab_185,B2,Frist,die,Fristen,"deadline, period, time limit",Die Frist für den Widerspruch beträgt vier Wochen.,noun,Law and consumer rights,b2;law,B2_lesson_10
B2_vocab_186,B2,Erstattung,die,Erstattungen,"reimbursement, refund",Die Erstattung der Behandlungskosten muss beantragt werden.,noun,Law and consumer rights,b2;law,B2_lesson_11
B2_vocab_187,B2,Gewährleistung,die,Gewährleistungen,"warranty, guarantee",Auf das Produkt gibt es zwei Jahre Gewährleistung.,noun,Law and consumer rights,b2;law,B2_lesson_12
B2_vocab_188,B2,Verbraucher,der,Verbraucher,consumer,Verbraucher haben besondere Rechte beim Online-Einkauf.,noun,Law and consumer rights,b2;law,B2_lesson_13
B2_vocab_189,B2,Vorschrift,die,Vorschriften,"regulation, rule, requirement",Die Vorschriften zur Arbeitssicherheit müssen eingehalten werden.,noun,Law and consumer rights,b2;law,B2_lesson_14
B2_vocab_190,B2,berechtigt,,,"entitled, authorized, justified","Sie sind berechtigt, eine Rückerstattung zu verlangen.",adjective,Law and consumer rights,b2;law,B2_lesson_15
B2_vocab_191,B2,verbindlich,,,"binding, mandatory, committed",Das Angebot ist für zwei Wochen verbindlich.,adjective,Law and consumer rights,b2;law,B2_lesson_16
B2_vocab_192,B2,widerrufen,,,"to revoke, to cancel, to withdraw",Sie können den Vertrag innerhalb von 14 Tagen widerrufen.,verb,Law and consumer rights,b2;law,B2_lesson_17
B2_vocab_193,B2,Rechnung,die,Rechnungen,"bill, invoice",Bitte bezahlen Sie die Rechnung innerhalb von 30 Tagen.,noun,Finance and contracts,b2;finance,B2_lesson_18
B2_vocab_194,B2,Mahnung,die,Mahnungen,"reminder, dunning letter",Nach der zweiten Mahnung werden Mahngebühren fällig.,noun,Finance and contracts,b2;finance,B2_lesson_19
B2_vocab_195,B2,Verpflichtung,die,Verpflichtungen,"obligation, commitment",Mit der Unterschrift gehen Sie eine rechtliche Verpflichtung ein.,noun,Finance and contracts,b2;finance,B2_lesson_20
B2_vocab_196,B2,Vereinbarung,die,Vereinbarungen,"agreement, arrangement",Die Vereinbarung wurde von beiden Seiten unterschrieben.,noun,Finance and contracts,b2;finance,B2_lesson_21
B2_vocab_197,B2,erstatten,,,"to reimburse, to refund",Die Krankenkasse erstattet die Kosten für die Physiotherapie.,verb,Finance and contracts,b2;finance,B2_lesson_22
B2_vocab_198,B2,vereinbaren,,,"to agree on, to arrange",Wir haben einen Termin für die Besprechung vereinbart.,verb,Finance and contracts,b2;finance,B2_lesson_23
B2_vocab_199,B2,verpflichten,,,"to obligate, to commit oneself","Der Mieter verpflichtet sich, die Miete pünktlich zu zahlen.",verb,Finance and contracts,b2;finance,B2_lesson_24
B2_vocab_200,B2,Zahlung,die,Zahlungen,payment,Die Zahlung kann per Überweisung oder Kreditkarte erfolgen.,noun,Finance and contracts,b2;finance,B2_lesson_25
B2_vocab_201,B2,Betrag,der,Beträge,"amount, sum",Der fällige Betrag ist innerhalb einer Woche zu überweisen.,noun,Finance and contracts,b2;finance,B2_lesson_1
B2_vocab_202,B2,Mietminderung,die,Mietminderungen,rent reduction,Wegen der Lärmbelästigung kann der Mieter eine Mietminderung verlangen.,noun,Housing and urban life,b2;housing,B2_lesson_2
B2_vocab_203,B2,Wohnungsmarkt,der,Wohnungsmärkte,housing market,Der Wohnungsmarkt in der Stadt ist sehr angespannt.,noun,Housing and urban life,b2;housing,B2_lesson_3
B2_vocab_204,B2,Infrastruktur,die,Infrastrukturen,infrastructure,Die Infrastruktur in ländlichen Gebieten muss verbessert werden.,noun,Housing and urban life,b2;housing,B2_lesson_4
B2_vocab_205,B2,Vermieter,der,Vermieter,landlord,Der Vermieter ist für die Reparatur der Heizung verantwortlich.,noun,Housing and urban life,b2;housing,B2_lesson_5
B2_vocab_206,B2,Mieter,der,Mieter,tenant,Der Mieter muss die Miete bis zum dritten Werktag des Monats zahlen.,noun,Housing and urban life,b2;housing,B2_lesson_6
B2_vocab_207,B2,Nebenkosten,die,,"additional costs, utilities",In den Nebenkosten sind Heizung und Wasser enthalten.,noun,Housing and urban life,b2;housing,B2_lesson_7
B2_vocab_208,B2,Kaution,die,Kautionen,security deposit,Die Kaution beträgt drei Kaltmieten.,noun,Housing and urban life,b2;housing,B2_lesson_8
B2_vocab_209,B2,Stockwerk,das,Stockwerke,"floor, story",Die Wohnung liegt im dritten Stockwerk und hat keinen Aufzug.,noun,Housing and urban life,b2;housing,B2_lesson_9
B2_vocab_210,B2,Wohnungssuche,die,,"apartment hunting, house search",Die Wohnungssuche in der Großstadt kann mehrere Monate dauern.,noun,Housing and urban life,b2;housing,B2_lesson_10
B2_vocab_211,B2,Behörde,die,Behörden,"authority, public agency",Die Behörde bearbeitet den Antrag innerhalb von vier Wochen.,noun,Public services and administration,b2;administration,B2_lesson_11
B2_vocab_212,B2,Verfahren,das,Verfahren,"procedure, process, proceedings",Das Verwaltungsverfahren dauert in der Regel drei Monate.,noun,Public services and administration,b2;administration,B2_lesson_12
B2_vocab_213,B2,Anmeldung,die,Anmeldungen,"registration, notification",Die Anmeldung des Wohnsitzes muss innerhalb von zwei Wochen erfolgen.,noun,Public services and administration,b2;administration,B2_lesson_13
B2_vocab_214,B2,Auskunft,die,Auskünfte,"information, inquiry",Die Auskunft über die Öffnungszeiten erhalten Sie am Telefon.,noun,Public services and administration,b2;administration,B2_lesson_14
B2_vocab_215,B2,Gebühr,die,Gebühren,"fee, charge",Für die Ausstellung des Passes wird eine Gebühr erhoben.,noun,Public services and administration,b2;administration,B2_lesson_15
B2_vocab_216,B2,Bescheid,der,Bescheide,"notification, decision, notice",Der Bescheid wurde per Post zugestellt.,noun,Public services and administration,b2;administration,B2_lesson_16
B2_vocab_217,B2,Zuständigkeit,die,Zuständigkeiten,"responsibility, jurisdiction, authority","Bitte klären Sie vorher, welche Behörde zuständig ist.",noun,Public services and administration,b2;administration,B2_lesson_17
B2_vocab_218,B2,Bearbeitung,die,Bearbeitungen,"processing, handling",Die Bearbeitung Ihres Antrags dauert etwa zwei Wochen.,noun,Public services and administration,b2;administration,B2_lesson_18
B2_vocab_219,B2,Rückmeldung,die,Rückmeldungen,"feedback, response, reply",Wir warten noch auf eine Rückmeldung von der Versicherung.,noun,Formal complaints and solutions,b2;complaints,B2_lesson_19
B2_vocab_220,B2,Klärung,die,Klärungen,"clarification, resolution",Zur Klärung des Problems ist ein persönliches Gespräch notwendig.,noun,Formal complaints and solutions,b2;complaints,B2_lesson_20
B2_vocab_221,B2,einreichen,,,"to submit, to file",Sie müssen die Unterlagen bis Ende der Woche einreichen.,verb,Formal complaints and solutions,b2;complaints,B2_lesson_21
B2_vocab_222,B2,nachweisen,,,"to prove, to provide evidence of",Der Patient muss seine Identität mit dem Ausweis nachweisen.,verb,Formal complaints and solutions,b2;complaints,B2_lesson_22
B2_vocab_223,B2,genehmigen,,,"to approve, to permit",Die Krankenkasse hat die Kostenübernahme genehmigt.,verb,Formal complaints and solutions,b2;complaints,B2_lesson_23
B2_vocab_224,B2,klären,,,"to clarify, to clear up",Wir müssen die offenen Fragen mit dem Arzt klären.,verb,Formal complaints and solutions,b2;complaints,B2_lesson_24
B2_vocab_225,B2,sich beschweren,,,to complain,Der Kunde beschwert sich über die lange Wartezeit.,verb,Formal complaints and solutions,b2;complaints,B2_lesson_25
B2_vocab_226,B2,schriftlich,,,"in writing, written",Bitte reichen Sie Ihre Bewerbung schriftlich ein.,adjective,Formal complaints and solutions,b2;complaints,B2_lesson_1
B2_vocab_227,B2,grundsätzlich,,,"in principle, fundamentally, basically",Grundsätzlich haben Sie Anspruch auf eine Rückerstattung.,adverb,Advanced daily-life problem solving,b2;problemsolving,B2_lesson_2
B2_vocab_228,B2,rechtzeitig,,,"in time, punctual, timely",Bitte bezahlen Sie die Rechnung rechtzeitig.,adverb,Advanced daily-life problem solving,b2;problemsolving,B2_lesson_3
B2_vocab_229,B2,Störung,die,Störungen,"disruption, fault, disturbance",Bei technischen Störungen wenden Sie sich bitte an den Kundendienst.,noun,Advanced daily-life problem solving,b2;problemsolving,B2_lesson_4
B2_vocab_230,B2,Schaden,der,Schäden,"damage, harm",Der Schaden am Auto wurde von der Versicherung übernommen.,noun,Advanced daily-life problem solving,b2;problemsolving,B2_lesson_5
B2_vocab_231,B2,Reparatur,die,Reparaturen,repair,Die Reparatur der Waschmaschine dauert etwa drei Tage.,noun,Advanced daily-life problem solving,b2;problemsolving,B2_lesson_6
B2_vocab_232,B2,verschieben,,,"to postpone, to reschedule, to shift",Der Termin musste wegen Krankheit verschoben werden.,verb,Advanced daily-life problem solving,b2;problemsolving,B2_lesson_7
B2_vocab_233,B2,Veranstaltung,die,Veranstaltungen,"event, function",Die Veranstaltung findet im Kulturzentrum statt.,noun,Culture and entertainment,b2;culture,B2_lesson_8
B2_vocab_234,B2,Ausstellung,die,Ausstellungen,"exhibition, display",Die Ausstellung moderner Kunst war sehr beeindruckend.,noun,Culture and entertainment,b2;culture,B2_lesson_9
B2_vocab_235,B2,Aufführung,die,Aufführungen,"performance, show",Die Aufführung des Theaterstücks beginnt um 20 Uhr.,noun,Culture and entertainment,b2;culture,B2_lesson_10
B2_vocab_236,B2,Eintritt,der,Eintritte,"admission, entry, entrance",Der Eintritt für das Konzert kostet 25 Euro.,noun,Culture and entertainment,b2;culture,B2_lesson_11
B2_vocab_237,B2,Zuschauer,der,Zuschauer,"spectator, audience member",Die Zuschauer applaudierten nach der Aufführung.,noun,Culture and entertainment,b2;culture,B2_lesson_12
B2_vocab_238,B2,Museum,das,Museen,museum,Das Museum hat sonntags von 10 bis 18 Uhr geöffnet.,noun,Culture and entertainment,b2;culture,B2_lesson_13
B2_vocab_239,B2,Eintrittskarte,die,Eintrittskarten,admission ticket,Eintrittskarten können online im Voraus bestellt werden.,noun,Culture and entertainment,b2;culture,B2_lesson_14
B2_vocab_240,B2,beeindrucken,,,to impress,Die Architektur des Gebäudes hat mich sehr beeindruckt.,verb,Culture and entertainment,b2;culture,B2_lesson_15
B2_vocab_241,B2,genießen,,,to enjoy,Genießen Sie den Abend im Theater.,verb,Culture and entertainment,b2;culture,B2_lesson_16
B2_vocab_242,B2,kulturell,,,cultural,Die Stadt bietet ein vielfältiges kulturelles Programm.,adjective,Culture and entertainment,b2;culture,B2_lesson_17
B2_vocab_243,B2,Seminar,das,Seminare,"seminar, workshop",Das Seminar zur Prüfungsvorbereitung findet nächste Woche statt.,noun,Education and learning,b2;education,B2_lesson_18
B2_vocab_244,B2,Vorlesung,die,Vorlesungen,lecture,Die Vorlesung über Medizinethik war sehr interessant.,noun,Education and learning,b2;education,B2_lesson_19
B2_vocab_245,B2,Studiengang,der,Studiengänge,"degree program, course of study",Der Studiengang umfasst sechs Semester.,noun,Education and learning,b2;education,B2_lesson_20
B2_vocab_246,B2,Zulassung,die,Zulassungen,"admission, acceptance",Die Zulassung zum Studium ist mit einem Numerus Clausus verbunden.,noun,Education and learning,b2;education,B2_lesson_21
B2_vocab_247,B2,Austausch,der,Austausche,exchange,Ein Semester im Ausland ist ein bereichernder Austausch.,noun,Education and learning,b2;education,B2_lesson_22
B2_vocab_248,B2,Abschlussarbeit,die,Abschlussarbeiten,"thesis, final paper",Für die Abschlussarbeit habe ich ein halbes Jahr recherchiert.,noun,Education and learning,b2;education,B2_lesson_23
B2_vocab_249,B2,benoten,,,"to grade, to mark",Die Klausur wird von zwei Dozenten benotet.,verb,Education and learning,b2;education,B2_lesson_24
B2_vocab_250,B2,bestehen,,,"to pass (an exam), to exist",Sie hat die Prüfung mit einer guten Note bestanden.,verb,Education and learning,b2;education,B2_lesson_25
B2_vocab_251,B2,zuverlässig,,,"reliable, dependable",Ein zuverlässiger Mitarbeiter ist für jedes Team wertvoll.,adjective,Personality and character,b2;personality,B2_lesson_1
B2_vocab_252,B2,ehrlich,,,"honest, truthful",Seien Sie ehrlich zu Ihrem Arzt über Ihre Beschwerden.,adjective,Personality and character,b2;personality,B2_lesson_2
B2_vocab_253,B2,geduldig,,,patient,Geduldige Menschen reagieren in Stresssituationen ruhiger.,adjective,Personality and character,b2;personality,B2_lesson_3
B2_vocab_254,B2,selbstbewusst,,,"self-confident, assertive",Ein selbstbewusster Auftritt ist im Vorstellungsgespräch wichtig.,adjective,Personality and character,b2;personality,B2_lesson_4
B2_vocab_255,B2,flexibel,,,flexible,In der heutigen Arbeitswelt muss man flexibel sein.,adjective,Personality and character,b2;personality,B2_lesson_5
B2_vocab_256,B2,gründlich,,,"thorough, meticulous",Eine gründliche Vorbereitung ist der Schlüssel zum Erfolg.,adjective,Personality and character,b2;personality,B2_lesson_6
B2_vocab_257,B2,neugierig,,,"curious, inquisitive",Neugierige Menschen lernen ihr Leben lang dazu.,adjective,Personality and character,b2;personality,B2_lesson_7
B2_vocab_258,B2,aufmerksam,,,"attentive, considerate","Bitte hören Sie aufmerksam zu, bevor Sie Fragen stellen.",adjective,Personality and character,b2;personality,B2_lesson_8
B2_vocab_259,B2,bescheiden,,,"modest, humble",Trotz seines Erfolgs ist er bescheiden geblieben.,adjective,Personality and character,b2;personality,B2_lesson_9
B2_vocab_260,B2,verantwortungsvoll,,,"responsible, conscientious",Sie geht mit ihrer Aufgabe sehr verantwortungsvoll um.,adjective,Personality and character,b2;personality,B2_lesson_10
B2_vocab_261,B2,Fahrgemeinschaft,die,Fahrgemeinschaften,carpool,Wir haben eine Fahrgemeinschaft zur Arbeit gegründet.,noun,Transport and mobility,b2;transport,B2_lesson_11
B2_vocab_262,B2,Nahverkehr,der,,local public transport,Der öffentliche Nahverkehr in der Stadt ist gut ausgebaut.,noun,Transport and mobility,b2;transport,B2_lesson_12
B2_vocab_263,B2,Verspätung,die,Verspätungen,"delay, lateness",Der Zug hat eine Verspätung von 20 Minuten.,noun,Transport and mobility,b2;transport,B2_lesson_13
B2_vocab_264,B2,Strecke,die,Strecken,"route, distance, stretch",Die Strecke von München nach Berlin legt der ICE in vier Stunden zuruck.,noun,Transport and mobility,b2;transport,B2_lesson_14
B2_vocab_265,B2,Verbindung,die,Verbindungen,"connection, transport link",Die Verbindung mit dem Bus ist leider nicht gut.,noun,Transport and mobility,b2;transport,B2_lesson_15
B2_vocab_266,B2,umsteigen,,,"to change, to transfer (trains/buses)","Sie müssen in Frankfurt umsteigen, um nach Berlin zu kommen.",verb,Transport and mobility,b2;transport,B2_lesson_16
B2_vocab_267,B2,ausfallen,,,"to be cancelled, to fail",Wegen des Streiks fallen viele Züge aus.,verb,Transport and mobility,b2;transport,B2_lesson_17
B2_vocab_268,B2,Berufsverkehr,der,,"commuter traffic, rush hour",Im Berufsverkehr sollte man Staus einplanen.,noun,Transport and mobility,b2;transport,B2_lesson_18
B2_vocab_269,B2,Ernährung,die,,"nutrition, diet",Eine ausgewogene Ernährung ist wichtig für die Gesundheit.,noun,Food and nutrition,b2;nutrition,B2_lesson_19
B2_vocab_270,B2,Nahrungsmittel,das,Nahrungsmittel,"food item, foodstuff",Viele Nahrungsmittel enthalten versteckten Zucker.,noun,Food and nutrition,b2;nutrition,B2_lesson_20
B2_vocab_271,B2,Allergie,die,Allergien,allergy,Ich habe eine Allergie gegen Nüsse und Milchprodukte.,noun,Food and nutrition,b2;nutrition,B2_lesson_21
B2_vocab_272,B2,Zutat,die,Zutaten,ingredient,Alle Zutaten fur das Rezept sind im Bioladen erhaltlich.,noun,Food and nutrition,b2;nutrition,B2_lesson_22
B2_vocab_273,B2,vegetarisch,,,vegetarian,Das Restaurant bietet sowohl vegetarische als auch vegane Gerichte an.,adjective,Food and nutrition,b2;nutrition,B2_lesson_23
B2_vocab_274,B2,Nährwert,der,Nährwerte,nutritional value,Der Nährwert steht auf der Verpackung des Lebensmittels.,noun,Food and nutrition,b2;nutrition,B2_lesson_24
B2_vocab_275,B2,fettarm,,,low-fat,Fettarme Produkte sind nicht immer gesunder.,adjective,Food and nutrition,b2;nutrition,B2_lesson_25
B2_vocab_276,B2,vitaminreich,,,vitamin-rich,Obst und Gemüse sind besonders vitaminreich.,adjective,Food and nutrition,b2;nutrition,B2_lesson_1
B2_vocab_277,B2,sich entscheiden,,,"to decide, to make a decision",Ich kann mich nicht zwischen den beiden Angeboten entscheiden.,verb,Verbs and connectors,b2;communication,B2_lesson_2
B2_vocab_278,B2,sich konzentrieren,,,"to concentrate, to focus",Bei der Arbeit sollte man sich auf eine Aufgabe konzentrieren.,verb,Verbs and connectors,b2;communication,B2_lesson_3
B2_vocab_279,B2,entsprechen,,,"to correspond to, to meet (requirements)",Die Qualität der Arbeit entspricht nicht den Erwartungen.,verb,Verbs and connectors,b2;communication,B2_lesson_4
B2_vocab_280,B2,betragen,,,"to amount to, to be",Die Gesamtkosten betragen 450 Euro.,verb,Verbs and connectors,b2;communication,B2_lesson_5
B2_vocab_281,B2,abhängig,,,"dependent, depending on",Die Behandlungsdauer ist abhängig vom Gesundheitszustand.,adjective,Verbs and connectors,b2;communication,B2_lesson_6
B2_vocab_282,B2,daher,,,"therefore, hence","Die Ergebnisse sind eindeutig, daher müssen wir handeln.",adverb,Verbs and connectors,b2;communication,B2_lesson_7
B2_vocab_283,B2,Bewegung,die,Bewegungen,"exercise, physical activity, movement",Regelmäßige Bewegung ist wichtig für die Gesundheit.,noun,Sports and fitness,b2;sports,B2_lesson_8
B2_vocab_284,B2,Fitness,die,,fitness,"Zur Fitness gehören Ausdauer, Kraft und Beweglichkeit.",noun,Sports and fitness,b2;sports,B2_lesson_9
B2_vocab_285,B2,Wettkampf,der,Wettkämpfe,"competition, contest",Der Wettkampf findet bei jedem Wetter statt.,noun,Sports and fitness,b2;sports,B2_lesson_10
B2_vocab_286,B2,Verletzung,die,Verletzungen,"injury, wound",Bei einer Sportverletzung sollte man sofort zum Arzt gehen.,noun,Sports and fitness,b2;sports,B2_lesson_11
B2_vocab_287,B2,trainieren,,,"to train, to practice",Die Mannschaft trainiert dreimal pro Woche.,verb,Sports and fitness,b2;sports,B2_lesson_12
B2_vocab_288,B2,Erholung,die,,"relaxation, recreation, recovery",Nach der Arbeit brauche ich etwas Erholung.,noun,Sports and fitness,b2;sports,B2_lesson_13
B2_vocab_289,B2,fit,,,"fit, in good shape","Um fit zu bleiben, gehe ich joggen.",adjective,Sports and fitness,b2;sports,B2_lesson_14
B2_vocab_290,B2,Wettbewerb,der,Wettbewerbe,"competition, contest (non-sport)",Der Wettbewerb um die beste Idee war sehr spannend.,noun,Sports and fitness,b2;sports,B2_lesson_15
B2_vocab_291,B2,Mode,die,Moden,"fashion, style",In der Mode wechseln die Trends sehr schnell.,noun,Fashion and appearance,b2;fashion,B2_lesson_16
B2_vocab_292,B2,Stil,der,Stile,"style, manner",Ihr persönlicher Stil ist elegant und zeitlos.,noun,Fashion and appearance,b2;fashion,B2_lesson_17
B2_vocab_293,B2,Aussehen,das,,"appearance, looks","Das Aussehen ist nicht alles, aber es spielt eine Rolle.",noun,Fashion and appearance,b2;fashion,B2_lesson_18
B2_vocab_294,B2,Design,das,Designs,design,Das Design des neuen Produkts ist sehr benutzerfreundlich.,noun,Fashion and appearance,b2;fashion,B2_lesson_19
B2_vocab_295,B2,Material,das,Materialien,"material, fabric",Das Material der Jacke ist wasserabweisend.,noun,Fashion and appearance,b2;fashion,B2_lesson_20
B2_vocab_296,B2,modisch,,,"fashionable, trendy",Modische Kleidung muss nicht teuer sein.,adjective,Fashion and appearance,b2;fashion,B2_lesson_21
B2_vocab_297,B2,Geschmack,der,Geschmäcker,"taste, preference",Über Geschmack lasst sich bekanntlich streiten.,noun,Fashion and appearance,b2;fashion,B2_lesson_22
B2_vocab_298,B2,Erziehung,die,,"upbringing, parenting, education",Eine gute Erziehung legt den Grundstein für die Zukunft.,noun,Life stages and family,b2;family,B2_lesson_23
B2_vocab_299,B2,Kindheit,die,,childhood,In der Kindheit werden wichtige soziale Fähigkeiten entwickelt.,noun,Life stages and family,b2;family,B2_lesson_24
B2_vocab_300,B2,Generation,die,Generationen,generation,Die junge Generation hat andere Werte als die ältere.,noun,Life stages and family,b2;family,B2_lesson_25
B2_vocab_301,B2,Alltag,der,,"everyday life, daily routine",Im stressigen Alltag bleibt wenig Zeit für Hobbys.,noun,Life stages and family,b2;family,B2_lesson_1
B2_vocab_302,B2,erziehen,,,"to raise, to bring up, to educate",Eltern erziehen ihre Kinder zu verantwortungsvollen Menschen.,verb,Life stages and family,b2;family,B2_lesson_2
B2_vocab_303,B2,vertragen,,,"to get along with, to tolerate",Die Geschwister vertragen sich gut miteinander.,verb,Life stages and family,b2;family,B2_lesson_3
B2_vocab_304,B2,sich kümmern,,,"to take care of, to look after",Sie kümmert sich liebevoll um ihre kranken Eltern.,verb,Life stages and family,b2;family,B2_lesson_4
B2_vocab_305,B2,pflegen,,,"to care for, to maintain, to nurse",Angehörige pflegen oft ihre Familienmitglieder zu Hause.,verb,Life stages and family,b2;family,B2_lesson_5
B2_vocab_306,B2,Entwicklung,die,Entwicklungen,"development, evolution",Die wirtschaftliche Entwicklung des Landes ist positiv.,noun,History and progress,b2;history,B2_lesson_6
B2_vocab_307,B2,Fortschritt,der,Fortschritte,"progress, advancement",Die Medizin hat in den letzten Jahrzehnten große Fortschritte gemacht.,noun,History and progress,b2;history,B2_lesson_7
B2_vocab_308,B2,Konflikt,der,Konflikte,"conflict, dispute",Der Konflikt zwischen den Parteien konnte nicht gelöst werden.,noun,History and progress,b2;history,B2_lesson_8
B2_vocab_309,B2,Wandel,der,Wandel,"change, transformation",Der gesellschaftliche Wandel vollzieht sich langsam.,noun,History and progress,b2;history,B2_lesson_9
B2_vocab_310,B2,Krise,die,Krisen,crisis,In einer Krise zeigt sich der wahre Charakter eines Menschen.,noun,History and progress,b2;history,B2_lesson_10
B2_vocab_311,B2,prägen,,,"to shape, to characterize, to influence",Historische Ereignisse prägen die Identität eines Volkes.,verb,History and progress,b2;history,B2_lesson_11
B2_vocab_312,B2,entstehen,,,"to arise, to emerge, to develop",Durch die Globalisierung entstehen neue wirtschaftliche Verbindungen.,verb,History and progress,b2;history,B2_lesson_12
B2_vocab_313,B2,historisch,,,"historical, historic",Das historische Gebäude wurde restauriert.,adjective,History and progress,b2;history,B2_lesson_13
B2_vocab_314,B2,wirtschaftlich,,,"economic, economical",Die wirtschaftliche Lage hat sich verbessert.,adjective,History and progress,b2;history,B2_lesson_14
B2_vocab_315,B2,Sicherheit,die,,"safety, security, certainty",Die Sicherheit der Patienten steht an erster Stelle.,noun,Safety and emergency,b2;safety,B2_lesson_15
B2_vocab_316,B2,Gefahr,die,Gefahren,"danger, risk, hazard",Bei dieser Erkrankung besteht die Gefahr von Komplikationen.,noun,Safety and emergency,b2;safety,B2_lesson_16
B2_vocab_317,B2,Alarm,der,Alarme,"alarm, alert",Bei Feueralarm müssen alle das Gebäude verlassen.,noun,Safety and emergency,b2;safety,B2_lesson_17
B2_vocab_318,B2,Katastrophe,die,Katastrophen,"catastrophe, disaster",Nach der Naturkatastrophe wurde das Hilfsprogramm gestartet.,noun,Safety and emergency,b2;safety,B2_lesson_18
B2_vocab_319,B2,Rettung,die,Rettungen,"rescue, salvation",Die Rettung der Verletzten dauerte mehrere Stunden.,noun,Safety and emergency,b2;safety,B2_lesson_19
B2_vocab_320,B2,Rettungsdienst,der,Rettungsdienste,"emergency services, ambulance service",Bei einem Notfall rufen Sie den Rettungsdienst unter 112.,noun,Safety and emergency,b2;safety,B2_lesson_20
B2_vocab_321,B2,melden,,,"to report, to notify",Bitte melden Sie den Schaden Ihrer Versicherung.,verb,Safety and emergency,b2;safety,B2_lesson_21
B2_vocab_322,B2,warnen,,,to warn,Die Behörde warnt vor starkem Regen und Überschwemmungen.,verb,Safety and emergency,b2;safety,B2_lesson_22
B2_vocab_323,B2,gefährlich,,,"dangerous, hazardous","Es ist gefährlich, ohne Impfung in bestimmte Länder zu reisen.",adjective,Safety and emergency,b2;safety,B2_lesson_23
B2_vocab_324,B2,erheblich,,,"considerable, significant, substantial",Die Kosten sind erheblich gestiegen.,adjective,Quantity and degree,b2;quantity,B2_lesson_24
B2_vocab_325,B2,wesentlich,,,"essential, significant, substantially",Der neue Vertrag unterscheidet sich wesentlich vom alten.,adjective,Quantity and degree,b2;quantity,B2_lesson_25
B2_vocab_326,B2,zunehmend,,,"increasingly, growing",Immer mehr Menschen achten zunehmend auf ihre Gesundheit.,adverb,Quantity and degree,b2;quantity,B2_lesson_1
B2_vocab_327,B2,deutlich,,,"clear, clearly, distinct",Die Studie zeigt deutlich die Vorteile der Vorsorge.,adjective,Quantity and degree,b2;quantity,B2_lesson_2
B2_vocab_328,B2,durchschnittlich,,,"average, on average",Der durchschnittliche Patient wartet 20 Minuten auf den Termin.,adjective,Quantity and degree,b2;quantity,B2_lesson_3
B2_vocab_329,B2,mindestens,,,"at least, minimum",Sie sollten mindestens zwei Liter Wasser pro Tag trinken.,adverb,Quantity and degree,b2;quantity,B2_lesson_4
B2_vocab_330,B2,höchstens,,,"at most, no more than",Die Wartezeit beträgt höchstens 30 Minuten.,adverb,Quantity and degree,b2;quantity,B2_lesson_5
B2_vocab_331,B2,keinesfalls,,,"by no means, in no case",Sie sollten keinesfalls die Medikamente ohne Rücksprache absetzen.,adverb,Quantity and degree,b2;quantity,B2_lesson_6
B2_vocab_332,B2,gelegentlich,,,"occasionally, from time to time",Gelegentlich treten leichte Nebenwirkungen auf.,adverb,Quantity and degree,b2;quantity,B2_lesson_7
B2_vocab_333,B2,Präsentation,die,Präsentationen,presentation,Die Präsentation der neuen Strategie war sehr überzeugend.,noun,Professional communication,b2;professional,B2_lesson_8
B2_vocab_334,B2,Abstimmung,die,Abstimmungen,"coordination, vote, alignment",Die Abstimmung mit den Kollegen ist vor dem Projektstart notwendig.,noun,Professional communication,b2;professional,B2_lesson_9
B2_vocab_335,B2,darstellen,,,"to present, to describe, to illustrate",Der Redner stellte die Ergebnisse anschaulich dar.,verb,Professional communication,b2;professional,B2_lesson_10
B2_vocab_336,B2,ausführlich,,,"detailed, in detail, thorough",Der Arzt erklärte die Behandlungsmöglichkeiten ausführlich.,adjective,Professional communication,b2;professional,B2_lesson_11
B2_vocab_337,B2,gemeinsam,,,"joint, together, common",Das Team arbeitet gemeinsam an der Lösung des Problems.,adjective,Professional communication,b2;professional,B2_lesson_12
B2_vocab_338,B2,Kommunikation,die,,communication,Eine gute Kommunikation im Team vermeidet Missverständnisse.,noun,Professional communication,b2;professional,B2_lesson_13
B2_vocab_339,B2,Besprechung,die,Besprechungen,"meeting, discussion",In der wöchentlichen Besprechung werden die Aufgaben verteilt.,noun,Professional communication,b2;professional,B2_lesson_14
B2_vocab_340,B2,Rückfrage,die,Rückfragen,"follow-up question, inquiry",Bei Rückfragen wenden Sie sich bitte an die Personalabteilung.,noun,Professional communication,b2;professional,B2_lesson_15
B2_vocab_341,B2,Missverständnis,das,Missverständnisse,misunderstanding,Das Missverständnis konnte in einem Gespräch geklärt werden.,noun,Workplace conflict and negotiation,b2;conflict,B2_lesson_16
B2_vocab_342,B2,Kompromiss,der,Kompromisse,compromise,Beide Seiten mussten Kompromisse eingehen.,noun,Workplace conflict and negotiation,b2;conflict,B2_lesson_17
B2_vocab_343,B2,Einigung,die,Einigungen,"agreement, settlement",Nach langen Verhandlungen wurde eine Einigung erzielt.,noun,Workplace conflict and negotiation,b2;conflict,B2_lesson_18
B2_vocab_344,B2,verhandeln,,,to negotiate,Die Gewerkschaft verhandelt mit dem Arbeitgeber über höhere Löhne.,verb,Workplace conflict and negotiation,b2;conflict,B2_lesson_19
B2_vocab_345,B2,Arbeitsbelastung,die,Arbeitsbelastungen,workload,Die hohe Arbeitsbelastung führt bei vielen zu Stress.,noun,Workplace conflict and negotiation,b2;conflict,B2_lesson_20
B2_vocab_346,B2,Spannung,die,Spannungen,"tension, suspense",Im Team gab es Spannungen wegen unterschiedlicher Meinungen.,noun,Workplace conflict and negotiation,b2;conflict,B2_lesson_21
B2_vocab_347,B2,Streit,der,Streitigkeiten,"argument, dispute, quarrel",Der Streit um die Zuständigkeiten konnte beigelegt werden.,noun,Workplace conflict and negotiation,b2;conflict,B2_lesson_22
B2_vocab_348,B2,Kritik,die,Kritiken,"criticism, critique",Konstruktive Kritik hilft bei der beruflichen Weiterentwicklung.,noun,Workplace conflict and negotiation,b2;conflict,B2_lesson_23
B2_vocab_349,B2,Zielsetzung,die,Zielsetzungen,"goal setting, objective",Eine klare Zielsetzung ist für den Erfolg des Projekts entscheidend.,noun,Project management,b2;project,B2_lesson_24
B2_vocab_350,B2,Fristverlängerung,die,Fristverlängerungen,deadline extension,Der Kunde hat eine Fristverlängerung von zwei Wochen beantragt.,noun,Project management,b2;project,B2_lesson_25
B2_vocab_351,B2,Priorität,die,Prioritäten,priority,Die dringendsten Aufgaben haben höchste Priorität.,noun,Project management,b2;project,B2_lesson_1
B2_vocab_352,B2,Umsetzung,die,Umsetzungen,"implementation, realization",Die Umsetzung des neuen Systems dauert etwa sechs Monate.,noun,Project management,b2;project,B2_lesson_2
B2_vocab_353,B2,priorisieren,,,to prioritize,Wir müssen die Aufgaben nach ihrer Dringlichkeit priorisieren.,verb,Project management,b2;project,B2_lesson_3
B2_vocab_354,B2,umsetzen,,,"to implement, to realize",Der Vorschlag wurde in die Praxis umgesetzt.,verb,Project management,b2;project,B2_lesson_4
B2_vocab_355,B2,Meilenstein,der,Meilensteine,milestone,Der erste Meilenstein des Projekts wurde termingerecht erreicht.,noun,Project management,b2;project,B2_lesson_5
B2_vocab_356,B2,Aufgabenverteilung,die,Aufgabenverteilungen,"task distribution, allocation of tasks",Eine faire Aufgabenverteilung ist wichtig für die Teamzufriedenheit.,noun,Project management,b2;project,B2_lesson_6
B2_vocab_357,B2,Ablauf,der,Abläufe,"procedure, process, schedule",Der genaue Ablauf des Projekts wurde im Vertrag festgelegt.,noun,Project management,b2;project,B2_lesson_7
B2_vocab_358,B2,Tagesordnung,die,Tagesordnungen,agenda,Der erste Punkt auf der Tagesordnung ist die Projektübersicht.,noun,Meetings and presentations,b2;meetings,B2_lesson_8
B2_vocab_359,B2,Besprechungsprotokoll,das,Besprechungsprotokolle,meeting minutes,Das Besprechungsprotokoll wird an alle Teilnehmer verschickt.,noun,Meetings and presentations,b2;meetings,B2_lesson_9
B2_vocab_360,B2,Sitzung,die,Sitzungen,"session, meeting",Die Sitzung des Aufsichtsrats findet vierteljährlich statt.,noun,Meetings and presentations,b2;meetings,B2_lesson_10
B2_vocab_361,B2,Teilnehmer,der,Teilnehmer,participant,Alle Teilnehmer der Konferenz erhalten eine Teilnahmebescheinigung.,noun,Meetings and presentations,b2;meetings,B2_lesson_11
B2_vocab_362,B2,Teilnahme,die,,"participation, attendance",Die Teilnahme an der Fortbildung ist freiwillig.,noun,Meetings and presentations,b2;meetings,B2_lesson_12
B2_vocab_363,B2,Vorschlag,der,Vorschläge,"suggestion, proposal",Der Vorschlag zur Prozessoptimierung wurde angenommen.,noun,Meetings and presentations,b2;meetings,B2_lesson_13
B2_vocab_364,B2,Unterlage,die,Unterlagen,"document, handout, file",Bitte bringen Sie alle Unterlagen zur Besprechung mit.,noun,Meetings and presentations,b2;meetings,B2_lesson_14
B2_vocab_365,B2,zuständig,,,"responsible, in charge",Wer ist für die Bearbeitung dieses Antrags zuständig?,adjective,Meetings and presentations,b2;meetings,B2_lesson_15
B2_vocab_366,B2,Verbesserungsvorschlag,der,Verbesserungsvorschläge,"improvement suggestion, suggestion for improvement",Verbesserungsvorschläge der Mitarbeiter werden vom Management geprüft.,noun,Formal feedback and evaluation,b2;feedback,B2_lesson_16
B2_vocab_367,B2,Lösungsansatz,der,Lösungsansätze,"approach to a solution, problem-solving approach",Der Lösungsansatz des Teams war kreativ und effektiv.,noun,Formal feedback and evaluation,b2;feedback,B2_lesson_17
B2_vocab_368,B2,begründen,,,"to justify, to give reasons for",Sie muss ihre Entscheidung gegenüber dem Vorgesetzten begründen.,verb,Formal feedback and evaluation,b2;feedback,B2_lesson_18
B2_vocab_369,B2,auswerten,,,"to evaluate, to analyze",Die Umfrageergebnisse werden von der Statistikabteilung ausgewertet.,verb,Formal feedback and evaluation,b2;feedback,B2_lesson_19
B2_vocab_370,B2,zusammenarbeiten,,,"to cooperate, to collaborate","Die Abteilungen müssen enger zusammenarbeiten, um das Ziel zu erreichen.",verb,Formal feedback and evaluation,b2;feedback,B2_lesson_20
B2_vocab_371,B2,nachvollziehbar,,,"comprehensible, understandable, traceable",Die Begründung für die Ablehnung war nicht nachvollziehbar.,adjective,Formal feedback and evaluation,b2;feedback,B2_lesson_21
B2_vocab_372,B2,lösungsorientiert,,,solution-oriented,In Konfliktsituationen sollte man lösungsorientiert denken.,adjective,Formal feedback and evaluation,b2;feedback,B2_lesson_22
B2_vocab_373,B2,Bewertung,die,Bewertungen,"evaluation, assessment, rating",Die Bewertung der Mitarbeiter erfolgt einmal jährlich.,noun,Formal feedback and evaluation,b2;feedback,B2_lesson_23
B2_vocab_374,B2,Konsequenz,die,Konsequenzen,"consequence, consistency",Die Konsequenzen der Entscheidung wurden nicht bedacht.,noun,Formal feedback and evaluation,b2;feedback,B2_lesson_24
B2_vocab_375,B2,Entscheidungsprozess,der,Entscheidungsprozesse,decision-making process,Der Entscheidungsprozess dauerte länger als geplant.,noun,Decision-making and problem solving,b2;decision,B2_lesson_25
B2_vocab_376,B2,Problemlösung,die,Problemlösungen,"problem solving, solution to a problem",Fur jede Problemlösung braucht man kreatives Denken.,noun,Decision-making and problem solving,b2;decision,B2_lesson_1
B2_vocab_377,B2,Lösungsvorschlag,der,Lösungsvorschläge,"proposed solution, suggested solution",Der Lösungsvorschlag wurde von allen Teammitgliedern akzeptiert.,noun,Decision-making and problem solving,b2;decision,B2_lesson_2
B2_vocab_378,B2,Handlungsbedarf,der,,need for action,Bei diesem Problem besteht dringender Handlungsbedarf.,noun,Decision-making and problem solving,b2;decision,B2_lesson_3
B2_vocab_379,B2,Beschluss,der,Beschlüsse,"decision, resolution",Der Beschluss wurde einstimmig gefasst.,noun,Decision-making and problem solving,b2;decision,B2_lesson_4
B2_vocab_380,B2,abwägen,,,"to weigh up, to consider",Man muss die Vor- und Nachteile des Vorschlags sorgfältig abwägen.,verb,Decision-making and problem solving,b2;decision,B2_lesson_5
B2_vocab_381,B2,beschließen,,,"to decide, to resolve","Der Vorstand hat beschlossen, in neue Technologien zu investieren.",verb,Decision-making and problem solving,b2;decision,B2_lesson_6
B2_vocab_382,B2,analysieren,,,to analyze,"Wir müssen die Situation genau analysieren, bevor wir handeln.",verb,Decision-making and problem solving,b2;decision,B2_lesson_7
B2_vocab_383,B2,Unterkunft,die,Unterkünfte,"accommodation, lodging","Die Unterkunft war sauber, aber etwas weit vom Zentrum entfernt.",noun,Travel and tourism,b2;travel,B2_lesson_8
B2_vocab_384,B2,Buchung,die,Buchungen,"booking, reservation",Die Buchung kann bis 24 Stunden vor Reisebeginn kostenlos storniert werden.,noun,Travel and tourism,b2;travel,B2_lesson_9
B2_vocab_385,B2,Sehenswürdigkeit,die,Sehenswürdigkeiten,"sight, landmark, attraction",Die wichtigsten Sehenswürdigkeiten der Stadt sind mit dem Bus erreichbar.,noun,Travel and tourism,b2;travel,B2_lesson_10
B2_vocab_386,B2,Reiseziel,das,Reiseziele,travel destination,Beliebte Reiseziele sind oft in der Hauptsaison überfüllt.,noun,Travel and tourism,b2;travel,B2_lesson_11
B2_vocab_387,B2,Reiseleitung,die,Reiseleitungen,"tour management, tour guide",Die Reiseleitung informierte uns über die kulturellen Besonderheiten.,noun,Travel and tourism,b2;travel,B2_lesson_12
B2_vocab_388,B2,Rückreise,die,Rückreisen,"return journey, trip back",Die Rückreise verlief ohne Zwischenfälle.,noun,Travel and tourism,b2;travel,B2_lesson_13
B2_vocab_389,B2,buchen,,,"to book, to reserve",Wir haben das Hotelzimmer online gebucht.,verb,Travel and tourism,b2;travel,B2_lesson_14
B2_vocab_390,B2,stornieren,,,to cancel (a reservation),Aufgrund der Krankheit mussten wir die Reise stornieren.,verb,Travel and tourism,b2;travel,B2_lesson_15
B2_vocab_391,B2,Konto,das,Konten,"account, bank account",Ich muss Geld auf mein Konto einzahlen.,noun,Banking and finance,b2;banking,B2_lesson_16
B2_vocab_392,B2,Kredit,der,Kredite,"credit, loan",Für den Hauskauf hat die Bank einen günstigen Kredit angeboten.,noun,Banking and finance,b2;banking,B2_lesson_17
B2_vocab_393,B2,Zinssatz,der,Zinssätze,interest rate,Die Zinssätze für Immobilienkredite sind gestiegen.,noun,Banking and finance,b2;banking,B2_lesson_18
B2_vocab_394,B2,Finanzierung,die,Finanzierungen,"financing, funding",Die Finanzierung des Projekts ist noch nicht gesichert.,noun,Banking and finance,b2;banking,B2_lesson_19
B2_vocab_395,B2,Anlage,die,Anlagen,"investment, facility",Langfristige Anlagen sind oft sicherer als kurzfristige.,noun,Banking and finance,b2;banking,B2_lesson_20
B2_vocab_396,B2,Geldautomat,der,Geldautomaten,"ATM, cash machine",Der Geldautomat in der Bankfiliale ist rund um die Uhr verfugbar.,noun,Banking and finance,b2;banking,B2_lesson_21
B2_vocab_397,B2,überweisen,,,to transfer (money),Die Miete wird automatisch am ersten des Monats überwiesen.,verb,Banking and finance,b2;banking,B2_lesson_22
B2_vocab_398,B2,Verbrechen,das,Verbrechen,"crime, criminal act",Die Zahl der Verbrechen ist in den letzten Jahren gesunken.,noun,Crime and justice,b2;crime,B2_lesson_23
B2_vocab_399,B2,Täter,der,Täter,"perpetrator, offender",Der Täter wurde noch am selben Tag gefasst.,noun,Crime and justice,b2;crime,B2_lesson_24
B2_vocab_400,B2,Opfer,das,Opfer,victim,Die Opfer des Unfalls wurden ins Krankenhaus gebracht.,noun,Crime and justice,b2;crime,B2_lesson_25
B2_vocab_401,B2,Strafe,die,Strafen,"punishment, penalty, sentence",Die Strafe fur den Betrug betrug zwei Jahre Haft.,noun,Crime and justice,b2;crime,B2_lesson_1
B2_vocab_402,B2,Ermittlung,die,Ermittlungen,"investigation, inquiry",Die polizeilichen Ermittlungen dauern noch an.,noun,Crime and justice,b2;crime,B2_lesson_2
B2_vocab_403,B2,Aussage,die,Aussagen,"testimony, statement",Der Zeuge machte eine wichtige Aussage vor Gericht.,noun,Crime and justice,b2;crime,B2_lesson_3
B2_vocab_404,B2,verurteilen,,,"to convict, to sentence, to condemn",Der Richter verurteilte den Angeklagten zu einer Geldstrafe.,verb,Crime and justice,b2;crime,B2_lesson_4
B2_vocab_405,B2,ermitteln,,,"to investigate, to determine",Die Polizei ermittelt in mehrere Richtungen.,verb,Crime and justice,b2;crime,B2_lesson_5
B2_vocab_406,B2,Entdeckung,die,Entdeckungen,discovery,Die Entdeckung des Impfstoffs war ein Durchbruch in der Medizin.,noun,Science and innovation,b2;science,B2_lesson_6
B2_vocab_407,B2,Erfindung,die,Erfindungen,invention,Viele wichtige Erfindungen wurden im 20. Jahrhundert gemacht.,noun,Science and innovation,b2;science,B2_lesson_7
B2_vocab_408,B2,Labor,das,Labore,laboratory,Im Labor werden die Blutproben untersucht.,noun,Science and innovation,b2;science,B2_lesson_8
B2_vocab_409,B2,Gen,das,Gene,gene,Die Gene eines Menschen bestimmen viele seiner Eigenschaften.,noun,Science and innovation,b2;science,B2_lesson_9
B2_vocab_410,B2,Biotechnologie,die,Biotechnologien,biotechnology,Die Biotechnologie eroffnet neue Möglichkeiten in der Medizin.,noun,Science and innovation,b2;science,B2_lesson_10
B2_vocab_411,B2,Gentechnik,die,,genetic engineering,Die Gentechnik wird in der Landwirtschaft kontrovers diskutiert.,noun,Science and innovation,b2;science,B2_lesson_11
B2_vocab_412,B2,entwickeln,,,to develop,Die Firma hat eine neue Software entwickelt.,verb,Science and innovation,b2;science,B2_lesson_12
B2_vocab_413,B2,Wissenschaftler,der,Wissenschaftler,scientist,Wissenschaftler auf der ganzen Welt arbeiten an der Impfstoffentwicklung.,noun,Science and innovation,b2;science,B2_lesson_13
B2_vocab_414,B2,Literatur,die,Literaturen,literature,Die deutsche Literatur des 19. Jahrhunderts ist sehr vielfältig.,noun,Art and literature,b2;art,B2_lesson_14
B2_vocab_415,B2,Kunst,die,Künste,art,Die moderne Kunst wird von manchen Menschen nicht verstanden.,noun,Art and literature,b2;art,B2_lesson_15
B2_vocab_416,B2,Roman,der,Romane,novel,Der Roman spielt in der Zeit nach dem Zweiten Weltkrieg.,noun,Art and literature,b2;art,B2_lesson_16
B2_vocab_417,B2,Lyrik,die,Lyriken,poetry,In der Lyrik werden oft Gefühle und Stimmungen ausgedrückt.,noun,Art and literature,b2;art,B2_lesson_17
B2_vocab_418,B2,Handlung,die,Handlungen,"plot, action, storyline",Die Handlung des Films war spannend und gut durchdacht.,noun,Art and literature,b2;art,B2_lesson_18
B2_vocab_419,B2,gestalten,,,"to design, to create, to shape",Der Künstler gestaltet seine Werke aus recycelten Materialien.,verb,Art and literature,b2;art,B2_lesson_19
B2_vocab_420,B2,literarisch,,,literary,Sein literarisches Werk wurde mit mehreren Preisen ausgezeichnet.,adjective,Art and literature,b2;art,B2_lesson_20
B2_vocab_421,B2,Künstler,der,Künstler,artist,Der Künstler stellt seine Gemälde in einer Galerie aus.,noun,Art and literature,b2;art,B2_lesson_21
B2_vocab_422,B2,Verhalten,das,Verhalten,"behavior, conduct",Das Verhalten des Patienten hat sich durch die Therapie verändert.,noun,Psychology and behavior,b2;psychology,B2_lesson_22
B2_vocab_423,B2,Wahrnehmung,die,Wahrnehmungen,"perception, awareness",Die Wahrnehmung von Schmerz ist bei jedem Menschen anders.,noun,Psychology and behavior,b2;psychology,B2_lesson_23
B2_vocab_424,B2,Motivation,die,Motivationen,motivation,Die Motivation der Mitarbeiter kann durch Anerkennung gesteigert werden.,noun,Psychology and behavior,b2;psychology,B2_lesson_24
B2_vocab_425,B2,psychisch,,,"psychological, mental",Psychische Erkrankungen sollten genauso ernst genommen werden wie körperliche.,adjective,Psychology and behavior,b2;psychology,B2_lesson_25
B2_vocab_426,B2,emotional,,,emotional,"Die Entscheidung war nicht rational, sondern eher emotional.",adjective,Psychology and behavior,b2;psychology,B2_lesson_1
B2_vocab_427,B2,Qualität,die,Qualitäten,quality,Die Qualität der Produkte hat sich in den letzten Jahren verbessert.,noun,Quality and standards,b2;quality,B2_lesson_2
B2_vocab_428,B2,Standard,der,Standards,standard,Die medizinischen Standards in Deutschland sind sehr hoch.,noun,Quality and standards,b2;quality,B2_lesson_3
B2_vocab_429,B2,Anforderung,die,Anforderungen,"requirement, demand",Die Anforderungen an die Bewerber sind gestiegen.,noun,Quality and standards,b2;quality,B2_lesson_4
B2_vocab_430,B2,Niveau,das,Niveaus,"level, standard",Das sprachliche Niveau der Schüler hat sich verbessert.,noun,Quality and standards,b2;quality,B2_lesson_5
B2_vocab_431,B2,Mangel,der,Mängel,"defect, lack, deficiency",Bei der Wohnungsübergabe wurden mehrere Mängel festgestellt.,noun,Quality and standards,b2;quality,B2_lesson_6
B2_vocab_432,B2,überprüfen,,,"to check, to review, to verify",Die Rechnung sollte vor der Bezahlung sorgfältig überprüft werden.,verb,Quality and standards,b2;quality,B2_lesson_7
B2_vocab_433,B2,Reportage,die,Reportagen,"report, documentary report",Die Reportage über die Klimakrise war sehr informativ.,noun,media-analysis,b2;media,B2_lesson_8
B2_vocab_434,B2,Landschaft,die,Landschaften,"landscape, scenery",Die Landschaft in der Schweiz ist atemberaubend.,noun,Geography and landscape,b2;geography,B2_lesson_9
B2_vocab_435,B2,Tal,das,Täler,valley,Im Tal fließt ein kleiner Fluss.,noun,Geography and landscape,b2;geography,B2_lesson_10
B2_vocab_436,B2,Gebirge,das,Gebirge,"mountain range, mountains",Das Gebirge ist bei Wanderern sehr beliebt.,noun,Geography and landscape,b2;geography,B2_lesson_11
B2_vocab_437,B2,Küste,die,Küsten,"coast, coastline",An der Nordseeküste gibt es viele Naturschutzgebiete.,noun,Geography and landscape,b2;geography,B2_lesson_12
B2_vocab_438,B2,Region,die,Regionen,"region, area",In dieser Region wird hauptsächlich Wein angebaut.,noun,Geography and landscape,b2;geography,B2_lesson_13
B2_vocab_439,B2,Umgebung,die,Umgebungen,"surroundings, environment, vicinity",Die Umgebung des Hotels ist sehr ruhig und naturnah.,noun,Geography and landscape,b2;geography,B2_lesson_14
B2_vocab_440,B2,ländlich,,,"rural, countryside",Im ländlichen Raum ist die ärztliche Versorgung oft schwieriger.,adjective,Geography and landscape,b2;geography,B2_lesson_15
B2_vocab_441,B2,städtisch,,,"urban, municipal",Das städtische Leben bietet viele kulturelle Möglichkeiten.,adjective,Geography and landscape,b2;geography,B2_lesson_16
B2_vocab_442,B2,Architektur,die,Architekturen,architecture,Die moderne Architektur der Stadt ist weltweit bekannt.,noun,Architecture and construction,b2;architecture,B2_lesson_17
B2_vocab_443,B2,Bau,der,Bauten,"building, construction, structure",Der Bau der neuen Brücke wird drei Jahre dauern.,noun,Architecture and construction,b2;architecture,B2_lesson_18
B2_vocab_444,B2,Renovierung,die,Renovierungen,"renovation, refurbishment",Die Renovierung der Altbauwohnung war aufwendig.,noun,Architecture and construction,b2;architecture,B2_lesson_19
B2_vocab_445,B2,Grundriss,der,Grundrisse,"floor plan, layout",Der Grundriss der Wohnung ist sehr praktisch gestaltet.,noun,Architecture and construction,b2;architecture,B2_lesson_20
B2_vocab_446,B2,Keller,der,Keller,"basement, cellar",Im Keller ist ein Waschraum und ein Abstellraum.,noun,Architecture and construction,b2;architecture,B2_lesson_21
B2_vocab_447,B2,Balkon,der,Balkone,balcony,Vom Balkon aus hat man einen schönen Blick auf den Park.,noun,Architecture and construction,b2;architecture,B2_lesson_22
B2_vocab_448,B2,Fassade,die,Fassaden,"facade, front of a building",Die Fassade des Gebäudes wird zurzeit renoviert.,noun,Architecture and construction,b2;architecture,B2_lesson_23
B2_vocab_449,B2,Terrasse,die,Terrassen,"terrace, patio",Im Sommer essen wir oft auf der Terrasse.,noun,Architecture and construction,b2;architecture,B2_lesson_24
B2_vocab_450,B2,Energie,die,Energien,energy,Erneuerbare Energien werden immer wichtiger.,noun,Energy and resources,b2;energy,B2_lesson_25
B2_vocab_451,B2,Strom,der,Stroeme,"electricity, current",In Deutschland wird ein Teil des Stroms aus Windkraft gewonnen.,noun,Energy and resources,b2;energy,B2_lesson_1
B2_vocab_452,B2,Solaranlage,die,Solaranlagen,"solar system, solar panels",Viele Hausbesitzer installieren eine Solaranlage auf dem Dach.,noun,Energy and resources,b2;energy,B2_lesson_2
B2_vocab_453,B2,Kraftwerk,das,Kraftwerke,power plant,Das alte Kohlekraftwerk soll durch ein modernes ersetzt werden.,noun,Energy and resources,b2;energy,B2_lesson_3
B2_vocab_454,B2,Brennstoff,der,Brennstoffe,fuel,Fossile Brennstoffe tragen zur Klimaerwärmung bei.,noun,Energy and resources,b2;energy,B2_lesson_4
B2_vocab_455,B2,Erdwärme,die,,geothermal energy,Erdwärme ist eine umweltfreundliche Energiequelle.,noun,Energy and resources,b2;energy,B2_lesson_5
B2_vocab_456,B2,Windenergie,die,,wind energy,Windenergie wird in Norddeutschland stark ausgebaut.,noun,Energy and resources,b2;energy,B2_lesson_6
B2_vocab_457,B2,Wasserkraft,die,,"hydropower, water power",Wasserkraft liefert einen wichtigen Beitrag zur Stromerzeugung.,noun,Energy and resources,b2;energy,B2_lesson_7
B2_vocab_458,B2,Landwirtschaft,die,,"agriculture, farming",Die Landwirtschaft in Deutschland ist stark industrialisiert.,noun,Agriculture and food production,b2;agriculture,B2_lesson_8
B2_vocab_459,B2,Landwirt,der,Landwirte,farmer,Immer mehr Landwirte stellen auf ökologischen Anbau um.,noun,Agriculture and food production,b2;agriculture,B2_lesson_9
B2_vocab_460,B2,Anbau,der,Anbauten,"cultivation, growing",Der Anbau von Mais nimmt in Deutschland immer mehr Fläche ein.,noun,Agriculture and food production,b2;agriculture,B2_lesson_10
B2_vocab_461,B2,Ernte,die,Ernten,"harvest, crop",Die Ernte fiel dieses Jahr wegen der Trockenheit schlecht aus.,noun,Agriculture and food production,b2;agriculture,B2_lesson_11
B2_vocab_462,B2,Dünger,der,Dünger,fertilizer,Chemischer Dünger belastet das Grundwasser.,noun,Agriculture and food production,b2;agriculture,B2_lesson_12
B2_vocab_463,B2,Pestizid,das,Pestizide,pesticide,Der Einsatz von Pestiziden in der Landwirtschaft ist umstritten.,noun,Agriculture and food production,b2;agriculture,B2_lesson_13
B2_vocab_464,B2,Bio-Bauernhof,der,Bio-Bauernhöfe,organic farm,Wir kaufen unser Gemüse direkt vom Bio-Bauernhof.,noun,Agriculture and food production,b2;agriculture,B2_lesson_14
B2_vocab_465,B2,Tierhaltung,die,,"animal husbandry, livestock farming",Die Bedingungen in der Massentierhaltung werden oft kritisiert.,noun,Agriculture and food production,b2;agriculture,B2_lesson_15
B2_vocab_466,B2,Statistik,die,Statistiken,statistics,Laut Statistik hat die Arbeitslosigkeit abgenommen.,noun,Demographics and statistics,b2;demographics,B2_lesson_16
B2_vocab_467,B2,Bevölkerungszahl,die,Bevölkerungszahlen,"population number, population size",Die Bevölkerungszahl in den Großstädten wächst stetig.,noun,Demographics and statistics,b2;demographics,B2_lesson_17
B2_vocab_468,B2,Geburtenrate,die,Geburtenraten,birth rate,Die Geburtenrate in Deutschland ist in den letzten Jahren gestiegen.,noun,Demographics and statistics,b2;demographics,B2_lesson_18
B2_vocab_469,B2,Lebenserwartung,die,,life expectancy,Die Lebenserwartung der Menschen wird dank der Medizin immer höher.,noun,Demographics and statistics,b2;demographics,B2_lesson_19
B2_vocab_470,B2,Anteil,der,Anteile,"proportion, share, percentage",Ein großer Anteil der Bevölkerung ist über 65 Jahre alt.,noun,Demographics and statistics,b2;demographics,B2_lesson_20
B2_vocab_471,B2,Durchschnitt,der,Durchschnitte,average,Im Durchschnitt verbringen die Deutschen vier Wochen im Urlaub.,noun,Demographics and statistics,b2;demographics,B2_lesson_21
B2_vocab_472,B2,Quote,die,Quoten,"rate, quota, percentage",Die Quote der Arbeitslosen ist in diesem Jahr gesunken.,noun,Demographics and statistics,b2;demographics,B2_lesson_22
B2_vocab_473,B2,Prozentsatz,der,Prozentsätze,percentage,Der Prozentsatz der Frauen in Führungspositionen steigt langsam.,noun,Demographics and statistics,b2;demographics,B2_lesson_23
B2_vocab_474,B2,Altersgruppe,die,Altersgruppen,"age group, age bracket",Die Altersgruppe der 30- bis 40-Jährigen ist am stärksten vertreten.,noun,Demographics and statistics,b2;demographics,B2_lesson_24
B2_vocab_475,B2,Mitteilung,die,Mitteilungen,"message, notification, communication",Ich habe eine wichtige Mitteilung von der Krankenkasse erhalten.,noun,Communication,b2;communication,B2_lesson_25
B2_vocab_476,B2,Verteiler,der,Verteiler,"distribution list, mailing list",Die E-Mail wurde an alle Mitglieder des Verteilers geschickt.,noun,Communication,b2;communication,B2_lesson_1
B2_vocab_477,B2,Absender,der,Absender,sender,Der Absender des Pakets war nicht angegeben.,noun,Communication,b2;communication,B2_lesson_2
B2_vocab_478,B2,Empfänger,der,Empfänger,"recipient, receiver",Der Empfänger muss die Lieferung durch Unterschrift bestätigen.,noun,Communication,b2;communication,B2_lesson_3
B2_vocab_479,B2,Kontaktaufnahme,die,Kontaktaufnahmen,"making contact, contacting",Bei Fragen steht eine Kontaktaufnahme per E-Mail zur Verfugung.,noun,Communication,b2;communication,B2_lesson_4
B2_vocab_480,B2,Anrufbeantworter,der,Anrufbeantworter,answering machine,Ich habe eine Nachricht auf dem Anrufbeantworter hinterlassen.,noun,Communication,b2;communication,B2_lesson_5
B2_vocab_481,B2,Mailbox,die,Mailboxen,"voicemail, mailbox","Rufen Sie Ihre Mailbox an, um die Nachrichten abzuhören.",noun,Communication,b2;communication,B2_lesson_6
B2_vocab_482,B2,verständigen,,,"to inform, to notify","Bitte verständigen Sie die Polizei, wenn Sie etwas bemerken.",verb,Communication,b2;communication,B2_lesson_7
B2_vocab_483,B2,hinterlassen,,,"to leave (behind, a message)",Der Anrufer hat keine Nachricht hinterlassen.,verb,Communication,b2;communication,B2_lesson_8
B2_vocab_484,B2,Werbung,die,Werbungen,"advertising, advertisement",Werbung im Internet wird immer gezielter und personlicher.,noun,Marketing and advertising,b2;marketing,B2_lesson_9
B2_vocab_485,B2,Marke,die,Marken,"brand, make",Diese Marke steht fur Qualität und Zuverlässigkeit.,noun,Marketing and advertising,b2;marketing,B2_lesson_10
B2_vocab_486,B2,Kampagne,die,Kampagnen,campaign,Die Werbekampagne war sehr erfolgreich und erreichte Millionen.,noun,Marketing and advertising,b2;marketing,B2_lesson_11
B2_vocab_487,B2,Zielgruppe,die,Zielgruppen,"target group, target audience",Die Zielgruppe der Kampagne sind junge Erwachsene zwischen 20 und 35.,noun,Marketing and advertising,b2;marketing,B2_lesson_12
B2_vocab_488,B2,Kunde,der,Kunden,"customer, client","Der Kunde ist König, sagt man im Geschäftsleben.",noun,Marketing and advertising,b2;marketing,B2_lesson_13
B2_vocab_489,B2,Marketing,das,,marketing,Gutes Marketing ist entscheidend für den Erfolg eines Produkts.,noun,Marketing and advertising,b2;marketing,B2_lesson_14
B2_vocab_490,B2,vermarkten,,,"to market, to sell",Das Produkt wurde weltweit erfolgreich vermarktet.,verb,Marketing and advertising,b2;marketing,B2_lesson_15
B2_vocab_491,B2,Gastronomie,die,,"gastronomy, catering industry, restaurants",In der Gastronomie herrscht ein großer Fachkräftemangel.,noun,Hospitality and gastronomy,b2;hospitality,B2_lesson_16
B2_vocab_492,B2,Reservierung,die,Reservierungen,"reservation, booking",Ohne Reservierung bekommen wir an diesem Abend keinen Tisch.,noun,Hospitality and gastronomy,b2;hospitality,B2_lesson_17
B2_vocab_493,B2,Gast,der,Gäste,guest,Die Gäste des Hotels lobten den freundlichen Service.,noun,Hospitality and gastronomy,b2;hospitality,B2_lesson_18
B2_vocab_494,B2,Bewirtung,die,Bewirtungen,"hospitality, catering, refreshments",Die Bewirtung bei der Konferenz war ausgezeichnet.,noun,Hospitality and gastronomy,b2;hospitality,B2_lesson_19
B2_vocab_495,B2,Service,der,Services,"service, customer service",Der Service in diesem Restaurant ist schnell und freundlich.,noun,Hospitality and gastronomy,b2;hospitality,B2_lesson_20
B2_vocab_496,B2,Übernachtung,die,Übernachtungen,"overnight stay, accommodation for the night",Der Preis beinhaltet Übernachtung und Frühstück.,noun,Hospitality and gastronomy,b2;hospitality,B2_lesson_21
B2_vocab_497,B2,Halbpension,die,,half board,Wir haben das Hotel mit Halbpension gebucht.,noun,Hospitality and gastronomy,b2;hospitality,B2_lesson_22
B2_vocab_498,B2,Vollpension,die,,full board,Bei Vollpension sind alle Mahlzeiten im Preis enthalten.,noun,Hospitality and gastronomy,b2;hospitality,B2_lesson_23
B2_vocab_499,B2,Logistik,die,,logistics,Eine gute Logistik ist entscheidend für den Online-Handel.,noun,Logistics and supply chain,b2;logistics,B2_lesson_24
B2_vocab_500,B2,Lieferung,die,Lieferungen,"delivery, supply",Die Lieferung der bestellten Ware erfolgt innerhalb von drei Tagen.,noun,Logistics and supply chain,b2;logistics,B2_lesson_25
B2_vocab_501,B2,Transport,der,Transporte,"transport, transportation",Der Transport von Lebensmitteln erfordert spezielle Kühlfahrzeuge.,noun,Logistics and supply chain,b2;logistics,B2_lesson_1
B2_vocab_502,B2,Lagerung,die,Lagerungen,"storage, warehousing",Die Lagerung der Medikamente muss bei konstanter Temperatur erfolgen.,noun,Logistics and supply chain,b2;logistics,B2_lesson_2
B2_vocab_503,B2,Verpackung,die,Verpackungen,"packaging, wrapping",Die Verpackung sollte umweltfreundlich und recycelbar sein.,noun,Logistics and supply chain,b2;logistics,B2_lesson_3
B2_vocab_504,B2,Versand,der,,"shipping, dispatch",Der Versand erfolgt innerhalb Deutschlands versandkostenfrei.,noun,Logistics and supply chain,b2;logistics,B2_lesson_4
B2_vocab_505,B2,Zustellung,die,Zustellungen,delivery (to the recipient),Die Zustellung der Postsendung ist für morgen vorgesehen.,noun,Logistics and supply chain,b2;logistics,B2_lesson_5
B2_vocab_506,B2,Krieg,der,Kriege,war,Der Krieg in der Region hat viele Menschen zur Flucht gezwungen.,noun,"War, peace and international relations",b2;politics,B2_lesson_6
B2_vocab_507,B2,Frieden,der,,peace,Alle Seiten arbeiten an einem dauerhaften Frieden.,noun,"War, peace and international relations",b2;politics,B2_lesson_7
B2_vocab_508,B2,Bedrohung,die,Bedrohungen,"threat, menace",Die Bedrohung durch den Klimawandel wird oft unterschätzt.,noun,"War, peace and international relations",b2;politics,B2_lesson_8
B2_vocab_509,B2,Schutz,der,,"protection, shelter",Der Schutz der Menschenrechte ist eine internationale Aufgabe.,noun,"War, peace and international relations",b2;politics,B2_lesson_9
B2_vocab_510,B2,Grenze,die,Grenzen,"border, boundary, limit",An der Grenze zu Frankreich gibt es keine Kontrollen mehr.,noun,"War, peace and international relations",b2;politics,B2_lesson_10
B2_vocab_511,B2,Bündnis,das,Bündnisse,"alliance, coalition",Die Länder schlossen ein Bündnis zur Bekämpfung des Terrorismus.,noun,"War, peace and international relations",b2;politics,B2_lesson_11
B2_vocab_512,B2,Flucht,die,Fluchten,"escape, flight, flee",Viele Menschen befinden sich auf der Flucht vor Krieg und Verfolgung.,noun,"War, peace and international relations",b2;politics,B2_lesson_12
B2_vocab_513,B2,humanitär,,,humanitarian,Die humanitäre Hilfe für die betroffene Region wurde verstärkt.,adjective,"War, peace and international relations",b2;politics,B2_lesson_13
B2_vocab_514,B2,Freiheit,die,Freiheiten,"freedom, liberty",Die Freiheit der Meinungsäußerung ist ein Grundrecht.,noun,Abstract concepts,b2;abstract,B2_lesson_14
B2_vocab_515,B2,Gerechtigkeit,die,,"justice, fairness",Soziale Gerechtigkeit ist ein wichtiges politisches Ziel.,noun,Abstract concepts,b2;abstract,B2_lesson_15
B2_vocab_516,B2,Identität,die,Identitäten,identity,Die kulturelle Identität spielt für viele Menschen eine große Rolle.,noun,Abstract concepts,b2;abstract,B2_lesson_16
B2_vocab_517,B2,Würde,die,,dignity,Die Würde des Menschen ist unantastbar.,noun,Abstract concepts,b2;abstract,B2_lesson_17
B2_vocab_518,B2,Toleranz,die,,tolerance,Toleranz gegenüber anderen Kulturen ist in unserer Gesellschaft wichtig.,noun,Abstract concepts,b2;abstract,B2_lesson_18
B2_vocab_519,B2,Wert,der,Werte,value,Die Vermittlung von Werten ist eine wichtige Aufgabe der Erziehung.,noun,Abstract concepts,b2;abstract,B2_lesson_19
B2_vocab_520,B2,Bewusstsein,das,,"consciousness, awareness",Das Bewusstsein für Umweltprobleme wächst in der Bevölkerung.,noun,Abstract concepts,b2;abstract,B2_lesson_20
B2_vocab_521,B2,Freizeitaktivität,die,Freizeitaktivitäten,leisure activity,Als Freizeitaktivität bietet die Stadt viele Möglichkeiten.,noun,Leisure and recreation,b2;leisure,B2_lesson_21
B2_vocab_522,B2,Ausflug,der,Ausflüge,"excursion, trip, outing",Am Wochenende haben wir einen Ausflug in die Berge gemacht.,noun,Leisure and recreation,b2;leisure,B2_lesson_22
B2_vocab_523,B2,Campingplatz,der,Campingplätze,"campsite, campground",Der Campingplatz liegt direkt am See und hat einen Spielplatz.,noun,Leisure and recreation,b2;leisure,B2_lesson_23
B2_vocab_524,B2,Wanderweg,der,Wanderwege,hiking trail,Der Wanderweg durch den Wald ist gut ausgeschildert.,noun,Leisure and recreation,b2;leisure,B2_lesson_24
B2_vocab_525,B2,Aussicht,die,Aussichten,"view, outlook, prospect",Vom Gipfel hat man eine atemberaubende Aussicht auf das Tal.,noun,Leisure and recreation,b2;leisure,B2_lesson_25
B2_vocab_526,B2,Urlaub,der,Urlaube,"vacation, holiday",Dieses Jahr machen wir Urlaub an der Nordsee.,noun,Leisure and recreation,b2;leisure,B2_lesson_1
B2_vocab_527,B2,Unterhaltung,die,Unterhaltungen,"entertainment, conversation",Zur Unterhaltung der Gäste gab es ein musikalisches Programm.,noun,Leisure and recreation,b2;leisure,B2_lesson_2
B2_vocab_528,B2,Zufall,der,Zufälle,"coincidence, chance","Es war purer Zufall, dass wir uns im Urlaub getroffen haben.",noun,abstract-nouns,b2;misc,B2_lesson_3
B2_vocab_529,B2,Erfahrung,die,Erfahrungen,experience,Aus dieser Erfahrung habe ich viel gelernt.,noun,abstract-nouns,b2;misc,B2_lesson_4
B2_vocab_530,B2,Glaube,der,,"belief, faith, religion",Der Glaube an eine bessere Zukunft gibt vielen Menschen Kraft.,noun,abstract-nouns,b2;misc,B2_lesson_5
B2_vocab_531,B2,überzeugen,,,"to convince, to persuade",Der Arzt konnte den Patienten von der Behandlung überzeugen.,verb,argumentation,b2;misc,B2_lesson_6
B2_vocab_532,B2,einladen,,,to invite,Die Firma hat alle Mitarbeiter zur Weihnachtsfeier eingeladen.,verb,professional-communication,b2;misc,B2_lesson_7
B2_vocab_533,B2,bedauern,,,"to regret, to feel sorry for",Wir bedauern die Verzögerung und bitten um Entschuldigung.,verb,abstract-nouns,b2;misc,B2_lesson_8
C1_v001,C1,Dissertation,die,die Dissertation,dissertation,Die Dissertation wurde mit Auszeichnung bewertet.,noun,Academic,c1,C1_lesson_6
C1_v002,C1,Konferenz,die,die Konferenz,conference,Auf der Konferenz trafen sich Forscher aus aller Welt.,noun,Academic,c1,C1_lesson_1
C1_v003,C1,Publikation,die,die Publikation,publication,Die Publikation erschien in einem renommierten Fachjournal.,noun,Academic,c1,C1_lesson_6
C1_v004,C1,Peer-Review,die,Peer-Reviews,peer review,Der Artikel durchlief ein strenges Peer-Review-Verfahren.,noun,Academic,c1,C1_lesson_6
C1_v005,C1,Fachzeitschrift,die,die Fachzeitschrift,journal,In dieser Fachzeitschrift werden aktuelle Forschungsergebnisse veröffentlicht.,noun,Academic,c1,C1_lesson_1
C1_v006,C1,Zitation,die,die Zitation,citation,Die korrekte Zitation ist in wissenschaftlichen Arbeiten unerlässlich.,noun,Academic,c1,C1_lesson_6
C1_v007,C1,insofern,,,insofar as,"Insofern die Ergebnisse signifikant sind, ist die Hypothese bestätigt.",other,Formal Connectors,c1,C1_lesson_1
C1_v008,C1,geschweige denn,,,let alone,"Er konnte nicht lesen, geschweige denn einen wissenschaftlichen Artikel verfassen.",other,Formal Connectors,c1,C1_lesson_1
C1_v009,C1,folglich,,,consequently,"Die Daten wurden manipuliert, folglich sind die Ergebnisse ungültig.",other,Formal Connectors,c1,C1_lesson_1
C1_v010,C1,nichtsdestotrotz,,,nevertheless,"Die Methode ist aufwendig, nichtsdestotrotz liefert sie präzise Ergebnisse.",other,Formal Connectors,c1,C1_lesson_1
C1_v011,C1,infolgedessen,,,as a result,"Die Kosten steigen, infolgedessen müssen Einsparungen vorgenommen werden.",other,Formal Connectors,c1,C1_lesson_1
C1_v012,C1,andeuten,,,to imply,Die Ergebnisse deuten auf einen Zusammenhang hin.,other,Nuance,c1,C1_lesson_1
C1_v013,C1,vielmehr,,,rather,Es handelt sich vielmehr um ein strukturelles Problem.,other,Nuance,c1,C1_lesson_1
C1_v014,C1,keineswegs,,,by no means,Diese Annahme ist keineswegs gesichert.,other,Nuance,c1,C1_lesson_1
C1_v015,C1,zumal,,,especially since,"Zumal die Datenlage dünn ist, sollten weitere Studien durchgeführt werden.",other,Nuance,c1,C1_lesson_1
C1_v016,C1,wenngleich,,,even though,"Wenngleich die Theorie elegant ist, fehlt der empirische Beleg.",other,Nuance,c1,C1_lesson_1
C1_v017,C1,obschon,,,although,"Obschon die Studie methodische Mängel aufweist, sind die Ergebnisse relevant.",other,Nuance,c1,C1_lesson_1
C1_v018,C1,inwiefern,,,to what extent,"Die Studie zeigt, inwiefern sozioökonomische Faktoren die Gesundheit beeinflussen.",other,Nuance,c1,C1_lesson_1
C1_v019,C1,den Nagel auf den Kopf treffen,,,hit the nail,Mit dieser Analyse haben Sie den Nagel auf den Kopf getroffen.,other,Idioms,c1,C1_lesson_5
C1_v020,C1,sich im Klaren sein,,,be fully aware,Sie sollte sich über die Konsequenzen im Klaren sein.,other,Idioms,c1,C1_lesson_5
C1_v021,C1,auf der Hand liegen,,,be obvious,Der Zusammenhang liegt auf der Hand.,other,Idioms,c1,C1_lesson_5
C1_v022,C1,etwas in den Griff bekommen,,,get a handle,Wir müssen das Problem endlich in den Griff bekommen.,other,Idioms,c1,C1_lesson_5
C1_v023,C1,Fachsprachprüfung,die,Fachsprachprüfungen,specialist language exam,die Fachsprachprüfung ist ein wichtiger Begriff.,noun,Medical,c1;medical,C1_lesson_3
C1_v024,C1,Differentialdiagnose,die,Differentialdiagnosen,differential diagnosis,die Differentialdiagnose ist ein wichtiger Begriff.,noun,Medical,c1;medical,C1_lesson_3
C1_v025,C1,Arztbrief,der,Arztbriefe,medical report,der Arztbrief ist ein wichtiger Begriff.,noun,Medical,c1;medical,C1_lesson_3
C1_v026,C1,Aufklärung,die,Aufklärungen,disclosure/patient education,die Aufklärung ist ein wichtiger Begriff.,noun,Medical,c1;medical,C1_lesson_13
C1_v027,C1,Einwilligung,die,Einwilligungen,consent,die Einwilligung ist ein wichtiger Begriff.,noun,Medical,c1;medical,C1_lesson_13
C1_v028,C1,Korrelation,die,Korrelationen,correlation,die Korrelation ist ein wichtiger Begriff.,noun,Academic,c1,C1_lesson_6
C1_v029,C1,Substitution,die,Substitutionen,substitution,die Substitution ist ein wichtiger Begriff.,noun,Academic,c1,C1_lesson_11
C1_v030,C1,Konjunktur,die,Konjunkturen,economic cycle,die Konjunktur ist ein wichtiger Begriff.,noun,Economics,c1,C1_lesson_10
C1_v031,C1,Legitimation,die,Legitimationen,legitimation,die Legitimation ist ein wichtiger Begriff.,noun,Legal,c1,C1_lesson_2
C1_v032,C1,Abgrenzung,die,Abgrenzungen,delineation,die Abgrenzung ist ein wichtiger Begriff.,noun,Academic,c1,C1_lesson_15
C1_v033,C1,Differenzierung,die,Differenzierungen,differentiation,die Differenzierung ist ein wichtiger Begriff.,noun,Academic,c1,C1_lesson_6
C1_v034,C1,Synthese,die,Synthesen,synthesis,die Synthese ist ein wichtiger Begriff.,noun,Academic,c1,C1_lesson_6
C1_v035,C1,Perspektive,die,Perspektiven,perspective,die Perspektive ist ein wichtiger Begriff.,noun,abstract-nouns,c1,C1_lesson_15
C1_v036,C1,Konsequenz,die,Konsequenzen,consequence,die Konsequenz ist ein wichtiger Begriff.,noun,abstract-nouns,c1,C1_lesson_2
C1_v037,C1,Sensibilisierung,die,Sensibilisierungen,awareness raising,die Sensibilisierung ist ein wichtiger Begriff.,noun,Social,c1,C1_lesson_13
C1_v038,C1,Evaluierung,die,Evaluierungen,evaluation,die Evaluierung ist ein wichtiger Begriff.,noun,Academic,c1,C1_lesson_6
C1_v039,C1,Koordination,die,Koordinationen,coordination,die Koordination ist ein wichtiger Begriff.,noun,Work,c1,C1_lesson_3
C1_v040,C1,Dokumentation,die,Dokumentationen,documentation,die Dokumentation ist ein wichtiger Begriff.,noun,Work,c1,C1_lesson_3
C1_v041,C1,Interpretation,die,Interpretationen,interpretation,die Interpretation ist ein wichtiger Begriff.,noun,Academic,c1,C1_lesson_9
C1_v042,C1,Implementierung,die,Implementierungen,implementation,die Implementierung ist ein wichtiger Begriff.,noun,Work,c1,C1_lesson_3
C1_v043,C1,Argumentation,die,die Argumentationen,argumentation,Seine Argumentation ist schlüssig und gut strukturiert.,noun,argumentation,c1,C1_lesson_1
C1_v044,C1,Prämisse,die,die Prämissen,premise,Die Prämisse der Studie wurde in Frage gestellt.,noun,argumentation,c1,C1_lesson_1
C1_v045,C1,These,die,die Thesen,thesis,Die These des Autors ist gut belegt.,noun,argumentation,c1,C1_lesson_1
C1_v046,C1,Gegenthese,die,die Gegenthesen,counter-thesis,Zur These wurde eine überzeugende Gegenthese formuliert.,noun,argumentation,c1,C1_lesson_1
C1_v047,C1,Schlussfolgerung,die,die Schlussfolgerungen,conclusion/inference,"Daraus lässt sich die Schlussfolgerung ziehen, dass ...",noun,argumentation,c1,C1_lesson_1
C1_v048,C1,Standpunkt,der,die Standpunkte,point of view,Von diesem Standpunkt aus betrachtet ergibt die These Sinn.,noun,argumentation,c1,C1_lesson_1
C1_v049,C1,Behauptung,die,die Behauptungen,claim/assertion,Die Behauptung konnte durch keine Daten gestützt werden.,noun,argumentation,c1,C1_lesson_1
C1_v050,C1,Erörterung,die,die Erörterungen,discussion/analysis,Eine ausführliche Erörterung der Problematik folgt im nächsten Kapitel.,noun,argumentation,c1,C1_lesson_1
C1_v051,C1,Diskurs,der,die Diskurse,discourse,Der wissenschaftliche Diskurs erfordert präzise Begriffe.,noun,argumentation,c1,C1_lesson_1
C1_v052,C1,Kontroverse,die,die Kontroversen,controversy,Die Kontroverse um die Studienergebnisse hält an.,noun,argumentation,c1,C1_lesson_1
C1_v053,C1,Einwand,der,die Einwände,objection,Gegen diese These wurden gewichtige Einwände erhoben.,noun,argumentation,c1,C1_lesson_1
C1_v054,C1,Widerlegung,die,die Widerlegungen,refutation,Die Widerlegung der Theorie gelang durch ein entscheidendes Experiment.,noun,argumentation,c1,C1_lesson_1
C1_v055,C1,Begründung,die,die Begründungen,justification/reasoning,Eine stichhaltige Begründung ist für jede wissenschaftliche Arbeit unerlässlich.,noun,argumentation,c1,C1_lesson_1
C1_v056,C1,Argument,das,die Argumente,argument,Sein Argument überzeugt auf ganzer Linie.,noun,argumentation,c1,C1_lesson_1
C1_v057,C1,Stellungnahme,die,die Stellungnahmen,statement/position paper,Die Stellungnahme der Expertenkommission liegt vor.,noun,argumentation,c1,C1_lesson_1
C1_v058,C1,Methodik,die,die Methodiken,methodology,Die Methodik der Studie ist wissenschaftlich fundiert.,noun,methodology,c1,C1_lesson_6
C1_v059,C1,Validität,die,,validity,Die Validität der Ergebnisse muss noch überprüft werden.,noun,methodology,c1,C1_lesson_6
C1_v060,C1,Reliabilität,die,,reliability,Die Reliabilität des Tests wurde in mehreren Studien bestätigt.,noun,methodology,c1,C1_lesson_6
C1_v061,C1,Stichprobe,die,die Stichproben,sample,Die Stichprobe umfasste 500 Probanden.,noun,methodology,c1,C1_lesson_6
C1_v062,C1,Proband,der,die Probanden,test subject,Jeder Proband wurde vor der Studie aufgeklärt.,noun,methodology,c1,C1_lesson_6
C1_v063,C1,Variable,die,die Variablen,variable,Die abhängige Variable wurde präzise gemessen.,noun,methodology,c1,C1_lesson_6
C1_v064,C1,Hypothese,die,die Hypothesen,hypothesis,Die Nullhypothese konnte verworfen werden.,noun,methodology,c1,C1_lesson_6
C1_v065,C1,Analyse,die,die Analysen,analysis,Die statistische Analyse bestätigte die Vermutung.,noun,methodology,c1,C1_lesson_6
C1_v066,C1,Auswertung,die,die Auswertungen,evaluation/analysis,Die Auswertung der Daten dauerte mehrere Wochen.,noun,methodology,c1,C1_lesson_6
C1_v067,C1,Erhebung,die,die Erhebungen,survey/data collection,Die empirische Erhebung fand in drei Krankenhäusern statt.,noun,methodology,c1,C1_lesson_6
C1_v068,C1,Befund,der,die Befunde,finding/result,Die Befunde der Studie sind eindeutig.,noun,methodology,c1,C1_lesson_6
C1_v069,C1,Datenlage,die,,data situation/evidence base,Die derzeitige Datenlage erlaubt keine abschließende Bewertung.,noun,methodology,c1,C1_lesson_6
C1_v070,C1,Signifikanz,die,,significance,Die statistische Signifikanz wurde nachgewiesen.,noun,methodology,c1,C1_lesson_6
C1_v071,C1,Reproduzierbarkeit,die,,reproducibility,Die Reproduzierbarkeit der Ergebnisse ist ein zentrales Kriterium.,noun,methodology,c1,C1_lesson_6
C1_v072,C1,Metaanalyse,die,die Metaanalysen,meta-analysis,Die Metaanalyse fasst die Ergebnisse mehrerer Studien zusammen.,noun,methodology,c1,C1_lesson_6
C1_v073,C1,Anamnese,die,die Anamnesen,medical history,Die Anamnese ergab keine Vorerkrankungen.,noun,clinical-communication,c1;medical,C1_lesson_3
C1_v074,C1,Diagnose,die,die Diagnosen,diagnosis,Die Diagnose wurde durch bildgebende Verfahren bestätigt.,noun,clinical-communication,c1;medical,C1_lesson_3
C1_v075,C1,Prognose,die,die Prognosen,prognosis,Die Prognose ist bei frühzeitiger Behandlung günstig.,noun,clinical-communication,c1;medical,C1_lesson_3
C1_v076,C1,Indikation,die,die Indikationen,indication,Die Operation ist bei dieser Indikation dringend erforderlich.,noun,clinical-communication,c1;medical,C1_lesson_3
C1_v077,C1,Kontraindikation,die,die Kontraindikationen,contraindication,Eine Allergie gegen das Medikament stellt eine Kontraindikation dar.,noun,clinical-communication,c1;medical,C1_lesson_3
C1_v078,C1,Befundbericht,der,die Befundberichte,medical report/findings,Der Befundbericht wurde dem überweisenden Arzt zugesandt.,noun,arztbrief,c1;medical,C1_lesson_3
C1_v079,C1,Operationsbericht,der,die Operationsberichte,surgical report,Der Operationsbericht dokumentiert den Eingriff detailliert.,noun,arztbrief,c1;medical,C1_lesson_3
C1_v080,C1,Entlassungsbrief,der,die Entlassungsbriefe,discharge summary,Der Entlassungsbrief enthält alle relevanten Befunde.,noun,arztbrief,c1;medical,C1_lesson_3
C1_v081,C1,Krankenakte,die,die Krankenakten,medical record/chart,Die Krankenakte muss vollständig und aktuell sein.,noun,arztbrief,c1;medical,C1_lesson_3
C1_v082,C1,Patientenverfügung,die,die Patientenverfügungen,advance directive,Der Patient hat eine Patientenverfügung hinterlegt.,noun,arztbrief,c1;medical,C1_lesson_3
C1_v083,C1,Überweisung,die,die Überweisungen,referral,Der Hausarzt stellte eine Überweisung zum Facharzt aus.,noun,arztbrief,c1;medical,C1_lesson_3
C1_v084,C1,Konsiliarbericht,der,die Konsiliarberichte,consultation report,Der Konsiliarbericht des Neurologen liegt vor.,noun,arztbrief,c1;medical,C1_lesson_3
C1_v085,C1,Visite,die,die Visiten,ward round,Die Visite findet täglich um acht Uhr statt.,noun,clinical-communication,c1;medical,C1_lesson_3
C1_v086,C1,Medikation,die,die Medikationen,medication regimen,Die Medikation wurde nach der Operation angepasst.,noun,clinical-communication,c1;medical,C1_lesson_3
C1_v087,C1,Nachsorge,die,,aftercare/follow-up care,Die Nachsorge erfolgt ambulant in unserer Sprechstunde.,noun,clinical-communication,c1;medical,C1_lesson_3
C1_v088,C1,Autonomie,die,,autonomy,Die Autonomie des Patienten muss respektiert werden.,noun,ethics,c1;medical,C1_lesson_13
C1_v089,C1,Fürsorgepflicht,die,,duty of care,Die Fürsorgepflicht des Arztes steht außer Frage.,noun,ethics,c1;medical,C1_lesson_13
C1_v090,C1,Sterbehilfe,die,,euthanasia/assisted dying,Die Debatte um die Sterbehilfe wird kontrovers geführt.,noun,ethics,c1;medical,C1_lesson_13
C1_v091,C1,Patientenautonomie,die,,patient autonomy,Die Patientenautonomie ist ein Grundpfeiler der modernen Medizinethik.,noun,ethics,c1;medical,C1_lesson_13
C1_v092,C1,hippokratischer Eid,der,,Hippocratic Oath,Der hippokratische Eid verpflichtet Ärzte zum Wohle des Patienten.,noun,ethics,c1;medical,C1_lesson_13
C1_v093,C1,Einwilligungsfähigkeit,die,,capacity to consent,Die Einwilligungsfähigkeit des Patienten muss vor dem Eingriff geprüft werden.,noun,consent,c1;medical,C1_lesson_13
C1_v094,C1,medizinische Indikation,die,die medizinischen Indikationen,medical indication,Die medizinische Indikation für den Eingriff ist gegeben.,noun,consent,c1;medical,C1_lesson_13
C1_v095,C1,Therapieverweigerung,die,die Therapieverweigerungen,refusal of treatment,Die Therapieverweigerung des Patienten muss dokumentiert werden.,noun,consent,c1;medical,C1_lesson_13
C1_v096,C1,aufgeklärte Einwilligung,die,,informed consent,Vor der Operation ist die aufgeklärte Einwilligung erforderlich.,noun,consent,c1;medical,C1_lesson_13
C1_v097,C1,Ethikkommission,die,die Ethikkommissionen,ethics committee,Die Studie wurde von der Ethikkommission genehmigt.,noun,ethics,c1;medical,C1_lesson_13
C1_v098,C1,Krankenversicherung,die,die Krankenversicherungen,health insurance,Die gesetzliche Krankenversicherung deckt die Behandlungskosten.,noun,health-policy,c1;medical,C1_lesson_3
C1_v099,C1,Patientenversorgung,die,,patient care,Die Patientenversorgung hat oberste Priorität.,noun,health-policy,c1;medical,C1_lesson_3
C1_v100,C1,Prävention,die,,prevention,Prävention ist kosteneffizienter als die Behandlung chronischer Erkrankungen.,noun,health-policy,c1;medical,C1_lesson_3
C1_v101,C1,Digitalisierung,die,,digitalization,Die Digitalisierung des Gesundheitswesens schreitet langsam voran.,noun,health-policy,c1;medical,C1_lesson_3
C1_v102,C1,Kuration,die,,curative treatment,Die Kuration steht im Gegensatz zur Palliativmedizin.,noun,health-policy,c1;medical,C1_lesson_3
C1_v103,C1,Regelversorgung,die,,standard care/provision,Die Methode gehört inzwischen zur Regelversorgung.,noun,health-policy,c1;medical,C1_lesson_3
C1_v104,C1,Kostenerstattung,die,die Kostenerstattungen,reimbursement,Die Kostenerstattung durch die Krankenkasse muss beantragt werden.,noun,health-policy,c1;medical,C1_lesson_3
C1_v105,C1,Leistungserbringung,die,,service provision,Die Leistungserbringung erfolgt nach den Richtlinien des Gemeinsamen Bundesausschusses.,noun,health-policy,c1;medical,C1_lesson_3
C1_v106,C1,Qualitätsmanagement,das,,quality management,Ein effektives Qualitätsmanagement ist in Kliniken unverzichtbar.,noun,health-policy,c1;medical,C1_lesson_3
C1_v107,C1,Versorgungsforschung,die,,health services research,Die Versorgungsforschung untersucht die Effektivität medizinischer Maßnahmen.,noun,research,c1;medical,C1_lesson_3
C1_v108,C1,Rechtsgrundlage,die,die Rechtsgrundlagen,legal basis,Die Rechtsgrundlage für diese Maßnahme ist umstritten.,noun,law,c1,C1_lesson_2
C1_v109,C1,Haftung,die,die Haftungen,liability,Die Haftung des Arztes bei Behandlungsfehlern ist gesetzlich geregelt.,noun,law,c1,C1_lesson_2
C1_v110,C1,Behandlungsfehler,der,die Behandlungsfehler,medical error/malpractice,Bei Verdacht auf einen Behandlungsfehler kann der Patient Schadensersatz fordern.,noun,law,c1;medical,C1_lesson_2
C1_v111,C1,Schweigepflicht,die,,confidentiality obligation,Die ärztliche Schweigepflicht gilt auch über den Tod des Patienten hinaus.,noun,law,c1;medical,C1_lesson_2
C1_v112,C1,Datenschutzverordnung,die,die Datenschutzverordnungen,data protection regulation,Die Datenschutzverordnung regelt den Umgang mit Patientendaten.,noun,law,c1,C1_lesson_2
C1_v113,C1,Aufsichtsrat,der,die Aufsichtsräte,supervisory board,Der Aufsichtsrat der Klinik tagt vierteljährlich.,noun,administration,c1,C1_lesson_2
C1_v114,C1,Einwilligungserklärung,die,die Einwilligungserklärungen,declaration of consent,Der Patient unterschrieb die Einwilligungserklärung vor dem Eingriff.,noun,consent,c1;medical,C1_lesson_2
C1_v115,C1,Aufsichtsbeschwerde,die,die Aufsichtsbeschwerden,supervisory complaint,Gegen die Entscheidung kann Aufsichtsbeschwerde eingelegt werden.,noun,administration,c1,C1_lesson_2
C1_v116,C1,Verfahrensdokumentation,die,die Verfahrensdokumentationen,procedural documentation,Die Verfahrensdokumentation muss lückenlos sein.,noun,administration,c1,C1_lesson_2
C1_v117,C1,Schiedsstelle,die,die Schiedsstellen,arbitration board,Die Schiedsstelle vermittelt bei Streitigkeiten zwischen Arzt und Patient.,noun,administration,c1,C1_lesson_2
C1_v118,C1,demzufolge,,,consequently,Demzufolge muss die Methodik überdacht werden.,other,,c1,C1_lesson_1
C1_v119,C1,nichtsdestoweniger,,,nonetheless,Nichtsdestoweniger bleibt die Fragestellung relevant.,other,,c1,C1_lesson_1
C1_v120,C1,dahingehend,,,to the effect that,Die Studie wurde dahingehend überarbeitet.,other,,c1,C1_lesson_1
C1_v121,C1,in Anbetracht dessen,,,in view of this,In Anbetracht dessen ist die Entscheidung nachvollziehbar.,other,,c1,C1_lesson_1
C1_v122,C1,inwieweit,,,to what extent,"Inwieweit die Ergebnisse generalisierbar sind, bleibt zu prüfen.",other,,c1,C1_lesson_1
C1_v123,C1,ausschließlich,,,exclusively/solely,Die Studie beschäftigt sich ausschließlich mit palliativen Maßnahmen.,other,,c1,C1_lesson_1
C1_v124,C1,vor allem,,,especially/above all,Vor allem die Langzeiteffekte müssen untersucht werden.,other,,c1,C1_lesson_1
C1_v125,C1,konstatieren,,,to state/ascertain,Der Autor konstatiert einen Mangel an empirischen Daten.,other,,c1,C1_lesson_6
C1_v126,C1,ableiten,,,to deduce/derive,Aus diesen Ergebnissen lassen sich klare Empfehlungen ableiten.,other,,c1,C1_lesson_6
C1_v127,C1,erläutern,,,to explain/elucidate,Im Folgenden wird die Methodik näher erläutert.,other,,c1,C1_lesson_6
C1_v128,C1,verweisen auf,,,to refer to,Die Autoren verweisen auf frühere Studien zu diesem Thema.,other,,c1,C1_lesson_6
C1_v129,C1,voraussetzen,,,to presuppose,Die Theorie setzt ein gewisses Maß an Grundwissen voraus.,other,,c1,C1_lesson_6
C1_v130,C1,gegenüberstellen,,,to contrast,Die Ergebnisse beider Studien werden einander gegenübergestellt.,other,,c1,C1_lesson_6
C1_v131,C1,untermauern,,,to substantiate/underpin,Die These wird durch zahlreiche Quellen untermauert.,other,,c1,C1_lesson_6
C1_v132,C1,skizzieren,,,to outline,Der Artikel skizziert die aktuellen Herausforderungen im Gesundheitswesen.,other,,c1,C1_lesson_6
C1_v133,C1,Relevanz,die,,relevance,Die Relevanz der Studie für die klinische Praxis ist unbestritten.,noun,abstract-nouns,c1,C1_lesson_6
C1_v134,C1,Implikation,die,die Implikationen,implication,Die Implikationen der Ergebnisse sind weitreichend.,noun,abstract-nouns,c1,C1_lesson_6
C1_v135,C1,Sachverhalt,der,die Sachverhalte,facts/circumstances,Der Sachverhalt muss von allen Seiten beleuchtet werden.,noun,abstract-nouns,c1,C1_lesson_2
C1_v136,C1,Wahrnehmung,die,die Wahrnehmungen,perception,Die Wahrnehmung von Schmerz ist subjektiv.,noun,abstract-nouns,c1,C1_lesson_11
C1_v137,C1,Diskrepanz,die,die Diskrepanzen,discrepancy,Es besteht eine Diskrepanz zwischen Theorie und Praxis.,noun,abstract-nouns,c1,C1_lesson_6
C1_v138,C1,Wechselwirkung,die,die Wechselwirkungen,interaction/reciprocal effect,Die Wechselwirkung der Medikamente muss berücksichtigt werden.,noun,abstract-nouns,c1,C1_lesson_11
C1_v139,C1,Rahmenbedingung,die,die Rahmenbedingungen,framework condition,Die rechtlichen Rahmenbedingungen für Telemedizin wurden verbessert.,noun,abstract-nouns,c1,C1_lesson_3
C1_v140,C1,Stellenwert,der,die Stellenwerte,importance/significance,Der Stellenwert der Prävention wird oft unterschätzt.,noun,abstract-nouns,c1,C1_lesson_1
C1_v141,C1,Tragweite,die,,scope/range/implications,Die Tragweite dieser Entscheidung ist enorm.,noun,abstract-nouns,c1,C1_lesson_1
C1_v142,C1,Kausalität,die,,causality,Die Kausalität zwischen Rauchen und Lungenkrebs ist wissenschaftlich belegt.,noun,abstract-nouns,c1,C1_lesson_6
C1_v143,C1,Symptomatik,die,Symptomatiken,symptomatology/symptoms,Die Symptomatik des Patienten ist typisch für eine Pneumonie.,noun,clinical-communication,c1;medical,C1_lesson_3
C1_v144,C1,Krankheitsverlauf,der,die Krankheitsverläufe,disease progression,Der Krankheitsverlauf war trotz der Therapie progredient.,noun,clinical-communication,c1;medical,C1_lesson_3
C1_v145,C1,Therapieerfolg,der,die Therapieerfolge,treatment success,Der Therapieerfolg hängt von der Früherkennung ab.,noun,clinical-communication,c1;medical,C1_lesson_3
C1_v146,C1,Verträglichkeit,die,,tolerability,Die Verträglichkeit des Medikaments war bei allen Patienten gut.,noun,clinical-communication,c1;medical,C1_lesson_3
C1_v147,C1,Dringlichkeit,die,,urgency,Aufgrund der Dringlichkeit wurde der Patient sofort operiert.,noun,clinical-communication,c1;medical,C1_lesson_3
C1_v148,C1,Aufnahmebefund,der,die Aufnahmebefunde,admission findings,Der Aufnahmebefund zeigte erhöhte Entzündungswerte.,noun,arztbrief,c1;medical,C1_lesson_3
C1_v149,C1,Untersuchungsbefund,der,die Untersuchungsbefunde,examination findings,Der Untersuchungsbefund bestätigte den Verdacht auf eine Fraktur.,noun,arztbrief,c1;medical,C1_lesson_3
C1_v150,C1,Behandlungsoption,die,die Behandlungsoptionen,treatment option,Dem Patienten wurden verschiedene Behandlungsoptionen vorgestellt.,noun,clinical-communication,c1;medical,C1_lesson_3
C1_v151,C1,Vorstellungsgrund,der,die Vorstellungsgründe,reason for presentation,Der Vorstellungsgrund war akute Atemnot.,noun,clinical-communication,c1;medical,C1_lesson_3
C1_v152,C1,Grunderkrankung,die,die Grunderkrankungen,underlying disease,Die Grunderkrankung ist ein insulinpflichtiger Diabetes mellitus.,noun,clinical-communication,c1;medical,C1_lesson_3
C1_v153,C1,Nebendiagnose,die,die Nebendiagnosen,secondary diagnosis,Als Nebendiagnose wurde eine arterielle Hypertonie festgestellt.,noun,clinical-communication,c1;medical,C1_lesson_3
C1_v154,C1,Risikofaktor,der,die Risikofaktoren,risk factor,Zu den kardiovaskulären Risikofaktoren zählen Rauchen und Bewegungsmangel.,noun,clinical-communication,c1;medical,C1_lesson_3
C1_v155,C1,Familienanamnese,die,die Familienanamnesen,family history,Die Familienanamnese ergab gehäuftes Auftreten von Krebserkrankungen.,noun,clinical-communication,c1;medical,C1_lesson_3
C1_v156,C1,Auslöser,der,die Auslöser,trigger,Der Auslöser der allergischen Reaktion konnte identifiziert werden.,noun,clinical-communication,c1;medical,C1_lesson_3
C1_v157,C1,Komorbidität,die,die Komorbiditäten,comorbidity,Die Komorbidität erschwert die Wahl der optimalen Therapie.,noun,clinical-communication,c1;medical,C1_lesson_3
C1_v158,C1,Verlaufsbericht,der,die Verlaufsberichte,progress report,Der Verlaufsbericht dokumentiert den Heilungsprozess des Patienten.,noun,arztbrief,c1;medical,C1_lesson_3
C1_v159,C1,Entlassungsbericht,der,die Entlassungsberichte,discharge report,Der Entlassungsbericht wurde dem Hausarzt übermittelt.,noun,arztbrief,c1;medical,C1_lesson_3
C1_v160,C1,Aufnahmediagnose,die,die Aufnahmediagnosen,admission diagnosis,Die Aufnahmediagnose lautete akutes Koronarsyndrom.,noun,arztbrief,c1;medical,C1_lesson_3
C1_v161,C1,Entlassungsdiagnose,die,die Entlassungsdiagnosen,discharge diagnosis,Die Entlassungsdiagnose wurde nach den finalen Untersuchungen festgelegt.,noun,arztbrief,c1;medical,C1_lesson_3
C1_v162,C1,Medikationsplan,der,die Medikationspläne,medication schedule,Der Medikationsplan wurde dem Patienten ausgehändigt.,noun,arztbrief,c1;medical,C1_lesson_3
C1_v163,C1,weiterbehandelnde Arzt,der,die weiterbehandelnden Ärzte,physician continuing treatment,Der weiterbehandelnde Arzt wurde über die Entlassung informiert.,noun,arztbrief,c1;medical,C1_lesson_3
C1_v164,C1,Wiedervorstellung,die,die Wiedervorstellungen,follow-up appointment,Die Wiedervorstellung zur Kontrolle ist in vier Wochen geplant.,noun,arztbrief,c1;medical,C1_lesson_3
C1_v165,C1,Überleitungsbogen,der,die Überleitungsbögen,transfer form,Der Überleitungsbogen enthält alle relevanten pflegerischen Informationen.,noun,arztbrief,c1;medical,C1_lesson_3
C1_v166,C1,Dosierungsempfehlung,die,die Dosierungsempfehlungen,dosage recommendation,Die Dosierungsempfehlung orientiert sich an der Nierenfunktion.,noun,clinical-communication,c1;medical,C1_lesson_3
C1_v167,C1,Ausschluss,der,Ausschuesse,exclusion,Der Ausschluss anderer Ursachen erfolgte durch bildgebende Verfahren.,noun,clinical-communication,c1;medical,C1_lesson_14
C1_v168,C1,Abklärung,die,die Abklärungen,clarification/investigation,Zur weiteren Abklärung wurde ein MRT veranlasst.,noun,clinical-communication,c1;medical,C1_lesson_14
C1_v169,C1,Verdachtsdiagnose,die,die Verdachtsdiagnosen,presumed diagnosis,Die Verdachtsdiagnose lautet Appendizitis.,noun,clinical-communication,c1;medical,C1_lesson_14
C1_v170,C1,Laborbefund,der,die Laborbefunde,lab result,Die Laborbefunde bestätigten den Verdacht auf eine Infektion.,noun,clinical-communication,c1;medical,C1_lesson_14
C1_v171,C1,Ausschlussgrund,der,die Ausschlussgründe,reason for exclusion,Der Ausschlussgrund war eine bestehende Schwangerschaft.,noun,clinical-communication,c1;medical,C1_lesson_14
C1_v172,C1,wegweisende Untersuchung,die,die wegweisenden Untersuchungen,key diagnostic test,Die wegweisende Untersuchung war die Computertomographie des Thorax.,noun,clinical-communication,c1;medical,C1_lesson_14
C1_v173,C1,Leitlinie,die,die Leitlinien,guideline,Die Behandlung erfolgte nach der aktuellen S3-Leitlinie.,noun,evidence,c1;medical,C1_lesson_6
C1_v174,C1,Studienlage,die,,state of evidence,Die Studienlage zur Wirksamkeit der Therapie ist eindeutig.,noun,evidence,c1;medical,C1_lesson_6
C1_v175,C1,Evidenzniveau,das,die Evidenzniveaus,level of evidence,Das Evidenzniveau dieser Empfehlung ist hoch.,noun,evidence,c1;medical,C1_lesson_6
C1_v176,C1,Therapieempfehlung,die,die Therapieempfehlungen,treatment recommendation,Die Therapieempfehlung basiert auf randomisierten kontrollierten Studien.,noun,evidence,c1;medical,C1_lesson_6
C1_v177,C1,Endpunkt,der,die Endpunkte,endpoint,Der primäre Endpunkt der Studie war die Gesamtmortalität.,noun,evidence,c1;medical,C1_lesson_6
C1_v178,C1,Subgruppe,die,die Subgruppen,subgroup,In der Subgruppe der älteren Patienten zeigte sich ein besonderer Nutzen.,noun,evidence,c1;medical,C1_lesson_6
C1_v179,C1,Konfidenzintervall,die,die Konfidenzintervalle,confidence interval,"Das Konfidenzintervall lag zwischen 1,2 und 2,8.",noun,evidence,c1;medical,C1_lesson_6
C1_v180,C1,Odds Ratio,die,Odds Ratios,odds ratio,"Die Odds Ratio betrug 1,8 mit einem signifikanten p-Wert.",noun,evidence,c1;medical,C1_lesson_6
C1_v181,C1,Standardabweichung,die,die Standardabweichungen,standard deviation,Die Standardabweichung der Messwerte war akzeptabel.,noun,evidence,c1;medical,C1_lesson_6
C1_v182,C1,Mittelwert,der,die Mittelwerte,mean value,Der Mittelwert der Blutdruckwerte sank unter der Therapie.,noun,evidence,c1;medical,C1_lesson_6
C1_v183,C1,Fallzahl,die,die Fallzahlen,number of cases,Die Fallzahl war zu gering für eine valide statistische Aussage.,noun,evidence,c1;medical,C1_lesson_6
C1_v184,C1,Verteilungsanalyse,die,die Verteilungsanalysen,distribution analysis,Die Verteilungsanalyse zeigte eine Normalverteilung der Daten.,noun,methodology,c1;medical,C1_lesson_6
C1_v185,C1,Regressionsanalyse,die,die Regressionsanalysen,regression analysis,In der Regressionsanalyse wurden mehrere Confounder berücksichtigt.,noun,methodology,c1;medical,C1_lesson_6
C1_v186,C1,Korrelationsanalyse,die,die Korrelationsanalysen,correlation analysis,Die Korrelationsanalyse ergab einen starken positiven Zusammenhang.,noun,methodology,c1;medical,C1_lesson_6
C1_v187,C1,Effektstärke,die,die Effektstärken,effect size,"Die Effektstärke war mit einem Cohen d von 0,8 als groß einzustufen.",noun,methodology,c1;medical,C1_lesson_6
C1_v188,C1,p-Wert,der,p-Werte,p-value,"Ein p-Wert unter 0,05 wurde als statistisch signifikant betrachtet.",noun,methodology,c1;medical,C1_lesson_6
C1_v189,C1,Berufsordnung,die,die Berufsordnungen,code of professional conduct,Die Berufsordnung für Ärzte regelt die standesrechtlichen Pflichten.,noun,administration,c1;medical,C1_lesson_2
C1_v190,C1,Approbation,die,die Approbationen,medical license,Die Approbation berechtigt zur Ausübung des ärztlichen Berufs.,noun,administration,c1;medical,C1_lesson_2
C1_v191,C1,Gebührenordnung,die,die Gebührenordnungen,fee schedule,Die Abrechnung erfolgte nach der Gebührenordnung für Ärzte.,noun,administration,c1;medical,C1_lesson_2
C1_v192,C1,Haftpflichtversicherung,die,die Haftpflichtversicherungen,professional liability insurance,Jeder Arzt benötigt eine Haftpflichtversicherung.,noun,administration,c1;medical,C1_lesson_2
C1_v193,C1,Belegarzt,der,die Belegärzte,attending physician,Der Belegarzt behandelt seine Patienten im Krankenhaus.,noun,administration,c1;medical,C1_lesson_2
C1_v194,C1,Verordnung,die,die Verordnungen,prescription/order,Die Verordnung muss vom Arzt handschriftlich unterzeichnet werden.,noun,administration,c1;medical,C1_lesson_2
C1_v195,C1,Zuzahlung,die,die Zuzahlungen,co-payment,Der Patient muss eine Zuzahlung von zehn Euro leisten.,noun,administration,c1;medical,C1_lesson_2
C1_v196,C1,Krankenhausreform,die,die Krankenhausreformen,hospital reform,Die Krankenhausreform sieht eine Vergütung nach Behandlungsqualität vor.,noun,health-policy,c1;medical,C1_lesson_2
C1_v197,C1,widerlegen,,,to refute,Die Hypothese konnte experimentell widerlegt werden.,other,argumentation,c1,C1_lesson_1
C1_v198,C1,befürworten,,,to advocate/support,Die Mehrheit der Experten befürwortet diese Vorgehensweise.,other,argumentation,c1,C1_lesson_1
C1_v199,C1,kritisieren,,,to criticize,Die Methodik der Studie wurde scharf kritisiert.,other,argumentation,c1,C1_lesson_1
C1_v200,C1,in Frage stellen,,,to question/challenge,Die Validität der Ergebnisse wurde in Frage gestellt.,other,argumentation,c1,C1_lesson_1
C1_v201,C1,argumentieren,,,to argue,Der Autor argumentiert überzeugend für die neue Therapieform.,other,argumentation,c1,C1_lesson_1
C1_v202,C1,entgegnen,,,to counter/reply,"Dem Kritiker ist entgegenzuhalten, dass die Datenlage unzureichend ist.",other,argumentation,c1,C1_lesson_1
C1_v203,C1,plädieren,,,to plead/argue for,Die Fachgesellschaft plädiert für eine engmaschigere Kontrolle.,other,argumentation,c1,C1_lesson_1
C1_v204,C1,einwenden,,,to object,Gegen diese Interpretation ist einiges einzuwenden.,other,argumentation,c1,C1_lesson_1
C1_v205,C1,bestreiten,,,to dispute,Die Wirksamkeit dieser Methode wird von vielen Fachleuten bestritten.,other,argumentation,c1,C1_lesson_1
C1_v206,C1,im Hinblick auf,,,with regard to,Im Hinblick auf die Risiken ist die Therapie kritisch zu bewerten.,other,argumentation,c1,C1_lesson_7
C1_v207,C1,unter Berücksichtigung,,,taking into account,Unter Berücksichtigung der Komorbiditäten wurde die Dosis angepasst.,other,argumentation,c1,C1_lesson_7
C1_v208,C1,vor dem Hintergrund,,,against the background of,Vor dem Hintergrund der demografischen Entwicklung gewinnt die Altersmedizin an Bedeutung.,other,argumentation,c1,C1_lesson_7
C1_v209,C1,in Ermangelung,,,in the absence of,In Ermangelung alternativer Behandlungsmöglichkeiten wurde die Operation durchgeführt.,other,argumentation,c1,C1_lesson_7
C1_v210,C1,im Gegensatz dazu,,,in contrast to this,Im Gegensatz dazu zeigte die Kontrollgruppe keine Verbesserung.,other,argumentation,c1,C1_lesson_7
C1_v211,C1,ungeachtet,,,regardless of,Ungeachtet der Nebenwirkungen wurde die Therapie fortgesetzt.,other,argumentation,c1,C1_lesson_7
C1_v212,C1,insbesondere,,,in particular/especially,Insbesondere die Langzeitergebnisse sind vielversprechend.,other,argumentation,c1,C1_lesson_7
C1_v213,C1,demgegenüber,,,in contrast/on the other hand,Demgegenüber stehen die potenziellen Risiken der Behandlung.,other,argumentation,c1,C1_lesson_7
C1_v214,C1,Eingriff,der,die Eingriffe,procedure/intervention,Der operative Eingriff verlief ohne Komplikationen.,noun,clinical-communication,c1;medical,C1_lesson_14
C1_v215,C1,operative Zugang,der,die operativen Zugänge,surgical approach,Der operative Zugang erfolgte über einen medianen Schnitt.,noun,clinical-communication,c1;medical,C1_lesson_14
C1_v216,C1,Komplikationsrate,die,die Komplikationsraten,complication rate,Die Komplikationsrate lag unter einem Prozent.,noun,clinical-communication,c1;medical,C1_lesson_14
C1_v217,C1,Heilungsverlauf,der,die Heilungsverläufe,healing process,Der Heilungsverlauf war aufgrund des Alters des Patienten verzögert.,noun,clinical-communication,c1;medical,C1_lesson_14
C1_v218,C1,Wundheilung,die,,wound healing,Die Wundheilung wurde durch die Diabeteserkrankung beeinträchtigt.,noun,clinical-communication,c1;medical,C1_lesson_14
C1_v219,C1,Therapieabbruch,der,die Therapieabbrüche,treatment discontinuation,Der Therapieabbruch erfolgte aufgrund schwerer Nebenwirkungen.,noun,clinical-communication,c1;medical,C1_lesson_14
C1_v220,C1,Nachblutung,die,die Nachblutungen,post-operative bleeding,Eine Nachblutung machte eine erneute Operation erforderlich.,noun,clinical-communication,c1;medical,C1_lesson_14
C1_v221,C1,Patientensicherheit,die,,patient safety,Die Patientensicherheit hat im Krankenhaus oberste Priorität.,noun,clinical-communication,c1;medical,C1_lesson_6
C1_v222,C1,Risikomanagement,das,,risk management,Ein systematisches Risikomanagement kann Behandlungsfehler vermeiden.,noun,risk-benefit,c1;medical,C1_lesson_6
C1_v223,C1,Fehlermanagement,das,,error management,Ein offenes Fehlermanagement verbessert die Behandlungsqualität.,noun,risk-benefit,c1;medical,C1_lesson_6
C1_v224,C1,Qualitätssicherung,die,,quality assurance,Die Qualitätssicherung umfasst regelmäßige Fortbildungen des Personals.,noun,health-policy,c1;medical,C1_lesson_6
C1_v225,C1,Zertifizierung,die,die Zertifizierungen,certification,Die Klinik hat eine Zertifizierung nach DIN EN ISO 9001 erhalten.,noun,health-policy,c1;medical,C1_lesson_6
C1_v226,C1,Hygienemanagement,das,,hygiene management,Ein effektives Hygienemanagement reduziert nosokomiale Infektionen.,noun,clinical-communication,c1;medical,C1_lesson_6
C1_v227,C1,Meldesystem,das,die Meldesysteme,reporting system,Das Meldesystem für Nebenwirkungen muss verbessert werden.,noun,clinical-communication,c1;medical,C1_lesson_6
C1_v228,C1,Aufklärungsgespräch,das,die Aufklärungsgespräche,information/consent discussion,Das Aufklärungsgespräch wurde dokumentiert und vom Patienten unterschrieben.,noun,consent,c1;medical,C1_lesson_3
C1_v229,C1,Risikoaufklärung,die,,risk disclosure,Die Risikoaufklärung erfolgte rechtzeitig vor dem Eingriff.,noun,risk-benefit,c1;medical,C1_lesson_3
C1_v230,C1,Therapievorschlag,der,die Therapievorschläge,treatment proposal,Der Therapievorschlag wurde gemeinsam mit dem Patienten erarbeitet.,noun,consent,c1;medical,C1_lesson_3
C1_v231,C1,Entscheidungsfindung,die,,decision-making,Die Entscheidungsfindung erfolgte im Rahmen eines gemeinsamen Gesprächs.,noun,risk-benefit,c1;medical,C1_lesson_3
C1_v232,C1,Behandlungsvertrag,der,die Behandlungsverträge,treatment contract,Der Behandlungsvertrag kommt durch die Annahme des Patienten zustande.,noun,consent,c1;medical,C1_lesson_3
C1_v233,C1,Beschwerdemanagement,das,,complaint management,Ein professionelles Beschwerdemanagement trägt zur Patientenzufriedenheit bei.,noun,consent,c1;medical,C1_lesson_3
C1_v234,C1,Patientenwille,der,,patient will,Der Patientenwille ist auch bei fehlender Einwilligungsfähigkeit zu respektieren.,noun,ethics,c1;medical,C1_lesson_3
C1_v235,C1,Selbstbestimmung,die,,self-determination,Das Recht auf Selbstbestimmung ist in der Verfassung verankert.,noun,ethics,c1;medical,C1_lesson_13
C1_v236,C1,Patientenwohl,das,,patient welfare,Das Patientenwohl steht im Mittelpunkt allen ärztlichen Handelns.,noun,ethics,c1;medical,C1_lesson_13
C1_v237,C1,Therapieverzicht,der,die Therapieverzichte,withholding of treatment,Der Therapieverzicht wurde nach ausführlicher Beratung beschlossen.,noun,consent,c1;medical,C1_lesson_13
C1_v238,C1,Organspendeerklärung,die,die Organspendeerklärungen,organ donation declaration,Die Organspendeerklärung kann jederzeit widerrufen werden.,noun,consent,c1;medical,C1_lesson_13
C1_v239,C1,Palliativversorgung,die,,palliative care,Die Palliativversorgung zielt auf die Linderung von Symptomen ab.,noun,ethics,c1;medical,C1_lesson_13
C1_v240,C1,Mundpflege,die,,oral care,Die Mundpflege ist ein wichtiger Bestandteil der Palliativversorgung.,noun,clinical-communication,c1;medical,C1_lesson_13
C1_v241,C1,Symptomkontrolle,die,,symptom control,Die Symptomkontrolle ist das primäre Ziel der Palliativtherapie.,noun,clinical-communication,c1;medical,C1_lesson_13
C1_v242,C1,Sterbebegleitung,die,,end-of-life care,Die Sterbebegleitung erfolgt durch ein interdisziplinäres Team.,noun,ethics,c1;medical,C1_lesson_13
C1_v243,C1,Blutdruckverlauf,der,die Blutdruckverläufe,blood pressure progression,Der Blutdruckverlauf wurde mittels Langzeitmessung dokumentiert.,noun,clinical-communication,c1;medical,C1_lesson_3
C1_v244,C1,Blutzuckereinstellung,die,,blood glucose control,Die Blutzuckereinstellung gelang erst nach mehrmaliger Dosisanpassung.,noun,clinical-communication,c1;medical,C1_lesson_3
C1_v245,C1,Herzinsuffizienz,die,,heart failure,Die Herzinsuffizienz wurde medikamentös und durch Lebensstiländerung behandelt.,noun,clinical-communication,c1;medical,C1_lesson_3
C1_v246,C1,Niereninsuffizienz,die,,renal insufficiency,Die Niereninsuffizienz erforderte eine Anpassung der Medikamentendosis.,noun,clinical-communication,c1;medical,C1_lesson_3
C1_v247,C1,Leberfunktionsstörung,die,die Leberfunktionsstörungen,liver dysfunction,Die Leberfunktionsstörung wurde durch regelmäßige Kontrollen überwacht.,noun,clinical-communication,c1;medical,C1_lesson_3
C1_v248,C1,Stoffwechselerkrankung,die,die Stoffwechselerkrankungen,metabolic disease,Die Stoffwechselerkrankung erforderte eine interdisziplinäre Behandlung.,noun,clinical-communication,c1;medical,C1_lesson_3
C1_v249,C1,chronisch obstruktive Lungenerkrankung,die,,chronic obstructive pulmonary disease,Die chronisch obstruktive Lungenerkrankung schreitet trotz Therapie langsam voran.,noun,clinical-communication,c1;medical,C1_lesson_3
C1_v250,C1,Verdacht auf,,,suspicion of,Es bestand der Verdacht auf eine tiefe Beinvenenthrombose.,other,clinical-communication,c1;medical,C1_lesson_3
C1_v251,C1,Fraktur,die,die Frakturen,fracture,Die Fraktur wurde mittels Osteosynthese versorgt.,noun,clinical-communication,c1;medical,C1_lesson_14
C1_v252,C1,Gelenkerguss,der,die Gelenkergüsse,joint effusion,Der Gelenkerguss wurde sonografisch dargestellt und punktiert.,noun,clinical-communication,c1;medical,C1_lesson_14
C1_v253,C1,Bandscheibenvorwölbung,die,die Bandscheibenvorwölbungen,disc protrusion,Die Bandscheibenvorwölbung verursachte ausstrahlende Schmerzen ins Bein.,noun,clinical-communication,c1;medical,C1_lesson_14
C1_v254,C1,Luxation,die,die Luxationen,dislocation,Die Luxation des Schultergelenks wurde in Narkose reponiert.,noun,clinical-communication,c1;medical,C1_lesson_14
C1_v255,C1,Osteoporose,die,,osteoporosis,Die Osteoporose erhöht das Risiko für Wirbelkörperfrakturen erheblich.,noun,clinical-communication,c1;medical,C1_lesson_14
C1_v256,C1,Bewegungsumfang,der,die Bewegungsumfänge,range of motion,Der Bewegungsumfang des Kniegelenks war deutlich eingeschränkt.,noun,clinical-communication,c1;medical,C1_lesson_14
C1_v257,C1,Belastbarkeit,die,,weight-bearing capacity,Die Belastbarkeit des operierten Beins ist für vier Wochen eingeschränkt.,noun,clinical-communication,c1;medical,C1_lesson_14
C1_v258,C1,Sehnenriss,der,die Sehnenrisse,tendon rupture,Der Sehnenriss wurde operativ durch eine Naht versorgt.,noun,clinical-communication,c1;medical,C1_lesson_14
C1_v259,C1,Schlaganfall,der,die Schlaganfälle,stroke,Der Schlaganfall führte zu einer Hemiparese der rechten Körperhälfte.,noun,clinical-communication,c1;medical,C1_lesson_14
C1_v260,C1,zerebrale Ischämie,die,die zerebralen Ischämien,cerebral ischemia,Die zerebrale Ischämie wurde durch eine Embolie ausgelöst.,noun,clinical-communication,c1;medical,C1_lesson_14
C1_v261,C1,Krampfanfall,der,die Krampfanfälle,seizure,Der Krampfanfall wurde mit einem Benzodiazepin durchbrochen.,noun,clinical-communication,c1;medical,C1_lesson_14
C1_v262,C1,Multiple Sklerose,die,,multiple sclerosis,Die Multiple Sklerose zeigte einen schubförmigen Verlauf.,noun,clinical-communication,c1;medical,C1_lesson_14
C1_v263,C1,Parkinson-Syndrom,das,,Parkinson syndrome,Das Parkinson-Syndrom wurde mit Levodopa behandelt.,noun,clinical-communication,c1;medical,C1_lesson_14
C1_v264,C1,Bewusstseinsstörung,die,die Bewusstseinsstörungen,consciousness disorder,Die Bewusstseinsstörung wurde durch ein Schädel-Hirn-Trauma verursacht.,noun,clinical-communication,c1;medical,C1_lesson_14
C1_v265,C1,Sensibilitätsdefizit,das,die Sensibilitätsdefizite,sensory deficit,Das Sensibilitätsdefizit betraf die gesamte linke Körperseite.,noun,clinical-communication,c1;medical,C1_lesson_14
C1_v266,C1,Fazialisparese,die,die Fazialisparesen,facial nerve palsy,Die Fazialisparese besserte sich unter Kortisontherapie vollständig.,noun,clinical-communication,c1;medical,C1_lesson_14
C1_v267,C1,affektive Störung,die,die affektiven Störungen,affective disorder,Die affektive Störung wurde mit einem selektiven Serotonin-Wiederaufnahmehemmer behandelt.,noun,clinical-communication,c1;medical,C1_lesson_12
C1_v268,C1,Psychopharmakotherapie,die,,psychopharmacotherapy,Die Psychopharmakotherapie wurde durch eine Psychotherapie ergänzt.,noun,clinical-communication,c1;medical,C1_lesson_12
C1_v269,C1,Somatisierungsstörung,die,die Somatisierungsstörungen,somatization disorder,Die Somatisierungsstörung äußerte sich in wiederkehrenden Bauchschmerzen.,noun,clinical-communication,c1;medical,C1_lesson_12
C1_v270,C1,Behandlungsabbruch,der,die Behandlungsabbrüche,discontinuation of treatment,Der Behandlungsabbruch erfolgte aufgrund mangelnder Therapiecompliance.,noun,clinical-communication,c1;medical,C1_lesson_12
C1_v271,C1,Operationsverlauf,der,die Operationsverläufe,surgical course,Der Operationsverlauf war bis auf eine kurzzeitige Hypotension komplikationslos.,noun,clinical-communication,c1;medical,C1_lesson_14
C1_v272,C1,Narkoseeinleitung,die,die Narkoseeinleitungen,induction of anesthesia,Die Narkoseeinleitung erfolgte standardisiert mit Propofol und Remifentanil.,noun,clinical-communication,c1;medical,C1_lesson_14
C1_v273,C1,Hautschnitt,der,die Hautschnitte,skin incision,Der Hautschnitt erfolgte entlang der Langer-Linien.,noun,clinical-communication,c1;medical,C1_lesson_14
C1_v274,C1,Wundinfektion,die,die Wundinfektionen,wound infection,Die Wundinfektion wurde mit einem Antibiotikum behandelt.,noun,clinical-communication,c1;medical,C1_lesson_14
C1_v275,C1,Nahtdehiszenz,die,die Nahtdehiszenzen,wound dehiscence,Die Nahtdehiszenz erforderte eine sekundäre Wundversorgung.,noun,clinical-communication,c1;medical,C1_lesson_14
C1_v276,C1,postoperative Überwachung,die,,postoperative monitoring,Die postoperative Überwachung erfolgte auf der Intensivstation.,noun,clinical-communication,c1;medical,C1_lesson_14
C1_v277,C1,Drainagezugang,der,die Drainagezugänge,drain access,Der Drainagezugang wurde am zweiten postoperativen Tag entfernt.,noun,clinical-communication,c1;medical,C1_lesson_14
C1_v278,C1,Notarzteinsatz,der,die Notarzteinsätze,emergency physician operation,Der Notarzteinsatz erfolgte wegen eines bewusstlosen Patienten.,noun,clinical-communication,c1;medical,C1_lesson_14
C1_v279,C1,Reanimation,die,die Reanimationen,resuscitation,Die Reanimation wurde nach fünfzehn Minuten erfolgreich beendet.,noun,clinical-communication,c1;medical,C1_lesson_14
C1_v280,C1,Kreislaufstillstand,der,die Kreislaufstillstände,cardiac arrest,Der Kreislaufstillstand wurde durch Kammerflimmern verursacht.,noun,clinical-communication,c1;medical,C1_lesson_14
C1_v281,C1,Intubation,die,die Intubationen,intubation,Die Intubation erfolgte aufgrund einer respiratorischen Insuffizienz.,noun,clinical-communication,c1;medical,C1_lesson_14
C1_v282,C1,Volumenmangel,der,Volumenmangel,volume depletion,Der Volumenmangel wurde durch Infusionstherapie ausgeglichen.,noun,clinical-communication,c1;medical,C1_lesson_14
C1_v283,C1,Schockraumversorgung,die,,trauma room care,Die Schockraumversorgung erfolgte nach dem Advanced Trauma Life Support Protokoll.,noun,clinical-communication,c1;medical,C1_lesson_14
C1_v284,C1,akute Thoraxschmerz,der,die akuten Thoraxschmerzen,acute chest pain,Der akute Thoraxschmerz wurde umgehend kardiologisch abgeklärt.,noun,clinical-communication,c1;medical,C1_lesson_14
C1_v285,C1,Beatmung,die,die Beatmungen,mechanical ventilation,Die Beatmung erfolgte im drucksicheren Modus.,noun,clinical-communication,c1;medical,C1_lesson_14
C1_v286,C1,Bildgebung,die,,imaging,Die Bildgebung zeigte einen raumfordernden Prozess im rechten Oberlappen.,noun,clinical-communication,c1;medical,C1_lesson_14
C1_v287,C1,Ultraschallbefund,der,die Ultraschallbefunde,ultrasound finding,Der Ultraschallbefund ergab eine freie Flüssigkeit im Abdomen.,noun,clinical-communication,c1;medical,C1_lesson_14
C1_v288,C1,Computertomographie,die,die Computertomographien,computed tomography,Die Computertomographie des Thorax bestätigte den Verdacht auf eine Lungenembolie.,noun,clinical-communication,c1;medical,C1_lesson_14
C1_v289,C1,Magnetresonanztomographie,die,die Magnetresonanztomographien,magnetic resonance imaging,Die Magnetresonanztomographie des Kniegelenks zeigte einen Meniskusriss.,noun,clinical-communication,c1;medical,C1_lesson_14
C1_v290,C1,Kontrastmittelgabe,die,die Kontrastmittelgaben,contrast administration,Nach Kontrastmittelgabe zeigte sich eine deutliche Anreicherung.,noun,clinical-communication,c1;medical,C1_lesson_14
C1_v291,C1,Knochenszintigraphie,die,,bone scintigraphy,Die Knochenszintigraphie zeigte Mehranreicherungen in mehreren Wirbelkörpern.,noun,clinical-communication,c1;medical,C1_lesson_14
C1_v292,C1,Strahlenbelastung,die,die Strahlenbelastungen,radiation exposure,Die Strahlenbelastung durch die Untersuchung war gering.,noun,clinical-communication,c1;medical,C1_lesson_14
C1_v293,C1,Entzündungsparameter,der,die Entzündungsparameter,inflammatory marker,Die Entzündungsparameter waren mit einem CRP von 120 mg/l deutlich erhöht.,noun,clinical-communication,c1;medical,C1_lesson_6
C1_v294,C1,Blutbild,das,die Blutbilder,blood count,Das Blutbild zeigte eine Leukozytose mit Linksverschiebung.,noun,clinical-communication,c1;medical,C1_lesson_6
C1_v295,C1,Gerinnungsstatus,der,die Gerinnungsstatusse,coagulation status,"Der Gerinnungsstatus war mit einer INR von 1,0 unauffällig.",noun,clinical-communication,c1;medical,C1_lesson_6
C1_v296,C1,Nierenretentionsparameter,der,Nierenretentionsparameter,renal retention parameters,Die Nierenretentionsparameter zeigten einen Anstieg des Kreatinins.,noun,clinical-communication,c1;medical,C1_lesson_6
C1_v297,C1,Leberwerte,die,,liver values,Die Leberwerte waren im Rahmen einer Cholestase erhöht.,noun,clinical-communication,c1;medical,C1_lesson_6
C1_v298,C1,Blutkultur,die,die Blutkulturen,blood culture,Die Blutkultur erbrachte den Nachweis von Staphylococcus aureus.,noun,clinical-communication,c1;medical,C1_lesson_6
C1_v299,C1,Antibiogramm,das,die Antibiogramme,antibiogram,Das Antibiogramm zeigte eine Resistenz gegen Ciprofloxacin.,noun,clinical-communication,c1;medical,C1_lesson_6
C1_v300,C1,Referenzbereich,der,die Referenzbereiche,reference range,Der Wert lag außerhalb des Referenzbereichs und bedarf der Abklärung.,noun,clinical-communication,c1;medical,C1_lesson_6
C1_v301,C1,Nebenwirkungsprofil,das,die Nebenwirkungsprofile,side effect profile,Das Nebenwirkungsprofil des neuen Medikaments ist günstig.,noun,clinical-communication,c1;medical,C1_lesson_4
C1_v302,C1,Dosistitration,die,die Dosistitrationen,dose titration,Die Dosistitration erfolgte langsam bis zur Zielosis.,noun,clinical-communication,c1;medical,C1_lesson_4
C1_v303,C1,Unverträglichkeitsreaktion,die,die Unverträglichkeitsreaktionen,intolerance reaction,Die Unverträglichkeitsreaktion äußerte sich in Übelkeit und Erbrechen.,noun,clinical-communication,c1;medical,C1_lesson_4
C1_v304,C1,Therapieversuch,der,die Therapieversuche,therapeutic trial,Nach erfolglosem Therapieversuch mit Metformin wurde auf Insulin umgestellt.,noun,clinical-communication,c1;medical,C1_lesson_4
C1_v305,C1,Medikamentenmonitoring,das,,drug monitoring,Das Medikamentenmonitoring umfasst regelmäßige Blutspiegelkontrollen.,noun,clinical-communication,c1;medical,C1_lesson_4
C1_v306,C1,Aufdosierung,die,die Aufdosierungen,dose escalation,Die Aufdosierung des Antidepressivums erfolgte einschleichend.,noun,clinical-communication,c1;medical,C1_lesson_4
C1_v307,C1,ärztliche Beratung,die,die ärztlichen Beratungen,medical consultation,Die ärztliche Beratung umfasste eine ausführliche Besprechung der Therapieoptionen.,noun,clinical-communication,c1;medical,C1_lesson_3
C1_v308,C1,Behandlungsplan,der,die Behandlungspläne,treatment plan,Der Behandlungsplan wurde gemeinsam mit dem Patienten erstellt.,noun,clinical-communication,c1;medical,C1_lesson_3
C1_v309,C1,Aufklärungsbogen,der,die Aufklärungsbögen,consent form,Der Aufklärungsbogen wurde vom Patienten unterschrieben und in der Akte abgelegt.,noun,clinical-communication,c1;medical,C1_lesson_3
C1_v310,C1,Informationsvermittlung,die,,provision of information,Eine verständliche Informationsvermittlung ist entscheidend für die Therapietreue.,noun,clinical-communication,c1;medical,C1_lesson_3
C1_v311,C1,Entscheidungskonflikt,der,die Entscheidungskonflikte,decisional conflict,Der Entscheidungskonflikt des Patienten wurde im gemeinsamen Gespräch gelöst.,noun,clinical-communication,c1;medical,C1_lesson_3
C1_v312,C1,Therapieadhärenz,die,,therapy adherence,Die Therapieadhärenz wurde durch ein Patiententagebuch verbessert.,noun,clinical-communication,c1;medical,C1_lesson_3
C1_v313,C1,Risikokommunikation,die,,risk communication,Eine effektive Risikokommunikation ist Voraussetzung für die informierte Einwilligung.,noun,clinical-communication,c1;medical,C1_lesson_3
C1_v314,C1,Lebensqualität,die,,quality of life,Die Verbesserung der Lebensqualität ist das wichtigste Therapieziel.,noun,clinical-communication,c1;medical,C1_lesson_3
C1_v315,C1,Pneumonie,die,die Pneumonien,pneumonia,Die Pneumonie wurde mit einem Breitbandantibiotikum behandelt.,noun,clinical-communication,c1;medical,C1_lesson_3
C1_v316,C1,Harnwegsinfektion,die,die Harnwegsinfektionen,urinary tract infection,Die Harnwegsinfektion sprach gut auf die antibiotische Therapie an.,noun,clinical-communication,c1;medical,C1_lesson_3
C1_v317,C1,Thrombose,die,die Thrombosen,thrombosis,Die Thrombose im Unterschenkel wurde sonographisch nachgewiesen.,noun,clinical-communication,c1;medical,C1_lesson_3
C1_v318,C1,Lungenembolie,die,die Lungenembolien,pulmonary embolism,Die Lungenembolie war die gefürchtete Komplikation der tiefen Beinvenenthrombose.,noun,clinical-communication,c1;medical,C1_lesson_3
C1_v319,C1,Sepsis,die,Sepsen,sepsis,Die Sepsis erforderte eine intensivmedizinische Behandlung mit Vasopressoren.,noun,clinical-communication,c1;medical,C1_lesson_3
C1_v320,C1,Anämie,die,die Anämien,anemia,Die Anämie war durch Eisenmangel bedingt und sprach gut auf orale Substitution an.,noun,clinical-communication,c1;medical,C1_lesson_3
C1_v321,C1,Hypertonie,die,,hypertension,Die Hypertonie wurde mit einer Kombinationstherapie eingestellt.,noun,clinical-communication,c1;medical,C1_lesson_3
C1_v322,C1,neurologische Status,der,,neurological status,Der neurologische Status war bis auf eine leichte Gangunsicherheit unauffällig.,noun,,c1;medical,C1_lesson_14
C1_v323,C1,Elektroenzephalogramm,das,die Elektroenzephalogramme,electroencephalogram,Das Elektroenzephalogramm zeigte eine generalisierte Verlangsamung.,noun,,c1;medical,C1_lesson_14
C1_v324,C1,Liquoruntersuchung,die,die Liquoruntersuchungen,cerebrospinal fluid analysis,Die Liquoruntersuchung ergab eine lymphozytäre Pleozytose.,noun,,c1;medical,C1_lesson_14
C1_v325,C1,Hirndruck,der,,intracranial pressure,Der Hirndruck wurde mittels Ventrikeldrainage kontinuierlich gemessen.,noun,,c1;medical,C1_lesson_14
C1_v326,C1,Verhaltenstherapie,die,,behavioral therapy,"Die Verhaltenstherapie half dem Patienten, seine Angstsymptome zu reduzieren.",noun,psychology,c1;medical,C1_lesson_12
C1_v327,C1,Burnout-Syndrom,das,,burnout syndrome,Das Burnout-Syndrom wurde durch eine mehrwöchige stationäre Behandlung therapiert.,noun,psychology,c1;medical,C1_lesson_12
C1_v328,C1,posttraumatische Belastungsstörung,die,die posttraumatischen Belastungsstörungen,post-traumatic stress disorder,Die posttraumatische Belastungsstörung wurde traumafokussiert psychotherapiert.,noun,psychology,c1;medical,C1_lesson_12
C1_v329,C1,Laparoskopie,die,die Laparoskopien,laparoscopy,Die Laparoskopie zeigte eine unauffällige Bauchhöhle.,noun,clinical-communication,c1;medical,C1_lesson_14
C1_v330,C1,Resektion,die,die Resektionen,resection,Die Resektion des Tumors erfolgte im Gesunden.,noun,clinical-communication,c1;medical,C1_lesson_14
C1_v331,C1,Anastomose,die,die Anastomosen,anastomosis,Die Anastomose wurde mittels Klammernahttechnik angelegt.,noun,clinical-communication,c1;medical,C1_lesson_14
C1_v332,C1,Wundverschluss,der,die Wundverschlüsse,wound closure,Der Wundverschluss erfolgte schichtweise mit resorbierbarem Nahtmaterial.,noun,clinical-communication,c1;medical,C1_lesson_14
C1_v333,C1,Gebrechlichkeit,die,,frailty,Die Gebrechlichkeit des Patienten erforderte eine angepasste Pflege.,noun,clinical-communication,c1;medical,C1_lesson_3
C1_v334,C1,Sturzprophylaxe,die,,fall prevention,Die Sturzprophylaxe umfasst ein gezieltes Gleichgewichtstraining.,noun,clinical-communication,c1;medical,C1_lesson_3
C1_v335,C1,Polypharmazie,die,,polypharmacy,Bei älteren Patienten ist die Polypharmazie ein häufiges Problem.,noun,clinical-communication,c1;medical,C1_lesson_3
C1_v336,C1,Delir,das,die Delirien,delirium,Das Delir wurde durch die Harnwegsinfektion ausgelöst.,noun,clinical-communication,c1;medical,C1_lesson_3
C1_v337,C1,Erregeridentifikation,die,die Erregeridentifikationen,pathogen identification,Die Erregeridentifikation gelang mittels PCR.,noun,clinical-communication,c1;medical,C1_lesson_3
C1_v338,C1,Resistenztest,der,die Resistenzteste,resistance testing,Der Resistenztest ergab eine Empfindlichkeit gegen Imipenem.,noun,clinical-communication,c1;medical,C1_lesson_3
C1_v339,C1,nosokomiale Infektion,die,die nosokomialen Infektionen,hospital-acquired infection,Die nosokomiale Infektion wurde durch MRSA verursacht.,noun,clinical-communication,c1;medical,C1_lesson_3
C1_v340,C1,Tumornachsorge,die,,tumor follow-up,Die Tumornachsorge umfasst regelmäßige bildgebende Kontrollen.,noun,clinical-communication,c1;medical,C1_lesson_3
C1_v341,C1,Chemotherapie,die,die Chemotherapien,chemotherapy,Die Chemotherapie wurde aufgrund der Nebenwirkungen reduziert.,noun,clinical-communication,c1;medical,C1_lesson_3
C1_v342,C1,Staging,das,,staging,Das Staging ergab ein Tumorstadium T2 N1 M0.,noun,clinical-communication,c1;medical,C1_lesson_3
C1_v343,C1,Facharztprüfung,die,die Facharztprüfungen,specialist examination,Die Facharztprüfung in Innerer Medizin steht im nächsten Monat an.,noun,education,c1;medical,C1_lesson_3
C1_v344,C1,Kenntnisprüfung,die,die Kenntnisprüfungen,knowledge examination,Die Kenntnisprüfung ist Voraussetzung für die Berufsausübung.,noun,education,c1;medical,C1_lesson_3
C1_v345,C1,Anamnesegespräch,das,die Anamnesegespräche,history-taking interview,Das Anamnesegespräch soll strukturiert und patientenzentriert geführt werden.,noun,education,c1;medical,C1_lesson_3
C1_v346,C1,körperliche Untersuchung,die,die körperlichen Untersuchungen,physical examination,Die körperliche Untersuchung ergab einen auffälligen Pulmonalbefund.,noun,clinical-communication,c1;medical,C1_lesson_3
C1_v347,C1,Untersuchungsgang,der,die Untersuchungsgänge,examination sequence,Der Untersuchungsgang folgt dem Schema Inspektion Palpation Perkussion Auskultation.,noun,clinical-communication,c1;medical,C1_lesson_3
C1_v348,C1,Auskultationsbefund,der,die Auskultationsbefunde,auscultation finding,Der Auskultationsbefund zeigte feuchte Rasselgeräusche über beiden Unterfeldern.,noun,clinical-communication,c1;medical,C1_lesson_3
C1_v349,C1,Palpationsbefund,der,die Palpationsbefunde,palpation finding,Der Palpationsbefund ergab einen druckschmerzhaften Oberbauch.,noun,clinical-communication,c1;medical,C1_lesson_3
C1_v350,C1,Differentialdiagnostik,die,,differential diagnostics,Die Differentialdiagnostik umfasst alle Erkrankungen mit ähnlicher Symptomatik.,noun,clinical-communication,c1;medical,C1_lesson_3
C1_v351,C1,Gelenkverschleiß,der,,joint wear,Der Gelenkverschleiß ist altersbedingt und betrifft beide Kniegelenke.,noun,clinical-communication,c1;medical,C1_lesson_14
C1_v352,C1,Arthrose,die,Arthrosen,osteoarthritis,Die Arthrose des Hüftgelenks machte einen Gelenkersatz erforderlich.,noun,clinical-communication,c1;medical,C1_lesson_14
C1_v353,C1,Bandscheibenvorfall,der,die Bandscheibenvorfälle,herniated disc,Der Bandscheibenvorfall in Höhe L4/L5 wurde konservativ behandelt.,noun,clinical-communication,c1;medical,C1_lesson_14
C1_v354,C1,Wirbelsäulenverkrümmung,die,die Wirbelsäulenverkrümmungen,spinal curvature,Die Wirbelsäulenverkrümmung wurde orthopädisch mit einem Korsett versorgt.,noun,clinical-communication,c1;medical,C1_lesson_14
C1_v355,C1,Knochenaufbau,der,,bone grafting,"Der Knochenaufbau war notwendig, um die spätere Implantation zu ermöglichen.",noun,clinical-communication,c1;medical,C1_lesson_14
C1_v356,C1,Endoprothese,die,die Endoprothesen,endoprosthesis,Die Endoprothese des Kniegelenks wurde nach der Operation gut belastet.,noun,clinical-communication,c1;medical,C1_lesson_14
C1_v357,C1,Impingement-Syndrom,das,die Impingement-Syndrome,impingement syndrome,Das Impingement-Syndrom der Schulter wurde arthroskopisch behandelt.,noun,clinical-communication,c1;medical,C1_lesson_14
C1_v358,C1,Kortisoninjektion,die,die Kortisoninjektionen,cortisone injection,Die Kortisoninjektion in das Schultergelenk brachte eine deutliche Schmerzreduktion.,noun,clinical-communication,c1;medical,C1_lesson_14
C1_v359,C1,Operationsrisiko,das,die Operationsrisiken,surgical risk,Das Operationsrisiko wurde vor dem Eingriff ausführlich besprochen.,noun,clinical-communication,c1;medical,C1_lesson_14
C1_v360,C1,Komplikationsmanagement,das,,complication management,Das Komplikationsmanagement umfasst standardisierte Notfallprotokolle.,noun,clinical-communication,c1;medical,C1_lesson_14
C1_v361,C1,Nachuntersuchung,die,die Nachuntersuchungen,follow-up examination,Die Nachuntersuchung ist für sechs Wochen postoperativ geplant.,noun,clinical-communication,c1;medical,C1_lesson_14
C1_v362,C1,Aufklärungsbedarf,der,,need for information/consent,Der Aufklärungsbedarf des Patienten war aufgrund der Komplexität des Eingriffs hoch.,noun,consent,c1;medical,C1_lesson_14
C1_v363,C1,Einwilligungsunfähigkeit,die,,incapacity to consent,Bei Einwilligungsunfähigkeit muss ein Betreuer hinzugezogen werden.,noun,consent,c1;medical,C1_lesson_14
C1_v364,C1,Notfalleingriff,der,die Notfalleingriffe,emergency procedure,Der Notfalleingriff wurde aufgrund einer akuten Blutung durchgeführt.,noun,clinical-communication,c1;medical,C1_lesson_14
C1_v365,C1,Aufklärungsprotokoll,das,die Aufklärungsprotokolle,consent documentation,Das Aufklärungsprotokoll wurde am Vortag der Operation unterschrieben.,noun,consent,c1;medical,C1_lesson_14
C1_v366,C1,Sekundärheilung,die,,secondary healing,Die Sekundärheilung der Wunde erforderte regelmäßige Verbandswechsel.,noun,clinical-communication,c1;medical,C1_lesson_14
C1_v367,C1,Physiotherapie,die,,physiotherapy,Die Physiotherapie begann am ersten postoperativen Tag.,noun,clinical-communication,c1;medical,C1_lesson_8
C1_v368,C1,Bewegungstraining,das,,movement training/exercise therapy,Das Bewegungstraining wurde von einem erfahrenen Physiotherapeuten angeleitet.,noun,clinical-communication,c1;medical,C1_lesson_8
C1_v369,C1,Muskelkräftigung,die,,muscle strengthening,Die Muskelkräftigung ist entscheidend für die Wiederherstellung der Gelenkfunktion.,noun,clinical-communication,c1;medical,C1_lesson_8
C1_v370,C1,Gangschule,die,,gait training,In der Gangschule wurde das Gehen mit Unterarmgehstützen geübt.,noun,clinical-communication,c1;medical,C1_lesson_8
C1_v371,C1,Ergotherapie,die,,occupational therapy,"Die Ergotherapie half dem Patienten, alltägliche Handgriffe wieder zu erlernen.",noun,clinical-communication,c1;medical,C1_lesson_8
C1_v372,C1,Heilungsprozess,der,die Heilungsprozesse,healing process,Der Heilungsprozess verlief nach Plan ohne Komplikationen.,noun,clinical-communication,c1;medical,C1_lesson_8
C1_v373,C1,Rehabilitationsdauer,die,die Rehabilitationsdauern,rehabilitation duration,Die Rehabilitationsdauer beträgt in der Regel sechs bis zwölf Wochen.,noun,clinical-communication,c1;medical,C1_lesson_8
C1_v374,C1,Belastungssteigerung,die,die Belastungssteigerungen,graduated load increase,Die Belastungssteigerung erfolgte nach einem standardisierten Stufenplan.,noun,clinical-communication,c1;medical,C1_lesson_8
C1_v375,C1,Chefarzt,der,die Chefärzte,chief physician,Der Chefarzt leitet die Visite persönlich.,noun,administration,c1;medical,C1_lesson_3
C1_v376,C1,Oberarzt,der,die Oberärzte,senior physician,Der Oberarzt übernahm die Einweisung des neuen Assistenzarztes.,noun,administration,c1;medical,C1_lesson_3
C1_v377,C1,Assistenzarzt,der,die Assistenzärzte,resident physician,Der Assistenzarzt dokumentierte die Aufnahmeuntersuchung im Arztbrief.,noun,administration,c1;medical,C1_lesson_3
C1_v378,C1,Stationsarzt,der,die Stationsärzte,ward physician,Der Stationsarzt ist für die tägliche Betreuung der Patienten verantwortlich.,noun,administration,c1;medical,C1_lesson_3
C1_v379,C1,Frühbesprechung,die,die Frühbesprechungen,morning briefing,In der Frühbesprechung werden die Neuaufnahmen und die Diensträume besprochen.,noun,administration,c1;medical,C1_lesson_3
C1_v380,C1,Übergabe,die,die Übergaben,handover,Die Übergabe an den Nachtdienst erfolgt um siebzehn Uhr.,noun,administration,c1;medical,C1_lesson_3
C1_v381,C1,Schichtdienst,der,Schichtdienste,shift work,Der Schichtdienst ist für Assistenzärzte in der Klinik obligatorisch.,noun,administration,c1;medical,C1_lesson_3
C1_v382,C1,Bereitschaftsdienst,der,die Bereitschaftsdienste,on-call duty,Der Bereitschaftsdienst am Wochenende wird im Rotationssystem organisiert.,noun,administration,c1;medical,C1_lesson_3
C1_v383,C1,Dokumentationspflicht,die,,duty to document,Die Dokumentationspflicht ergibt sich aus der ärztlichen Berufsordnung.,noun,administration,c1;medical,C1_lesson_3
C1_v384,C1,Kurvenverlauf,der,die Kurvenverläufe,chart progression,Der Kurvenverlauf zeigte einen kontinuierlichen Temperaturanstieg.,noun,clinical-communication,c1;medical,C1_lesson_3
C1_v385,C1,Pflegebericht,der,die Pflegeberichte,nursing report,Der Pflegebericht dokumentiert den Gesundheitszustand des Patienten aus pflegerischer Sicht.,noun,arztbrief,c1;medical,C1_lesson_3
C1_v386,C1,Arztbriefentwurf,der,die Arztbriefentwürfe,draft medical report,Der Arztbriefentwurf muss vor der Freigabe vom Oberarzt geprüft werden.,noun,arztbrief,c1;medical,C1_lesson_3
C1_v387,C1,Codierung,die,die Codierungen,coding/billing coding,Die Codierung der Diagnosen erfolgte nach ICD-10.,noun,administration,c1;medical,C1_lesson_3
C1_v388,C1,DRG-Kodierung,die,,DRG coding,Die DRG-Kodierung ist entscheidend für die Abrechnung des Krankenhausaufenthalts.,noun,administration,c1;medical,C1_lesson_3
C1_v389,C1,Eigenanamnese,die,die Eigenanamnesen,personal history,Die Eigenanamnese ergab keine relevanten Vorerkrankungen.,noun,clinical-communication,c1;medical,C1_lesson_3
C1_v390,C1,Sozialanamnese,die,die Sozialanamnesen,social history,Die Sozialanamnese umfasst Angaben zu Beruf Lebenssituation und sozialem Umfeld.,noun,clinical-communication,c1;medical,C1_lesson_3
C1_v391,C1,Medikamentenanamnese,die,die Medikamentenanamnesen,medication history,Die Medikamentenanamnese ergab eine Dauermedikation mit einem Betablocker.,noun,clinical-communication,c1;medical,C1_lesson_3
C1_v392,C1,Allergieanamnese,die,die Allergieanamnesen,allergy history,In der Allergieanamnese gab der Patient eine Penicillinallergie an.,noun,clinical-communication,c1;medical,C1_lesson_3
C1_v393,C1,Schmerzanamnese,die,die Schmerzanamnesen,pain history,Die Schmerzanamnese umfasste Angaben zur Lokalisation Qualität und Intensität.,noun,clinical-communication,c1;medical,C1_lesson_3
C1_v394,C1,vegetative Anamnese,die,die vegetativen Anamnesen,autonomic history,Die vegetative Anamnese ergab Nachtschweiß und ungewollten Gewichtsverlust.,noun,clinical-communication,c1;medical,C1_lesson_3
C1_v395,C1,Medikamentenplan,der,die Medikamentenpläne,medication schedule,Der Medikamentenplan wurde nach der Entlassung aktualisiert.,noun,clinical-communication,c1;medical,C1_lesson_3
C1_v396,C1,Beschwerdeschilderung,die,die Beschwerdeschilderungen,symptom description,Die Beschwerdeschilderung des Patienten war präzise und gut nachvollziehbar.,noun,clinical-communication,c1;medical,C1_lesson_3
C1_v397,C1,Arbeitsdiagnose,die,die Arbeitsdiagnosen,working diagnosis,Die Arbeitsdiagnose lautete Pneumonie und wurde durch das Röntgen bestätigt.,noun,clinical-communication,c1;medical,C1_lesson_14
C1_v398,C1,Ausschlussdiagnose,die,die Ausschlussdiagnosen,diagnosis of exclusion,Die Ausschlussdiagnose erfolgte nach negativen Befunden in den bildgebenden Verfahren.,noun,clinical-communication,c1;medical,C1_lesson_14
C1_v399,C1,diagnostische Algorithmus,der,die diagnostischen Algorithmen,diagnostic algorithm,Der diagnostische Algorithmus sah bei diesem Befund eine MRT-Untersuchung vor.,noun,clinical-communication,c1;medical,C1_lesson_14
C1_v400,C1,Befundkonstellation,die,die Befundkonstellationen,constellation of findings,Die Befundkonstellation sprach eindeutig für eine bakterielle Infektion.,noun,clinical-communication,c1;medical,C1_lesson_14
C1_v401,C1,Verlaufsmarker,der,die Verlaufsmarker,progression marker,Der Verlaufsmarker CRP zeigte unter der Therapie einen deutlichen Rückgang.,noun,clinical-communication,c1;medical,C1_lesson_14
C1_v402,C1,Risikostratifizierung,die,die Risikostratifizierungen,risk stratification,Die Risikostratifizierung erfolgte anhand des Alters und der Komorbiditäten.,noun,risk-benefit,c1;medical,C1_lesson_14
C1_v403,C1,Stufendiagnostik,die,,stepwise diagnostics,Die Stufendiagnostik beginnt mit einfachen nicht-invasiven Verfahren.,noun,clinical-communication,c1;medical,C1_lesson_14
C1_v404,C1,Therapiealgorithmus,der,die Therapiealgorithmen,treatment algorithm,Der Therapiealgorithmus orientiert sich an der aktuellen Leitlinie.,noun,clinical-communication,c1;medical,C1_lesson_14
C1_v405,C1,Nutzen-Risiko-Verhältnis,das,die Nutzen-Risiko-Verhältnisse,benefit-risk ratio,Das Nutzen-Risiko-Verhältnis spricht für die Durchführung der Operation.,noun,risk-benefit,c1;medical,C1_lesson_13
C1_v406,C1,Erfolgswahrscheinlichkeit,die,die Erfolgswahrscheinlichkeiten,probability of success,Die Erfolgswahrscheinlichkeit des Eingriffs liegt bei über neunzig Prozent.,noun,risk-benefit,c1;medical,C1_lesson_13
C1_v407,C1,Komplikationswahrscheinlichkeit,die,die Komplikationswahrscheinlichkeiten,probability of complications,Die Komplikationswahrscheinlichkeit ist bei diesem minimalinvasiven Verfahren gering.,noun,risk-benefit,c1;medical,C1_lesson_13
C1_v408,C1,Therapiealternative,die,die Therapiealternativen,treatment alternative,Als Therapiealternative kommt eine konservative Behandlung in Betracht.,noun,risk-benefit,c1;medical,C1_lesson_13
C1_v409,C1,Patientenpräferenz,die,die Patientenpräferenzen,patient preference,Die Patientenpräferenz sollte in der Entscheidungsfindung berücksichtigt werden.,noun,risk-benefit,c1;medical,C1_lesson_13
C1_v410,C1,Lebenserwartung,die,,life expectancy,Die Lebenserwartung des Patienten ist durch die Grunderkrankung begrenzt.,noun,clinical-communication,c1;medical,C1_lesson_13
C1_v411,C1,Aufklärungsdefizit,das,die Aufklärungsdefizite,lack of informed consent,Ein Aufklärungsdefizit kann rechtliche Konsequenzen haben.,noun,consent,c1;medical,C1_lesson_13
C1_v412,C1,Fachvortrag,der,die Fachvorträge,expert lecture,Der Fachvortrag auf dem Kongress wurde mit großem Interesse aufgenommen.,noun,education,c1;medical,C1_lesson_1
C1_v413,C1,Fallpräsentation,die,die Fallpräsentationen,case presentation,Die Fallpräsentation im Rahmen der Morgenbesprechung war sehr lehrreich.,noun,education,c1;medical,C1_lesson_1
C1_v414,C1,Publikationsstrategie,die,die Publikationsstrategien,publication strategy,Die Publikationsstrategie sieht die Einreichung bei einem internationalen Journal vor.,noun,research,c1;medical,C1_lesson_1
C1_v415,C1,Forschungsergebnis,die,die Forschungsergebnisse,research result,Die Forschungsergebnisse wurden in einem Peer-Review-Journal veröffentlicht.,noun,research,c1;medical,C1_lesson_1
C1_v416,C1,Abstract,der,die Abstracts,abstract,Der Abstract wurde für den Kongress eingereicht und angenommen.,noun,research,c1;medical,C1_lesson_1
C1_v417,C1,Manuskript,das,die Manuskripte,manuscript,Das Manuskript wurde nach den Reviewerkommentaren überarbeitet.,noun,research,c1;medical,C1_lesson_1
C1_v418,C1,Revision,die,die Revisionen,revision,Nach der Revision wurde der Artikel endgültig angenommen.,noun,research,c1;medical,C1_lesson_1
C1_v419,C1,Begutachtung,die,die Begutachtungen,peer review/expert assessment,Die Begutachtung des Artikels erfolgte im Double-Blind-Verfahren.,noun,research,c1;medical,C1_lesson_1
C1_v420,C1,therapierefraktär,,,treatment-refractory,Der Patient war auf die Standardtherapie therapierefraktär.,other,,c1;medical,C1_lesson_4
C1_v421,C1,Rezidivprophylaxe,die,,relapse prevention,Die Rezidivprophylaxe umfasst eine medikamentöse Dauertherapie.,noun,clinical-communication,c1;medical,C1_lesson_4
C1_v422,C1,Früherkennung,die,,early detection,Die Früherkennung von Krebserkrankungen verbessert die Prognose erheblich.,noun,clinical-communication,c1;medical,C1_lesson_4
C1_v423,C1,Zytopenie,die,die Zytopenien,cytopenia,Die Zytopenie war eine Nebenwirkung der Chemotherapie.,noun,clinical-communication,c1;medical,C1_lesson_4
C1_v424,C1,Immunsuppression,die,,immunosuppression,Die Immunsuppression erhöht das Risiko für opportunistische Infektionen.,noun,clinical-communication,c1;medical,C1_lesson_4
C1_v425,C1,Therapieziel,das,die Therapieziele,treatment goal,Das Therapieziel wurde gemeinsam mit dem Patienten definiert.,noun,clinical-communication,c1;medical,C1_lesson_4
C1_v426,C1,stellen eine Indikation dar,,,constitute an indication,Die vorliegenden Befunde stellen eine Indikation für den operativen Eingriff dar.,other,clinical-communication,c1;medical,C1_lesson_1
C1_v427,C1,sich in Behandlung befinden,,,to be undergoing treatment,Der Patient befindet sich seit drei Tagen in stationärer Behandlung.,other,clinical-communication,c1;medical,C1_lesson_1
C1_v428,C1,zur Diskussion stellen,,,to put up for discussion,Die Studienergebnisse werden auf der nächsten Konferenz zur Diskussion gestellt.,other,clinical-communication,c1;medical,C1_lesson_1
C1_v429,C1,einen Stellenwert haben,,,to have significance,Die Prävention hat in der modernen Medizin einen hohen Stellenwert.,other,clinical-communication,c1;medical,C1_lesson_1
C1_v430,C1,Zweitmeinung,die,die Zweitmeinungen,second opinion,Der Patient wünschte eine Zweitmeinung vor der geplanten Operation.,noun,clinical-communication,c1;medical,C1_lesson_4
C1_v431,C1,Aufnahmezeitpunkt,der,die Aufnahmezeitpunkte,time of admission,Der Aufnahmezeitpunkt war um vierzehn Uhr dreißig.,noun,clinical-communication,c1;medical,C1_lesson_4
C1_v432,C1,Krankenhauseinweisung,die,die Krankenhauseinweisungen,hospital admission,Die Krankenhauseinweisung erfolgte durch den Hausarzt bei Verdacht auf Pneumonie.,noun,clinical-communication,c1;medical,C1_lesson_4
C1_v433,C1,Verlegungsbericht,der,die Verlegungsberichte,transfer report,Der Verlegungsbericht wurde an die aufnehmende Klinik gefaxt.,noun,arztbrief,c1;medical,C1_lesson_4
C1_v434,C1,Gentherapie,die,,gene therapy,Die Gentherapie ist ein vielversprechender Ansatz für seltene Erbkrankheiten.,noun,clinical-communication,c1;medical,C1_lesson_12
C1_v435,C1,EKT,die,,electroconvulsive therapy,Die EKT wurde bei therapierefraktärer Depression eingesetzt.,noun,clinical-communication,c1;medical,C1_lesson_12
C1_v436,C1,Angststörung,die,die Angststörungen,anxiety disorder,Die Angststörung wurde mit einer Kombination aus Medikation und Psychotherapie behandelt.,noun,psychology,c1;medical,C1_lesson_12
C1_v437,C1,Kongressteilnahme,die,die Kongressteilnahmen,conference attendance,Die Kongressteilnahme wurde vom Arbeitgeber finanziell unterstützt.,noun,education,c1;medical,C1_lesson_1
C1_v438,C1,Fortbildungsveranstaltung,die,die Fortbildungsveranstaltungen,continuing education event,Die Fortbildungsveranstaltung wurde mit drei CME-Punkten zertifiziert.,noun,education,c1;medical,C1_lesson_1
C1_v439,C1,ärztliche Schweigepflicht,die,,medical confidentiality,Die ärztliche Schweigepflicht gilt auch gegenüber Familienangehörigen.,noun,ethics,c1;medical,C1_lesson_1
C1_v440,C1,Elektrokardiogramm,das,die Elektrokardiogramme,electrocardiogram,Das Elektrokardiogramm zeigte einen Sinusrhythmus ohne Ischämiezeichen.,noun,clinical-communication,c1;medical,C1_lesson_14
C1_v441,C1,Echokardiographie,die,Echokardiographien,echocardiography,Die Echokardiographie ergab eine reduzierte linksventrikuläre Funktion.,noun,clinical-communication,c1;medical,C1_lesson_14
C1_v442,C1,Lungenfunktionsprüfung,die,die Lungenfunktionsprüfungen,pulmonary function test,Die Lungenfunktionsprüfung zeigte eine obstruktive Ventilationsstörung.,noun,clinical-communication,c1;medical,C1_lesson_14
C1_v443,C1,Prüfungssimulation,die,die Prüfungssimulationen,exam simulation,Die Prüfungssimulation bereitet auf die Fachsprachprüfung vor.,noun,education,c1;medical,C1_lesson_3
C1_v444,C1,Prüfungsgespräch,das,die Prüfungsgespräche,exam interview,Das Prüfungsgespräch wird von zwei Fachärzten durchgeführt.,noun,education,c1;medical,C1_lesson_3
C1_v445,C1,Anamnesetechnik,die,,history-taking technique,Die Anamnesetechnik folgt einem strukturierten Schema.,noun,education,c1;medical,C1_lesson_3
C1_v446,C1,Untersuchungsablauf,der,die Untersuchungsabläufe,examination procedure,Der Untersuchungsablauf wurde systematisch dokumentiert.,noun,education,c1;medical,C1_lesson_3
C1_v447,C1,Befundinterpretation,die,die Befundinterpretationen,finding interpretation,Die Befundinterpretation erfordert klinische Erfahrung.,noun,education,c1;medical,C1_lesson_3
C1_v448,C1,ärztliche Gesprächsführung,die,,physician communication skills,Die ärztliche Gesprächsführung ist ein zentraler Bestandteil der Fachsprachprüfung.,noun,education,c1;medical,C1_lesson_3
C1_v449,C1,Untersuchungslagerung,die,die Untersuchungslagerungen,examination positioning,Die Untersuchungslagerung erfolgte in Rückenlage mit leicht gebeugten Knien.,noun,education,c1;medical,C1_lesson_14
C1_v450,C1,Funktionsdefizit,das,die Funktionsdefizite,functional deficit,Das Funktionsdefizit des Schultergelenks äußerte sich in einer eingeschränkten Abduktion.,noun,clinical-communication,c1;medical,C1_lesson_14
C1_v451,C1,Schmerzskala,die,die Schmerzskalen,pain scale,Auf der Schmerzskala gab der Patient einen Wert von sieben von zehn an.,noun,clinical-communication,c1;medical,C1_lesson_14
C1_v452,C1,Gehstrecke,die,die Gehstrecken,walking distance,Die Gehstrecke des Patienten war auf zweihundert Meter begrenzt.,noun,clinical-communication,c1;medical,C1_lesson_14
C1_v453,C1,Bewegungseinschränkung,die,die Bewegungseinschränkungen,restricted movement,Die Bewegungseinschränkung betraf vor allem die Rotation und Abduktion.,noun,clinical-communication,c1;medical,C1_lesson_14
C1_v454,C1,Schmerzmedikation,die,die Schmerzmedikationen,pain medication,Die Schmerzmedikation wurde nach dem WHO-Stufenschema angepasst.,noun,clinical-communication,c1;medical,C1_lesson_14
C1_v455,C1,Serombildung,die,die Serombildungen,seroma formation,Die Serombildung im Wundbereich wurde sonographisch bestätigt.,noun,clinical-communication,c1;medical,C1_lesson_14
C1_v456,C1,Wundinfekt,der,die Wundinfekte,wound infection,Der Wundinfekt wurde durch eine gezielte Antibiose behandelt.,noun,clinical-communication,c1;medical,C1_lesson_14
C1_v457,C1,Thromboserisiko,das,die Thromboserisiken,thrombosis risk,Das Thromboserisiko wurde durch eine prophylaktische Antikoagulation gesenkt.,noun,clinical-communication,c1;medical,C1_lesson_14
C1_v458,C1,Anastomoseninsuffizienz,die,die Anastomoseninsuffizienzen,anastomotic leak,Die Anastomoseninsuffizienz machte eine operative Revision erforderlich.,noun,clinical-communication,c1;medical,C1_lesson_14
C1_v459,C1,Zusammenfassung,die,die Zusammenfassungen,summary,Die Zusammenfassung des Arztbriefes fasst die wesentlichen Befunde zusammen.,noun,arztbrief,c1;medical,C1_lesson_3
C1_v460,C1,Epikrise,die,die Epikrisen,epicrisis/discharge summary,Die Epikrise enthält die abschließende Beurteilung des Krankheitsverlaufs.,noun,arztbrief,c1;medical,C1_lesson_3
C1_v461,C1,Weiterbehandlungsempfehlung,die,die Weiterbehandlungsempfehlungen,follow-up treatment recommendation,Die Weiterbehandlungsempfehlung umfasst Medikation und Kontrolltermine.,noun,arztbrief,c1;medical,C1_lesson_3
C1_v462,C1,Dokumentationsrichtlinie,die,die Dokumentationsrichtlinien,documentation guideline,Die Dokumentationsrichtlinie schreibt die vollständige Erfassung aller Befunde vor.,noun,arztbrief,c1;medical,C1_lesson_3
C1_v463,C1,Konsilanforderung,die,die Konsilanforderungen,consultation request,Die Konsilanforderung an die Neurologie wurde noch am selben Tag bearbeitet.,noun,arztbrief,c1;medical,C1_lesson_3
C1_v464,C1,Entscheidungshilfe,die,die Entscheidungshilfen,decision aid,Die Entscheidungshilfe unterstützt den Patienten bei der Wahl der Therapie.,noun,clinical-communication,c1;medical,C1_lesson_13
C1_v465,C1,Beratungsgespräch,das,die Beratungsgespräche,counseling session,Das Beratungsgespräch dauerte etwa dreißig Minuten.,noun,clinical-communication,c1;medical,C1_lesson_13
C1_v466,C1,Patienteninformation,die,die Patienteninformationen,patient information,Die Patienteninformation wurde in leichter Sprache verfasst.,noun,clinical-communication,c1;medical,C1_lesson_13
C1_v467,C1,Bedenken,das,,concerns/hesitations,Die Bedenken des Patienten wurden ernst genommen und besprochen.,noun,psychology,c1;medical,C1_lesson_13
C1_v468,C1,Therapiemotivation,die,,motivation for treatment,Die Therapiemotivation des Patienten war trotz der langen Behandlungsdauer hoch.,noun,psychology,c1;medical,C1_lesson_13
C1_v469,C1,Abgrenzungskriterium,das,die Abgrenzungskriterien,distinguishing criterion,Das Abgrenzungskriterium zwischen den beiden Erkrankungen ist der zeitliche Verlauf.,noun,clinical-communication,c1;medical,C1_lesson_14
C1_v470,C1,Befundzusammenhang,der,die Befundzusammenhänge,context of findings,Der Befundzusammenhang spricht für eine systemische Erkrankung.,noun,clinical-communication,c1;medical,C1_lesson_14
C1_v471,C1,Leitsymptom,das,die Leitsymptome,leading symptom,Das Leitsymptom war eine progrediente Belastungsdyspnoe.,noun,clinical-communication,c1;medical,C1_lesson_14
C1_v472,C1,Symptomkonstellation,die,die Symptomkonstellationen,symptom constellation,Die Symptomkonstellation ist typisch für eine Lungenembolie.,noun,clinical-communication,c1;medical,C1_lesson_14
C1_v473,C1,Verständnisfrage,die,die Verständnisfragen,comprehension question,Der Arzt ermutigte den Patienten Verständnisfragen zu stellen.,noun,education,c1;medical,C1_lesson_13
C1_v474,C1,Risikowahrnehmung,die,,risk perception,Die Risikowahrnehmung von Patienten weicht häufig von der statistischen Realität ab.,noun,psychology,c1;medical,C1_lesson_13
C1_v475,C1,Powerpoint-Präsentation,die,die Powerpoint-Präsentationen,PowerPoint presentation,Die Powerpoint-Präsentation enthielt eine übersichtliche Zusammenfassung der Ergebnisse.,noun,education,c1;medical,C1_lesson_1
C1_v476,C1,Diskussionsbeitrag,der,die Diskussionsbeiträge,discussion contribution,Der Diskussionsbeitrag des Kollegen warf eine wichtige Frage auf.,noun,education,c1;medical,C1_lesson_1
C1_v477,C1,Fragerunde,die,die Fragerunden,Q&A session,In der Fragerunde wurden kritische Aspekte der Studie hinterfragt.,noun,education,c1;medical,C1_lesson_1
C1_v478,C1,Handout,das,die Handouts,handout,Das Handout fasst die Kernaussagen des Vortrags zusammen.,noun,education,c1;medical,C1_lesson_1
C1_v479,C1,Ergebnisdiskussion,die,die Ergebnisdiskussionen,discussion of results,Die Ergebnisdiskussion ordnet die Befunde in den Forschungskontext ein.,noun,education,c1;medical,C1_lesson_1
C1_v480,C1,Zusammenarbeit,die,,collaboration,Die interdisziplinäre Zusammenarbeit verbessert die Patientenversorgung.,noun,workplace,c1;medical,C1_lesson_1
C1_v481,C1,demgemäß,,,accordingly,Demgemäß wurde die Therapie umgestellt.,other,connectors,c1,C1_lesson_7
C1_v482,C1,gleichermaßen,,,equally/likewise,Die Ergebnisse sind gleichermaßen für Klinik und Forschung relevant.,other,connectors,c1,C1_lesson_7
C1_v483,C1,infolge,,,as a result of,Infolge der Komplikation verlängerte sich der Krankenhausaufenthalt.,other,connectors,c1,C1_lesson_7
C1_v484,C1,unabhängig davon,,,independently of that,Unabhängig davon sollte die Lebensqualität des Patienten im Vordergrund stehen.,other,connectors,c1,C1_lesson_7
C1_v485,C1,dafür sprechen,,,to support/indicate,Die klinischen Befunde sprechen für eine bakterielle Genese.,other,argumentation,c1;medical,C1_lesson_7
C1_v486,C1,dagegen sprechen,,,to argue against,Gegen eine konservative Therapie spricht das fortgeschrittene Stadium.,other,argumentation,c1;medical,C1_lesson_7
C1_v487,C1,interdisziplinäre Zusammenarbeit,die,,interdisciplinary collaboration,Die interdisziplinäre Zusammenarbeit zwischen Chirurgie und Radiologie ist etabliert.,noun,clinical-communication,c1;medical,C1_lesson_8
C1_v488,C1,Tumorkonferenz,die,die Tumorkonferenzen,tumor board,In der Tumorkonferenz wurde das weitere Vorgehen besprochen.,noun,clinical-communication,c1;medical,C1_lesson_8
C1_v489,C1,Fallbesprechung,die,die Fallbesprechungen,case discussion,Die Fallbesprechung im interdisziplinären Team brachte neue Erkenntnisse.,noun,clinical-communication,c1;medical,C1_lesson_8
C1_v490,C1,fachärztliche Mitbehandlung,die,die fachärztlichen Mitbehandlungen,specialist co-treatment,Die fachärztliche Mitbehandlung durch einen Kardiologen wurde veranlasst.,noun,clinical-communication,c1;medical,C1_lesson_8
C1_v491,C1,Ausgangsbefund,der,die Ausgangsbefunde,baseline finding,Der Ausgangsbefund vor Therapiebeginn diente als Vergleichswert.,noun,arztbrief,c1;medical,C1_lesson_6
C1_v492,C1,Behandlungserfolg,der,die Behandlungserfolge,treatment outcome,Der Behandlungserfolg wurde anhand der Symptomrückbildung gemessen.,noun,clinical-communication,c1;medical,C1_lesson_6
C1_v493,C1,Verlaufskontrolle,die,die Verlaufskontrollen,follow-up monitoring,Die Verlaufskontrolle erfolgte nach drei und nach sechs Monaten.,noun,clinical-communication,c1;medical,C1_lesson_6
C1_v494,C1,Vergleichsstudie,die,die Vergleichsstudien,comparative study,Die Vergleichsstudie zeigte eine Überlegenheit der neuen Therapie.,noun,research,c1;medical,C1_lesson_6
C1_v495,C1,Studiendesign,das,die Studiendesigns,study design,Das Studiendesign war eine randomisierte kontrollierte Doppelblindstudie.,noun,research,c1;medical,C1_lesson_6
C1_v496,C1,Verbesserungsvorschlag,der,die Verbesserungsvorschläge,improvement suggestion,Der Verbesserungsvorschlag wurde im Qualitätszirkel diskutiert.,noun,clinical-communication,c1;medical,C1_lesson_6
C1_v497,C1,Lumbalpunktion,die,die Lumbalpunktionen,lumbar puncture,Die Lumbalpunktion wurde in Seitenlage durchgeführt.,noun,clinical-communication,c1;medical,C1_lesson_14
C1_v498,C1,Konsultationstermin,der,die Konsultationstermine,consultation appointment,Der Konsultationstermin wurde auf den nächsten Tag vorverlegt.,noun,clinical-communication,c1;medical,C1_lesson_3
C1_v499,C1,Restitutio ad integrum,die,,complete recovery,Eine Restitutio ad integrum war aufgrund der Vorschädigung nicht zu erwarten.,noun,clinical-communication,c1;medical,C1_lesson_14
C1_v500,C1,Langzeitverlauf,der,die Langzeitverläufe,long-term course,Der Langzeitverlauf der Erkrankung zeigte eine langsame Progression.,noun,clinical-communication,c1;medical,C1_lesson_14
C1_v501,C1,der Evidenzgrad,der,die Evidenzgrade,level of evidence,Der Evidenzgrad dieser Studie ist hoch.,noun,Research,c1;medical,C1_lesson_12
B2_v001,B2,die Biomarker-Stratifizierung,die,die Biomarker-Stratifizierungen,biomarker stratification,Die Biomarker-Stratifizierung verbessert die Therapieauswahl.,noun,Oncology,b2;medical,B2_lesson_6
A2_v916,A2,das Regal,der,die Regale,shelf,Danke für das Regal.,noun,Furniture,a2,A2_lesson_3